run,month,actual_mwh,adj_baseline_mwh,avoided_pct
M1 eemeter 全年,2025-01,276.7275340825055,243.88177426576888,-0.13467902599783085
M1 eemeter 全年,2025-02,267.6884429572239,228.2552533928998,-0.17275917630884527
M1 eemeter 全年,2025-03,264.8149138962043,186.5302065824744,-0.41968916856968314
M1 eemeter 全年,2025-04,309.5269486459319,262.5951128421684,-0.17872318831756645
M1 eemeter 全年,2025-05,306.05490606162914,274.8466688745845,-0.11354780945620732
M1 eemeter 全年,total,1424.8127456434945,1196.109015957896,-0.19120642569727866
M2 簡化版 全年,2025-01,276.7275340825055,258.13312449986535,-0.07203418630858373
M2 簡化版 全年,2025-02,267.6884429572239,232.2057293422116,-0.15280722708921576
M2 簡化版 全年,2025-03,264.8149138962043,233.04803514435645,-0.13631043373599167
M2 簡化版 全年,2025-04,309.5269486459319,327.92281867691827,0.056098170006005796
M2 簡化版 全年,2025-05,306.05490606162914,327.3514563900732,0.06505714244651789
M2 簡化版 全年,total,1424.8127456434945,1378.661164053425,-0.03347565217139976
M3 eemeter 01-08 起,2025-01,276.7275340825055,246.07714633630883,-0.12455601100114909
M3 eemeter 01-08 起,2025-02,267.6884429572239,230.17309923682149,-0.16298752480107798
M3 eemeter 01-08 起,2025-03,264.8149138962043,186.53020658247158,-0.4196891685697045
M3 eemeter 01-08 起,2025-04,309.5269486459319,262.59511284216177,-0.1787231883175963
M3 eemeter 01-08 起,2025-05,306.05490606162914,274.8466688745804,-0.1135478094562239
M3 eemeter 01-08 起,total,1424.8127456434945,1200.222233872344,-0.18712410538050234
M4 eemeter 去事件,2025-01,276.7275340825055,243.88177426577096,-0.1346790259978212
M4 eemeter 去事件,2025-02,267.6884429572239,228.25525339290476,-0.1727591763088197
M4 eemeter 去事件,2025-03,264.8149138962043,186.53020658247436,-0.41968916856968336
M4 eemeter 去事件,2025-04,309.5269486459319,262.5951128421684,-0.17872318831756645
M4 eemeter 去事件,2025-05,306.05490606162914,274.8466688745845,-0.11354780945620732
M4 eemeter 去事件,total,1424.8127456434945,1196.109015957903,-0.19120642569727164
