model,seg,temp,ridge,cv_h,nmbe_h,cv_m,nmbe_m,n,avoided_pct_2025
none/shared/ridge=0.001,none,shared,0.001,0.3790673578122642,0.00026685666972085684,0.22226681187115677,0.00029108248076554344,8591,
none/shared/ridge=1,none,shared,1.0,0.3790756696586838,0.0002878199439614332,0.22225111069395054,0.00031394884523490977,8591,
none/shared/ridge=10,none,shared,10.0,0.380643197972178,0.00043844517909813187,0.22216470137674998,0.00047824815675427863,8591,
none/occ/ridge=0.001,none,occ,0.001,0.36830798635218054,0.0017882453029290206,0.22551113798486075,0.001950585981375021,8591,
none/occ/ridge=1,none,occ,1.0,0.36822872076808255,0.001830787932370698,0.22555129149175634,0.001996990720402637,8591,
none/occ/ridge=10,none,occ,10.0,0.3685844277131232,0.002039679315397251,0.22599826302793566,0.002224845703549656,8591,
m3/shared/ridge=0.001,m3,shared,0.001,0.30933042502816,-5.961183083295296e-05,0.09879429356411383,-6.502351850519134e-05,8591,
m3/shared/ridge=1,m3,shared,1.0,0.3072860679000985,-0.0004315910798258948,0.09853717772281777,-0.0004707718279007723,8591,
m3/shared/ridge=10,m3,shared,10.0,0.3277200857734357,-0.0007772080771257505,0.09840646686772757,-0.0008477646648196617,8591,
m3/occ/ridge=0.001,m3,occ,0.001,0.3098426243198965,0.0002710069632812104,0.10128675400810123,0.00029560954672466766,8591,
m3/occ/ridge=1,m3,occ,1.0,0.30722729124894416,9.605380631904385e-05,0.10170108608773694,0.0001047737733502124,8591,
m3/occ/ridge=10,m3,occ,10.0,0.3123169895603456,0.0007069063454147691,0.10314907815196854,0.000771080793699031,8591,
OpenDSM CalTRACK,,,,0.3114533918399227,0.0023656729989474435,0.10637116274674323,0.0025804337809282657,8591,
OpenDSM HourlyModel,,,,0.3696313171984291,0.0024075282832624824,0.13819189438970653,0.0026260887761896594,8591,
2025 C0 none/shared/ridge=0.001,none,shared,0.001,,,,,3507,-0.03343226567111
2025 選定 m3/shared/ridge=1,m3,shared,1.0,,,,,3507,-0.20286517087528055
