b,fold,h,zero_frac,base,-hour,-dow,-month,-calendar
Bobcat_education_Angela,fold0,1,0.9180555555555555,0.2667822345207314,0.2621904873453712,0.24980258693866356,0.2522706922690243,0.2684343512700789
Bobcat_education_Angela,fold0,6,0.9180555555555555,0.4649615016100287,0.5516417449215546,0.49002241223866916,0.47136779348402114,0.5153813172568213
Bobcat_education_Angela,fold0,12,0.9180555555555555,0.5681791446438421,0.6288904363564787,0.5867073680943197,0.566447928726075,0.5888013927471046
Bobcat_education_Angela,fold0,18,0.9180555555555555,0.4702310054388716,0.4703678125851872,0.46296591132251597,0.4751326498784614,0.464342746550704
Bobcat_education_Angela,fold0,24,0.9180555555555555,0.5051235998549461,0.5125365156503797,0.5251148737418276,0.5102286935635603,0.5326091273799055
Bobcat_education_Angela,fold1,1,0.004166666666666667,0.3248858156786096,0.30981902105906994,0.32648657612522664,0.32933868341842626,0.30147177061790514
Bobcat_education_Angela,fold1,6,0.004166666666666667,0.5878309412110155,0.6630342797348278,0.5713457681154542,0.6114656424677909,0.62700894489177
Bobcat_education_Angela,fold1,12,0.004166666666666667,0.6302919405051084,0.6731286504900201,0.6239491778587735,0.7176635829146814,0.6774393928429755
Bobcat_education_Angela,fold1,18,0.004166666666666667,0.5804605498649069,0.6219346555736209,0.6203568730840369,0.5692171581482225,0.5555524093313882
Bobcat_education_Angela,fold1,24,0.004166666666666667,0.6875992753473994,0.6606307683136796,0.6537982639460354,0.5430520310224136,0.4823961597025001
Bobcat_education_Angela,fold2,1,0.48055555555555557,0.20824739880772272,0.21602154441157206,0.1931124416102782,0.19494741235889446,0.2149755582050999
Bobcat_education_Angela,fold2,6,0.48055555555555557,0.2666046991975666,0.3158257687803213,0.26439345540846304,0.2676555397625117,0.31924770855390494
Bobcat_education_Angela,fold2,12,0.48055555555555557,0.33172585544614136,0.3567867555090742,0.3331511093695357,0.3407262371654488,0.3595602849364218
Bobcat_education_Angela,fold2,18,0.48055555555555557,0.3653390083325401,0.4023656091956143,0.38131583906404337,0.3935024155438679,0.3959798680373242
Bobcat_education_Angela,fold2,24,0.48055555555555557,0.4324441686405225,0.44257341089391106,0.42002569067421924,0.38878133211356036,0.39026510923191265
Bobcat_education_Angela,fold3,1,0.0,0.8223202697170781,0.8471572630439876,0.8333507946293511,0.8031290674815292,0.8083474957359585
Bobcat_education_Angela,fold3,6,0.0,1.1915996243048605,1.2333757881751994,1.1677199348862943,1.1585421677433532,1.1365382248902811
Bobcat_education_Angela,fold3,12,0.0,1.1440745551694127,1.1499735845965535,1.137040991556755,1.1560419572657994,1.1086967061035544
Bobcat_education_Angela,fold3,18,0.0,1.12676880977582,1.2178129015488512,1.1709688429071432,1.0910142150836157,1.04301003074305
Bobcat_education_Angela,fold3,24,0.0,1.413468516809344,1.2971472109620363,1.39850715185794,1.1618710687986846,1.1963477724463862
Bobcat_other_Howard,fold0,1,0.9222222222222223,0.27714005349955856,0.3150578237612782,0.27948967124161855,0.304904580280786,0.3219722516964973
Bobcat_other_Howard,fold0,6,0.9222222222222223,0.45598642453343813,0.4760633185855495,0.44934879762693497,0.5762372121799502,0.5175023822800425
Bobcat_other_Howard,fold0,12,0.9222222222222223,0.5116170287893791,0.6346756277100677,0.5589040047505893,0.6374336525736458,0.6964425072984772
Bobcat_other_Howard,fold0,18,0.9222222222222223,0.6604084703720994,0.7126063076914141,0.6828327377959039,0.7329026062886103,0.7526902521686892
Bobcat_other_Howard,fold0,24,0.9222222222222223,0.6806367995915241,0.6891118408177596,0.6710500397522022,0.7034257271852716,0.7662446073145431
Bobcat_other_Howard,fold1,1,0.0625,0.6553372305492566,0.6542290107900819,0.644918857927711,0.6642233378130292,0.669219099516701
Bobcat_other_Howard,fold1,6,0.0625,0.6473767729343325,0.6404469253711653,0.6312810875347288,0.6622540458760773,0.6888754901014105
Bobcat_other_Howard,fold1,12,0.0625,0.6481442414429535,0.6549579885006349,0.6453655889174746,0.680115608500171,0.6641720989550542
Bobcat_other_Howard,fold1,18,0.0625,0.6312021492382414,0.6123158255862784,0.630515191760237,0.6798827791517483,0.6549129471393953
Bobcat_other_Howard,fold1,24,0.0625,0.638192090261064,0.6620266531245643,0.6707255332776266,0.7117447612731025,0.7136171917600896
Bobcat_other_Howard,fold2,1,0.48194444444444445,0.5512527690097826,0.6003175328590168,0.5640937608018763,0.5588150109417123,0.5534241224635755
Bobcat_other_Howard,fold2,6,0.48194444444444445,0.6060198253966085,0.6231177022408333,0.6416395834674645,0.6066451457492293,0.6062655043962604
Bobcat_other_Howard,fold2,12,0.48194444444444445,0.6243858569564795,0.657357466971131,0.6414494452016992,0.6269320090997876,0.605986033349587
Bobcat_other_Howard,fold2,18,0.48194444444444445,0.6808701522326043,0.68008194775469,0.6779457799855043,0.6524047294680273,0.6793391526593872
Bobcat_other_Howard,fold2,24,0.48194444444444445,0.7223222190964459,0.6934427278493034,0.7316563567008526,0.6923884294121315,0.7368396935379313
Bobcat_other_Howard,fold3,1,0.001388888888888889,0.6704338755881231,0.6533612045020524,0.6826250812261533,0.7058152440226633,0.656342297058055
Bobcat_other_Howard,fold3,6,0.001388888888888889,0.7347032691688316,0.6957000296995653,0.7373504520721421,0.7303073577665256,0.6861306426245521
Bobcat_other_Howard,fold3,12,0.001388888888888889,0.7236351833425009,0.7158936289739778,0.7294764687954908,0.722061778677208,0.7116394601231733
Bobcat_other_Howard,fold3,18,0.001388888888888889,0.7386534095912595,0.708819496873194,0.7341056071020018,0.7291578641961016,0.6988439284456512
Bobcat_other_Howard,fold3,24,0.001388888888888889,0.7195544916177281,0.7295168888873398,0.7354579511202577,0.7429011515279706,0.7277647273729941
Bull_assembly_Brandon,fold0,1,0.001388888888888889,0.37385409773495015,0.3591715420625462,0.37535787330921894,0.36511410099936514,0.3663646141346533
Bull_assembly_Brandon,fold0,6,0.001388888888888889,0.3764255776301446,0.4166748179693997,0.37204617807234114,0.3737521067989388,0.4140702005984435
Bull_assembly_Brandon,fold0,12,0.001388888888888889,0.3890030408694261,0.4110973748426779,0.38639344729319036,0.3848636075901008,0.40596905499349484
Bull_assembly_Brandon,fold0,18,0.001388888888888889,0.3745343953531433,0.41106862556527934,0.3916706358476915,0.3878741538079144,0.4006974538360068
Bull_assembly_Brandon,fold0,24,0.001388888888888889,0.3980484359090476,0.39668185543395396,0.3981427668434221,0.37994238421011506,0.3929999878210957
Bull_assembly_Brandon,fold1,1,0.0,0.3946993702772259,0.43783017866540286,0.3705993204735579,0.3741008163372142,0.4477651347516518
Bull_assembly_Brandon,fold1,6,0.0,0.42696943926605146,0.5078797729845832,0.4203549377299577,0.4324303338731545,0.5202069373903024
Bull_assembly_Brandon,fold1,12,0.0,0.4418012115587576,0.5208014053672256,0.4321684603443532,0.44056723650152835,0.50913656030536
Bull_assembly_Brandon,fold1,18,0.0,0.4465505435398594,0.516896311586726,0.44743431751910756,0.4610951271198682,0.5188822723264633
Bull_assembly_Brandon,fold1,24,0.0,0.46296604933133445,0.4894163533572589,0.4530800168432574,0.458369490278276,0.4862714310843949
Bull_assembly_Brandon,fold2,1,0.0,0.48070071998118485,0.6096553747124426,0.49344631690111435,0.49441572857817984,0.6161945187107152
Bull_assembly_Brandon,fold2,6,0.0,0.5906773451040815,0.6234840870886457,0.5700588194086008,0.6001933420027231,0.6442795175819459
Bull_assembly_Brandon,fold2,12,0.0,0.6541052883634142,0.72150676266535,0.6407419156680025,0.6603969441704604,0.715372375366064
Bull_assembly_Brandon,fold2,18,0.0,0.6993558676649259,0.8024897397276832,0.7092354958216415,0.6720164290684706,0.7820358328460681
Bull_assembly_Brandon,fold2,24,0.0,0.847816270668708,0.7928071982470569,0.7772089586962627,0.7587003831789535,0.7684012203131579
Bull_assembly_Brandon,fold3,1,0.0,0.4682070581595442,0.5406639061464446,0.48036528140716583,0.4163386576240126,0.4677115038303648
Bull_assembly_Brandon,fold3,6,0.0,0.5995647835462413,0.6579775541367356,0.5930559112231746,0.5434890195265495,0.5726154101935313
Bull_assembly_Brandon,fold3,12,0.0,0.6464894414530443,0.6579838643041301,0.6309150907825185,0.5727146502719098,0.5913356542624304
Bull_assembly_Brandon,fold3,18,0.0,0.6380835994477486,0.7080810266457135,0.648371106612466,0.5565038840675826,0.5953228933529767
Bull_assembly_Brandon,fold3,24,0.0,0.7020730959421534,0.6860409798949189,0.6680784957976655,0.6173032210175958,0.6632308813569998
Bull_education_Linnie,fold0,1,0.0,0.2587831235389534,0.29913140163797824,0.2741507762331738,0.2573358648257088,0.30509150741593877
Bull_education_Linnie,fold0,6,0.0,0.3733382437648905,0.39698734548377546,0.39776573579534025,0.3748067842987556,0.40735563164334326
Bull_education_Linnie,fold0,12,0.0,0.3957791446547023,0.409683254484123,0.4027941239379751,0.3821566067512396,0.4270728912966878
Bull_education_Linnie,fold0,18,0.0,0.34453168062265543,0.39813936041161085,0.3704069406020018,0.36231842094360533,0.41222504513851066
Bull_education_Linnie,fold0,24,0.0,0.3700181358785968,0.3726003882481028,0.39106089106849107,0.36259406493733676,0.4160652798693874
Bull_education_Linnie,fold1,1,0.0,0.19575552297794377,0.25239650962992893,0.22340164410895186,0.19576462601792072,0.289714505062221
Bull_education_Linnie,fold1,6,0.0,0.2314610275269732,0.3121771587333048,0.28851256104760514,0.2572543447568426,0.3554987061706091
Bull_education_Linnie,fold1,12,0.0,0.24947255155566375,0.3264184199248722,0.31469986257728255,0.26877506069590523,0.36942046165540837
Bull_education_Linnie,fold1,18,0.0,0.24424766224978564,0.3081222549145671,0.2973377275800918,0.2577097032014364,0.3609617812433376
Bull_education_Linnie,fold1,24,0.0,0.26528667327941796,0.31581808884768214,0.3162126741410731,0.2843119101746498,0.35961198982344994
Bull_education_Linnie,fold2,1,0.0,0.19136696695396152,0.2504480464926402,0.21938003316565655,0.1925924933684238,0.26886781920591046
Bull_education_Linnie,fold2,6,0.0,0.2804992936196664,0.3459677539038076,0.3510127741875667,0.276791135074404,0.4072060891196566
Bull_education_Linnie,fold2,12,0.0,0.28608690568670797,0.352604661064286,0.36497502198783155,0.28156284703797013,0.4165714035638791
Bull_education_Linnie,fold2,18,0.0,0.29918106886715384,0.35590574292746435,0.3663581782517491,0.29479073952637924,0.40423967741164096
Bull_education_Linnie,fold2,24,0.0,0.3303225960354369,0.3610182818053804,0.3910113143273387,0.3184919506061326,0.4007578463483672
Bull_education_Linnie,fold3,1,0.0,0.19065651693308885,0.2562847885542705,0.2346789434507958,0.19750637677311034,0.2852806711847065
Bull_education_Linnie,fold3,6,0.0,0.20881868050748037,0.31053007950857764,0.29116081027036617,0.21885951085836225,0.3802340634773367
Bull_education_Linnie,fold3,12,0.0,0.23883847898763813,0.3316844740847289,0.3449709693225749,0.25189603538187494,0.43137414957360215
Bull_education_Linnie,fold3,18,0.0,0.24323208798374796,0.34343274440264254,0.37015947365329266,0.25161260613462105,0.43029494902863
Bull_education_Linnie,fold3,24,0.0,0.24103510317456014,0.2895456106593576,0.38144434929871135,0.25180707062987306,0.4011968332813374
Cockatoo_lodging_Aimee,fold0,1,0.018055555555555554,0.7982515768370042,0.8211790958062748,0.7845994559777927,0.7406846499955255,0.7395504569863413
Cockatoo_lodging_Aimee,fold0,6,0.018055555555555554,0.8759781550865474,0.8940440380874562,0.8378502387106723,0.6963740710372984,0.6967210348152677
Cockatoo_lodging_Aimee,fold0,12,0.018055555555555554,0.9571247197739087,0.911492347594636,0.9138351661691761,0.6797377919946697,0.6689388026144707
Cockatoo_lodging_Aimee,fold0,18,0.018055555555555554,0.8819728669300257,0.8481676744829733,0.8895817381494672,0.7011835985674518,0.7086974537760853
Cockatoo_lodging_Aimee,fold0,24,0.018055555555555554,0.8423931038757932,0.8827414282456211,0.8904548007770876,0.6959144811888821,0.6994165844361295
Cockatoo_lodging_Aimee,fold1,1,0.027777777777777776,0.9487100203543132,0.9640112910981508,0.9319356418877455,0.7747034599758995,0.7821287211651469
Cockatoo_lodging_Aimee,fold1,6,0.027777777777777776,1.2621561383411033,1.307151975886547,1.2070613948455464,0.9464906240838877,0.9536711507682685
Cockatoo_lodging_Aimee,fold1,12,0.027777777777777776,1.2381691486273618,1.362617647604404,1.2671492540724822,0.9147951464356459,0.9127133734817584
Cockatoo_lodging_Aimee,fold1,18,0.027777777777777776,1.1607634159621545,1.1737915039603626,1.171929289811033,0.9009559449304756,0.8560914033107512
Cockatoo_lodging_Aimee,fold1,24,0.027777777777777776,1.1328790336286891,1.198900963251683,1.2436654839804668,0.8001472573439322,0.8624997360374643
Cockatoo_lodging_Aimee,fold2,1,0.02638888888888889,0.5600579263565042,0.5487602215992545,0.5574407058037664,0.5530489767992474,0.5546687880762592
Cockatoo_lodging_Aimee,fold2,6,0.02638888888888889,0.6076582408855812,0.6213815021462051,0.6571454778113746,0.5515686627443399,0.5606836126573939
Cockatoo_lodging_Aimee,fold2,12,0.02638888888888889,0.6869398726803855,0.6959169601265974,0.6268164622781074,0.5674359452980363,0.5679594458557827
Cockatoo_lodging_Aimee,fold2,18,0.02638888888888889,0.7386797893437587,0.6578175262979284,0.7026928614784016,0.6068807318224633,0.5946418336059764
Cockatoo_lodging_Aimee,fold2,24,0.02638888888888889,0.7461803979114427,0.6676026995645575,0.7435047998677102,0.6128530419464703,0.6090545797409657
Cockatoo_lodging_Aimee,fold3,1,0.005555555555555556,0.4856517967649173,0.5230465655446891,0.5105193609338522,0.4752764367957878,0.5451167377636691
Cockatoo_lodging_Aimee,fold3,6,0.005555555555555556,0.6187088666445731,0.7135287471307382,0.655728792979679,0.5852452394189948,0.6837876434845103
Cockatoo_lodging_Aimee,fold3,12,0.005555555555555556,0.6254435112057722,0.6854675185374246,0.6792021930160436,0.5634933700318806,0.6294549228139986
Cockatoo_lodging_Aimee,fold3,18,0.005555555555555556,0.6090012052759499,0.6537107217446714,0.6757463207965804,0.5664625520080945,0.632586817350293
Cockatoo_lodging_Aimee,fold3,24,0.005555555555555556,0.5699335919254135,0.5742245035126669,0.6293415752927023,0.5309166573416139,0.5968547598056706
Eagle_education_Raul,fold0,1,0.0125,0.38659188498780717,0.39126030458659294,0.3991474201381808,0.39608218225224684,0.39894909167366155
Eagle_education_Raul,fold0,6,0.0125,0.559102434777402,0.5625671267955397,0.5648477804732703,0.5739997936817904,0.5565767620482162
Eagle_education_Raul,fold0,12,0.0125,0.6002386656557565,0.594948353547938,0.601380714565696,0.5992493771037462,0.5947510366280114
Eagle_education_Raul,fold0,18,0.0125,0.6129775033004434,0.5989697974803601,0.5980743964212917,0.6281645335628737,0.6105396119107588
Eagle_education_Raul,fold0,24,0.0125,0.655808754346997,0.6219641474091379,0.6179227805895482,0.6440399427385589,0.6211882790570993
Eagle_education_Raul,fold1,1,0.005555555555555556,0.2982894786049662,0.3092251977642115,0.30554005769394443,0.30130723859540576,0.30725395679512185
Eagle_education_Raul,fold1,6,0.005555555555555556,0.49669590431695854,0.5188040457845019,0.5054255089824987,0.4919480092964423,0.5161817411039368
Eagle_education_Raul,fold1,12,0.005555555555555556,0.5276869556477667,0.5407041617559474,0.5565498526020735,0.5419941751346645,0.5343349931382037
Eagle_education_Raul,fold1,18,0.005555555555555556,0.5316147554197466,0.5463465170228747,0.5541307446150445,0.541961357652383,0.5489364136827407
Eagle_education_Raul,fold1,24,0.005555555555555556,0.5346982085184819,0.5337024875452655,0.5404764242089565,0.5297172073309875,0.5345402691000765
Eagle_education_Raul,fold2,1,0.004166666666666667,0.24524855114760077,0.25909093247146386,0.23901991294387498,0.24616280807446425,0.2630370301778404
Eagle_education_Raul,fold2,6,0.004166666666666667,0.3638528973558783,0.41573231947834943,0.37006652902911513,0.38038220566568115,0.4166060583864205
Eagle_education_Raul,fold2,12,0.004166666666666667,0.4431534475425186,0.4573274856055173,0.43866106435776436,0.46425883288735303,0.475429331880245
Eagle_education_Raul,fold2,18,0.004166666666666667,0.43755297903933393,0.4215577482865686,0.424356261161226,0.4426177427911789,0.4615182026258891
Eagle_education_Raul,fold2,24,0.004166666666666667,0.4718027329551535,0.47898751325323474,0.45576374295026606,0.47736518082163765,0.496119964640842
Eagle_education_Raul,fold3,1,0.018055555555555554,0.23353869193032314,0.23848957693787837,0.23085356096829818,0.22999322390710386,0.23194127641412804
Eagle_education_Raul,fold3,6,0.018055555555555554,0.3741612589160559,0.3781705374946149,0.3746443465616727,0.3855841935683171,0.38443828578463096
Eagle_education_Raul,fold3,12,0.018055555555555554,0.506650110429871,0.5197344606870417,0.4959577021118076,0.5042698088624747,0.4984260834975458
Eagle_education_Raul,fold3,18,0.018055555555555554,0.5134727032397459,0.534136497003093,0.5240264379264067,0.5342163396507388,0.5279802690941215
Eagle_education_Raul,fold3,24,0.018055555555555554,0.5517033377872118,0.5686033793581496,0.5287077443683602,0.5674917456500388,0.5513942096700782
Eagle_health_Vincenza,fold0,1,0.5513888888888889,0.340647430351037,0.4386219158145999,0.3558942328011428,0.3530716186470743,0.4306866840554989
Eagle_health_Vincenza,fold0,6,0.5513888888888889,0.5731164787452968,0.7178191884870344,0.6109521192349836,0.5955412236424924,0.6915093381767241
Eagle_health_Vincenza,fold0,12,0.5513888888888889,0.6114879246363061,0.6744474193472335,0.6267437709905378,0.6229462970897587,0.6957553692732168
Eagle_health_Vincenza,fold0,18,0.5513888888888889,0.5834917869300749,0.6868993760332718,0.6015704100155239,0.610449653581074,0.6924407719130589
Eagle_health_Vincenza,fold0,24,0.5513888888888889,0.7003302973534107,0.7340503627591652,0.6786477310291105,0.6939639706982155,0.75860856467783
Eagle_health_Vincenza,fold1,1,0.42777777777777776,0.31821036868071906,0.38576342089398746,0.32590469270785516,0.31734067131353294,0.37689697623459806
Eagle_health_Vincenza,fold1,6,0.42777777777777776,0.5328661368998759,0.5774628256682496,0.5316449712456605,0.528914003866568,0.5669396932717728
Eagle_health_Vincenza,fold1,12,0.42777777777777776,0.5479595495189304,0.5641402973831038,0.5373838511188596,0.5436902902761266,0.5582578231246904
Eagle_health_Vincenza,fold1,18,0.42777777777777776,0.5495582163698185,0.5685443832323571,0.5311298566068876,0.547426577171687,0.5772438823393493
Eagle_health_Vincenza,fold1,24,0.42777777777777776,0.5312988378731012,0.5534045853490563,0.5265262458262453,0.5373704198841319,0.5621055767610849
Eagle_health_Vincenza,fold2,1,0.425,0.2220608943965638,0.28234558680306365,0.23132953138488646,0.22936160116098434,0.27097941739384374
Eagle_health_Vincenza,fold2,6,0.425,0.39592030734590195,0.5061712527301775,0.40834847295903814,0.3948209674821351,0.5256892275887111
Eagle_health_Vincenza,fold2,12,0.425,0.39164760886111577,0.44749604466713544,0.40045941707327226,0.4148923966535634,0.48079038403132923
Eagle_health_Vincenza,fold2,18,0.425,0.4131339430122366,0.45386172445977657,0.3970774025853367,0.4290402643713851,0.47399297152478737
Eagle_health_Vincenza,fold2,24,0.425,0.4336365088233834,0.4446890018401654,0.4355027884893014,0.44937724543374946,0.4679575054114123
Eagle_health_Vincenza,fold3,1,0.2902777777777778,0.23573608427136652,0.3747942573823934,0.2327561387199918,0.23652010184385913,0.3636144178237851
Eagle_health_Vincenza,fold3,6,0.2902777777777778,0.42268679031504436,0.5881063035315212,0.4281479053102885,0.4179674299856094,0.5713326320520006
Eagle_health_Vincenza,fold3,12,0.2902777777777778,0.4741599040389813,0.6407269202583448,0.4613388775301164,0.4796128316164701,0.6433667577075639
Eagle_health_Vincenza,fold3,18,0.2902777777777778,0.4625036531223183,0.5820965821658022,0.47165245290775704,0.48016016936561995,0.5971893414413431
Eagle_health_Vincenza,fold3,24,0.2902777777777778,0.45915714209336117,0.47937932999515204,0.4612631179650399,0.4730829522474643,0.4698265801827006
Fox_education_Theodore,fold0,1,0.0,0.5045187057616259,0.48856850750977077,0.5749436025416355,0.29249660354860785,0.27865521585829933
Fox_education_Theodore,fold0,6,0.0,2.1048487049115163,2.344795384819268,2.4529323791131294,0.41212640650680316,0.41028202346876913
Fox_education_Theodore,fold0,12,0.0,2.34289267220625,2.2409530772292383,2.77392840528999,0.7483465396006669,0.6515374524533943
Fox_education_Theodore,fold0,18,0.0,2.493176910877532,2.438592003981792,2.801298430577208,0.44010606739232405,0.48095320615030623
Fox_education_Theodore,fold0,24,0.0,1.6766313829289705,1.357371931077038,1.514730766719666,0.5200279179729842,0.5259973647442728
Fox_education_Theodore,fold1,1,0.001388888888888889,0.22382937257579116,0.2275507736674773,0.2298458010569458,0.22401345439127313,0.22257217660055337
Fox_education_Theodore,fold1,6,0.001388888888888889,0.4006288874835179,0.3741745933030845,0.36089885445893227,0.32769003158775906,0.349484508351003
Fox_education_Theodore,fold1,12,0.001388888888888889,0.35127013557564973,0.3702130472730283,0.36323114545929913,0.386072552250973,0.37256635992673925
Fox_education_Theodore,fold1,18,0.001388888888888889,0.3838565179293585,0.3868620044905612,0.4112077481295087,0.4151735847861758,0.38206836004389666
Fox_education_Theodore,fold1,24,0.001388888888888889,0.424098618780252,0.4594676480842488,0.47454489334547156,0.4414715818671965,0.44951101137456745
Fox_education_Theodore,fold2,1,0.0,0.22952798209843642,0.24161653552931348,0.22727435340015734,0.22367236980285454,0.24462225591880682
Fox_education_Theodore,fold2,6,0.0,0.3975674094103523,0.405056008729288,0.41245087449985185,0.41440976968666504,0.41187104049377876
Fox_education_Theodore,fold2,12,0.0,0.449964694778145,0.48205148217436844,0.47813616844879786,0.49013960494124137,0.4939346920878972
Fox_education_Theodore,fold2,18,0.0,0.4557658237965646,0.47435916580954124,0.47400732186738886,0.4633398902032281,0.48266356377541075
Fox_education_Theodore,fold2,24,0.0,0.43040184484298266,0.4309954522268429,0.4383083833810511,0.42203033319751027,0.4456383606782873
Fox_education_Theodore,fold3,1,0.004166666666666667,0.48379809147597885,0.49516247826654103,0.4800640974449399,0.48542919009768987,0.4921596786226905
Fox_education_Theodore,fold3,6,0.004166666666666667,0.8147428995668176,0.8062749903154652,0.861420113727303,0.8219861718879542,0.8229609447084105
Fox_education_Theodore,fold3,12,0.004166666666666667,0.8040876344940148,0.8793324363593809,0.8788896425602173,0.8579680886090258,0.8587973122731366
Fox_education_Theodore,fold3,18,0.004166666666666667,0.7438538180188335,0.7415930530099283,0.7798159493620714,0.7544629163375024,0.801750994520702
Fox_education_Theodore,fold3,24,0.004166666666666667,0.6898610395815937,0.7249440823526435,0.7528112135676174,0.7011900412394603,0.757995914325641
Fox_office_Essie,fold0,1,0.5194444444444445,0.38723680216596723,0.469255700300388,0.405658857057727,0.36458752936273553,0.46981859922140323
Fox_office_Essie,fold0,6,0.5194444444444445,0.5930639258228587,0.6964570362862089,0.7221666616905015,0.5823443410860035,0.7725596476760243
Fox_office_Essie,fold0,12,0.5194444444444445,0.6412438676753139,0.6562600344682619,0.7646951979386013,0.6028557789559719,0.7585463093395963
Fox_office_Essie,fold0,18,0.5194444444444445,0.6051474467014228,0.6410852001694342,0.6931032328341056,0.5806125472276815,0.6717755696656933
Fox_office_Essie,fold0,24,0.5194444444444445,0.5774064479253037,0.5940413643053373,0.681248768923216,0.56631154543699,0.7052828658258564
Fox_office_Essie,fold1,1,0.09305555555555556,0.46099219996341656,0.4953588163247879,0.5008913851497171,0.457569520408963,0.5096055323991647
Fox_office_Essie,fold1,6,0.09305555555555556,0.6279415247132587,0.6956970155575627,0.7198214415974693,0.6681745300023785,0.7723327570726921
Fox_office_Essie,fold1,12,0.09305555555555556,0.7556517949881447,0.8956949519252673,0.9107321740491275,0.7661090979911429,0.9651755324316084
Fox_office_Essie,fold1,18,0.09305555555555556,0.6962096326530183,0.7974522331234936,0.870293148399937,0.7188920846495523,0.9431583116530556
Fox_office_Essie,fold1,24,0.09305555555555556,0.6720172411035501,0.6818946111049676,0.8331217422243395,0.7375217927762616,0.8662340616938704
Fox_office_Essie,fold2,1,0.006944444444444444,0.36605859181033645,0.45200446053008364,0.41780444485598534,0.35437397761668643,0.4874160200319003
Fox_office_Essie,fold2,6,0.006944444444444444,0.4584929603744375,0.5747646431700568,0.6204237619771951,0.4763844374374847,0.7425436380417477
Fox_office_Essie,fold2,12,0.006944444444444444,0.5180301747181224,0.602688357546696,0.7423444444873122,0.5414602031381347,0.7950298133860055
Fox_office_Essie,fold2,18,0.006944444444444444,0.5274206882346293,0.6339626053799144,0.7566810488516176,0.5666298070143795,0.7849934294196002
Fox_office_Essie,fold2,24,0.006944444444444444,0.503271484761859,0.5525054387080838,0.7687515653770404,0.5348442884746172,0.7471482502525746
Fox_office_Essie,fold3,1,0.005555555555555556,0.6269295085385146,0.7890345828541232,0.7228186073657158,0.5876727040237729,0.8361562150182361
Fox_office_Essie,fold3,6,0.005555555555555556,0.7905411509355678,0.9797689278683209,1.0608612620161535,0.7512467180091362,1.1927163553164666
Fox_office_Essie,fold3,12,0.005555555555555556,0.9314547060119832,1.0267152913963444,1.2329241199619145,0.795469285411333,1.351954787288099
Fox_office_Essie,fold3,18,0.005555555555555556,0.8456746620703834,1.0316517344332294,1.2712096926810583,0.7835959477114901,1.2712314847509003
Fox_office_Essie,fold3,24,0.005555555555555556,0.857277810198618,0.8854125170556812,1.2289773598471696,0.8251523578503378,1.2207703587294947
Hog_education_Wayne,fold0,1,0.9305555555555556,2.4482502142625093,2.3101109741457795,2.2701989075961633,0.9240541429559829,0.8964809259244741
Hog_education_Wayne,fold0,6,0.9305555555555556,4.947998333150713,4.147460641634109,4.09989103006892,1.1925657215189716,1.2182779532409327
Hog_education_Wayne,fold0,12,0.9305555555555556,6.130095581866233,6.664550946010743,4.9489125212871965,1.3026908267672752,1.4045139457825493
Hog_education_Wayne,fold0,18,0.9305555555555556,3.7314497118615657,4.960322489133886,3.990399127901429,1.1946528877423572,1.251160321631653
Hog_education_Wayne,fold0,24,0.9305555555555556,4.405885077363521,5.028803309547681,4.198504199522607,1.0201270380093654,1.1768342823585638
Hog_education_Wayne,fold1,1,0.8527777777777777,4.463520953010271,4.095257425936565,4.198178772712628,3.7487154485322525,3.6103957963098097
Hog_education_Wayne,fold1,6,0.8527777777777777,7.650851747669376,6.138192318464376,7.122675353620216,5.728484461160743,5.81202023510157
Hog_education_Wayne,fold1,12,0.8527777777777777,7.872922647114613,10.914053289341933,8.383012937902215,5.5884247258354165,5.705619042216608
Hog_education_Wayne,fold1,18,0.8527777777777777,6.913967565237598,9.241884168185981,8.487033139675365,5.998896908620397,6.757489011966679
Hog_education_Wayne,fold1,24,0.8527777777777777,8.086155827474728,9.45071981796938,7.262461083864494,6.956040070214055,7.008221476356769
Hog_education_Wayne,fold2,1,0.8541666666666666,0.6920776001699086,0.6956679363279982,0.731185434631323,0.7142088220770226,0.6882232590085994
Hog_education_Wayne,fold2,6,0.8541666666666666,1.19843170813951,1.3109545180615358,1.2516954593247298,1.0905200912937931,1.0608580980731774
Hog_education_Wayne,fold2,12,0.8541666666666666,1.4145318041559705,1.1618465486415792,1.2790840730516388,1.100825840783452,1.1246867690760238
Hog_education_Wayne,fold2,18,0.8541666666666666,0.9102513582254086,0.8921284744606551,0.8856719247392246,0.8016283253004461,0.8754397862160059
Hog_education_Wayne,fold2,24,0.8541666666666666,0.8315570026710392,0.8386569569162519,0.7628748878116933,0.6647829271132347,0.7010751038760009
Hog_education_Wayne,fold3,1,0.07222222222222222,0.3433047394990023,0.3545661911433261,0.36489014056848995,0.32378701053997144,0.34816516653361745
Hog_education_Wayne,fold3,6,0.07222222222222222,0.5409960483753405,0.580057415939875,0.6056063833818764,0.4451460595284277,0.5231501530617011
Hog_education_Wayne,fold3,12,0.07222222222222222,0.5907164889933791,0.6206634817363966,0.6311656400741338,0.4532695298666944,0.4725932631322364
Hog_education_Wayne,fold3,18,0.07222222222222222,0.5297029779041971,0.5539884078661997,0.5809631854021526,0.43842943193157097,0.4757654322492529
Hog_education_Wayne,fold3,24,0.07222222222222222,0.49388368789978265,0.48902034569248404,0.5436581639530741,0.43172873714690907,0.4884190895819946
Hog_office_Bryan,fold0,1,0.6541666666666667,0.5002249841354506,0.9246347402830304,0.5649358523152169,0.49046009749079145,0.9685392349496704
Hog_office_Bryan,fold0,6,0.6541666666666667,0.922302460940535,2.0213267909443893,1.5163449126300104,0.8977316492873274,2.4656757206999007
Hog_office_Bryan,fold0,12,0.6541666666666667,1.1061421669633518,1.7187280071190767,2.2096359589513885,1.1720176323623277,2.4430278777274306
Hog_office_Bryan,fold0,18,0.6541666666666667,1.1102261926020975,2.0935166682491433,2.046795537516026,1.0604795248862315,2.4443767747329646
Hog_office_Bryan,fold0,24,0.6541666666666667,1.0806014054894193,1.2490255633767848,1.6846046950481037,1.0574103764147498,1.9079646219638133
Hog_office_Bryan,fold1,1,0.5888888888888889,0.588865559083085,1.0559029709113357,0.6907006397017942,0.5820008786252224,1.1045972739865475
Hog_office_Bryan,fold1,6,0.5888888888888889,0.9706316627332742,1.8486197451378512,1.7639872001934183,0.9674743230647728,2.5595789250463232
Hog_office_Bryan,fold1,12,0.5888888888888889,1.1315894562135527,1.601573748648512,2.480770953492616,1.0839638837760428,2.598613778057948
Hog_office_Bryan,fold1,18,0.5888888888888889,1.005602212725495,2.082813927055141,2.340097228918961,0.9898077520115423,2.9142065216053346
Hog_office_Bryan,fold1,24,0.5888888888888889,1.000782175962668,1.0336172959292145,1.7784222982491906,0.969046263560385,1.9374263645935605
Hog_office_Bryan,fold2,1,0.6111111111111112,0.4362092603163469,0.8145194693645265,0.4927055430402628,0.43197613462372747,0.8742828939869116
Hog_office_Bryan,fold2,6,0.6111111111111112,0.7299499949558116,1.3972486575049528,1.1379671738182693,0.7046709913746045,1.9112502181235773
Hog_office_Bryan,fold2,12,0.6111111111111112,0.8950472931249842,1.2510592900102357,1.9079193425562333,0.8889539120363723,1.9965913392128491
Hog_office_Bryan,fold2,18,0.6111111111111112,0.817245787410674,1.54602983439377,1.7652683449114406,0.8099824120141702,2.218553718119066
Hog_office_Bryan,fold2,24,0.6111111111111112,0.7512986443095008,0.9833918267717063,1.4271971208577583,0.7398051432708459,1.596910876711897
Hog_office_Bryan,fold3,1,0.12777777777777777,0.6835416224256307,1.5902855841724264,0.9027428987255806,0.6663491449782522,1.7460154720530594
Hog_office_Bryan,fold3,6,0.12777777777777777,1.3466536158602878,2.45871806132463,2.7283750267615465,1.2140580694672884,3.9162003209703076
Hog_office_Bryan,fold3,12,0.12777777777777777,1.4646711914838146,2.1366521468263837,3.427121561704336,1.5159603204409489,3.861128898345427
Hog_office_Bryan,fold3,18,0.12777777777777777,1.0562322123752188,2.5285188319667222,2.6570842976397278,0.9890084411698113,3.598141347882593
Hog_office_Bryan,fold3,24,0.12777777777777777,1.0273641159477345,1.1472750515261523,1.9649924327946409,0.9640932113791363,2.1078752851790084
Moose_education_Marlon,fold3,1,0.34305555555555556,1.0926800671837058,1.2441308902202783,0.9671314623441154,1.1562359152040302,1.1181016129358055
Moose_education_Marlon,fold3,6,0.34305555555555556,2.332959175189988,2.492777066226857,1.970332020686734,2.2896546004283787,1.933845155413691
Moose_education_Marlon,fold3,12,0.34305555555555556,2.3030074641476217,2.664767413839367,1.811539380881507,2.328160271962004,2.103788746360665
Moose_education_Marlon,fold3,18,0.34305555555555556,1.80944868123331,1.8770860637307276,1.6198869067694897,1.676357628870065,1.5034235477182856
Moose_education_Marlon,fold3,24,0.34305555555555556,1.6652729319550044,1.4191172929504017,1.3872867121835128,1.4168421299498541,1.385052765853247
