b,fold,h,zero_frac,base,+fed,+break,+both,break
Bobcat_education_Angela,fold0,1,0.9180555555555555,0.2667822345207314,0.24696022061228173,0.23940074660826297,0.24617136473152249,191
Bobcat_education_Angela,fold0,6,0.9180555555555555,0.4649615016100287,0.4455264074184617,0.4296130656535753,0.43776046573130467,186
Bobcat_education_Angela,fold0,12,0.9180555555555555,0.5681791446438421,0.5418986781982459,0.550836476275111,0.5725420674513699,180
Bobcat_education_Angela,fold0,18,0.9180555555555555,0.4702310054388716,0.4721644410859263,0.4903073172809012,0.5127083908796688,174
Bobcat_education_Angela,fold0,24,0.9180555555555555,0.5051235998549461,0.4954885002272991,0.4948614538299703,0.49343807924611127,168
Bobcat_education_Angela,fold1,1,0.004166666666666667,0.3248858156786096,0.3208495389516828,0.31623585993962355,0.3248163484424483,0
Bobcat_education_Angela,fold1,6,0.004166666666666667,0.5878309412110155,0.6031692341748809,0.6121386192308393,0.6172338185267836,0
Bobcat_education_Angela,fold1,12,0.004166666666666667,0.6302919405051084,0.6019057324903907,0.615762933101384,0.6334641639616075,0
Bobcat_education_Angela,fold1,18,0.004166666666666667,0.5804605498649069,0.6846671067937182,0.642279061672889,0.6883739438017245,0
Bobcat_education_Angela,fold1,24,0.004166666666666667,0.6875992753473994,0.7312227323549654,0.7145946688691472,0.7148658590418794,0
Bobcat_education_Angela,fold2,1,0.48055555555555557,0.20824739880772272,0.19075749490443733,0.19759119601867214,0.19624820611350283,0
Bobcat_education_Angela,fold2,6,0.48055555555555557,0.2666046991975666,0.26788378070679403,0.2602198754923965,0.2528022410813045,0
Bobcat_education_Angela,fold2,12,0.48055555555555557,0.33172585544614136,0.31306752064276877,0.31859076840884487,0.3301683595323865,0
Bobcat_education_Angela,fold2,18,0.48055555555555557,0.3653390083325401,0.37888597059476037,0.38448737207956174,0.36828978794765255,0
Bobcat_education_Angela,fold2,24,0.48055555555555557,0.4324441686405225,0.43279873584702866,0.41892189705003346,0.4133967002053191,0
Bobcat_education_Angela,fold3,1,0.0,0.8223202697170781,0.8218624670768937,0.8276310079466193,0.830823721145113,0
Bobcat_education_Angela,fold3,6,0.0,1.1915996243048605,1.1589352365141454,1.180015658241634,1.1192942590962591,0
Bobcat_education_Angela,fold3,12,0.0,1.1440745551694127,1.175904118866972,1.164173293977059,1.1236268780185463,0
Bobcat_education_Angela,fold3,18,0.0,1.12676880977582,1.2090966617857097,1.2332413143986758,1.186474622382696,0
Bobcat_education_Angela,fold3,24,0.0,1.413468516809344,1.410194281713024,1.422622247009138,1.5281999296293711,0
Bull_education_Linnie,fold0,1,0.0,0.2587831235389534,0.26243399749592894,0.2526733176268379,0.257263255037227,191
Bull_education_Linnie,fold0,6,0.0,0.3733382437648905,0.373731350338831,0.3660814513804639,0.36209580790831863,186
Bull_education_Linnie,fold0,12,0.0,0.3957791446547023,0.3748980613466639,0.38079892033541035,0.37419053828576,180
Bull_education_Linnie,fold0,18,0.0,0.34453168062265543,0.350917130868211,0.33282431910686944,0.3369880572109595,174
Bull_education_Linnie,fold0,24,0.0,0.3700181358785968,0.35977043116023133,0.36318013308467123,0.35118269736044483,168
Bull_education_Linnie,fold1,1,0.0,0.19575552297794377,0.19721389038189935,0.1968069052777679,0.19857502458453255,0
Bull_education_Linnie,fold1,6,0.0,0.2314610275269732,0.24557193830816665,0.24686027919892528,0.24741452668597547,0
Bull_education_Linnie,fold1,12,0.0,0.24947255155566375,0.2484194254447621,0.2488325257229896,0.24902638344085284,0
Bull_education_Linnie,fold1,18,0.0,0.24424766224978564,0.2328721180528939,0.24815204323504933,0.22915777507179574,0
Bull_education_Linnie,fold1,24,0.0,0.26528667327941796,0.2609009629879454,0.2651394480744576,0.2553526877615775,0
Bull_education_Linnie,fold2,1,0.0,0.19136696695396152,0.1954904208445804,0.1937604744532658,0.20101877651861608,0
Bull_education_Linnie,fold2,6,0.0,0.2804992936196664,0.29995892903691845,0.2847175292462009,0.2789868882986905,0
Bull_education_Linnie,fold2,12,0.0,0.28608690568670797,0.28739544307682213,0.28788617629567764,0.2888431008989542,0
Bull_education_Linnie,fold2,18,0.0,0.29918106886715384,0.2881453268841161,0.3006679874684716,0.29639468265501845,0
Bull_education_Linnie,fold2,24,0.0,0.3303225960354369,0.3334186289075664,0.33203473495021035,0.32215593194270786,0
Bull_education_Linnie,fold3,1,0.0,0.19065651693308885,0.1963605522070735,0.1928941754992739,0.19114523954023785,0
Bull_education_Linnie,fold3,6,0.0,0.20881868050748037,0.21112683911094537,0.20762493589735428,0.20813898666977462,0
Bull_education_Linnie,fold3,12,0.0,0.23883847898763813,0.23183090137352358,0.2320275018298222,0.24326189512702626,0
Bull_education_Linnie,fold3,18,0.0,0.24323208798374796,0.24841817440372965,0.24104995175006907,0.23841226661561715,0
Bull_education_Linnie,fold3,24,0.0,0.24103510317456014,0.24257073623041886,0.24898886743350604,0.23654687194957585,0
Bull_education_Krista,fold0,1,0.005555555555555556,0.3535761042622859,0.3727322641245434,0.37063164171158147,0.37703929382035445,191
Bull_education_Krista,fold0,6,0.005555555555555556,0.5530096279161298,0.5850123793426343,0.5500159443297024,0.5657134095790296,186
Bull_education_Krista,fold0,12,0.005555555555555556,0.6798165568939681,0.6674849875538766,0.6740118576635236,0.6727730722954042,180
Bull_education_Krista,fold0,18,0.005555555555555556,0.5831233984306834,0.5992587852749336,0.6287609857935126,0.5797796309612608,174
Bull_education_Krista,fold0,24,0.005555555555555556,0.6788257782417665,0.6205807364423411,0.6458764158432424,0.6640630097394711,168
Bull_education_Krista,fold1,1,0.0,0.33485816646199457,0.33450562646765064,0.3445245650279394,0.348498004005767,0
Bull_education_Krista,fold1,6,0.0,0.5189448930367517,0.5123825596441742,0.49521525023295615,0.49649374095806564,0
Bull_education_Krista,fold1,12,0.0,0.5213891478641461,0.5019895836470006,0.49718184979805446,0.5102172926829337,0
Bull_education_Krista,fold1,18,0.0,0.5189664662797528,0.5199707382839917,0.49356793182527725,0.5103947230126282,0
Bull_education_Krista,fold1,24,0.0,0.49047080962495027,0.470981554336463,0.4773735770137229,0.4655890693182403,0
Bull_education_Krista,fold2,1,0.0,0.2613821623286613,0.25405499800926956,0.25704316744248695,0.2525878861401313,0
Bull_education_Krista,fold2,6,0.0,0.2861640512978937,0.27985002494873995,0.2832688669168743,0.27377054572663906,0
Bull_education_Krista,fold2,12,0.0,0.29689436040827927,0.29191794980639996,0.2800699280125605,0.29694562449738354,0
Bull_education_Krista,fold2,18,0.0,0.31380182589673433,0.32182405820997156,0.2969734589592531,0.30053127095209226,0
Bull_education_Krista,fold2,24,0.0,0.34321407841869844,0.3314373571362131,0.33626430534114005,0.34695259944898,0
Bull_education_Krista,fold3,1,0.0,0.2282076416642986,0.22747405544073235,0.23585715507520788,0.23018653142214646,0
Bull_education_Krista,fold3,6,0.0,0.3486713242368008,0.34875952480042366,0.35533233379214885,0.36269425592269056,0
Bull_education_Krista,fold3,12,0.0,0.379011936264755,0.35658928795341294,0.3731093109008329,0.3702855729178624,0
Bull_education_Krista,fold3,18,0.0,0.37946024531780487,0.35567421407152366,0.3547943580574113,0.3568947193721769,0
Bull_education_Krista,fold3,24,0.0,0.35965389232022027,0.3474191173844521,0.3459292720804442,0.35127079727690275,0
Eagle_education_Raul,fold0,1,0.0125,0.38659188498780717,0.3935387589722503,0.394640296534625,0.40046385464085127,191
Eagle_education_Raul,fold0,6,0.0125,0.559102434777402,0.5612140860511325,0.5605508531973424,0.5604290075372387,186
Eagle_education_Raul,fold0,12,0.0125,0.6002386656557565,0.6116410516859014,0.5999517504082268,0.5961539180556794,180
Eagle_education_Raul,fold0,18,0.0125,0.6129775033004434,0.6273447757078707,0.6102939530783719,0.6199167650935213,174
Eagle_education_Raul,fold0,24,0.0125,0.655808754346997,0.670804557558678,0.6310320159348087,0.656419735837949,168
Eagle_education_Raul,fold1,1,0.005555555555555556,0.2982894786049662,0.30236277265108386,0.30266298332774405,0.2970234892144481,0
Eagle_education_Raul,fold1,6,0.005555555555555556,0.49669590431695854,0.4897707479745896,0.5057678380670352,0.4953745898388409,0
Eagle_education_Raul,fold1,12,0.005555555555555556,0.5276869556477667,0.5392194515232829,0.5367219762358022,0.5439532038655112,0
Eagle_education_Raul,fold1,18,0.005555555555555556,0.5316147554197466,0.5442447650738315,0.5376940703690203,0.5471927302958494,0
Eagle_education_Raul,fold1,24,0.005555555555555556,0.5346982085184819,0.5298791949870685,0.531919656331033,0.534665194161696,0
Eagle_education_Raul,fold2,1,0.004166666666666667,0.24524855114760077,0.24611279157331786,0.24515795154744985,0.24502103071343115,0
Eagle_education_Raul,fold2,6,0.004166666666666667,0.3638528973558783,0.3799796163591152,0.3864623429879218,0.39066856122380883,0
Eagle_education_Raul,fold2,12,0.004166666666666667,0.4431534475425186,0.43500869851840934,0.4422676636250475,0.43139530076894306,0
Eagle_education_Raul,fold2,18,0.004166666666666667,0.43755297903933393,0.42370483081904264,0.41907875752718454,0.42417798699492787,0
Eagle_education_Raul,fold2,24,0.004166666666666667,0.4718027329551535,0.4399895799551097,0.46951070117605453,0.46573099811677365,0
Eagle_education_Raul,fold3,1,0.018055555555555554,0.23353869193032314,0.22673364084446107,0.227994542982446,0.23481686717447886,0
Eagle_education_Raul,fold3,6,0.018055555555555554,0.3741612589160559,0.37853514197481253,0.3838625165468727,0.38489166365156324,0
Eagle_education_Raul,fold3,12,0.018055555555555554,0.506650110429871,0.4940656638939846,0.4917125745851834,0.5090445491950425,0
Eagle_education_Raul,fold3,18,0.018055555555555554,0.5134727032397459,0.5107544438800797,0.5128196193485247,0.5168638736091377,0
Eagle_education_Raul,fold3,24,0.018055555555555554,0.5517033377872118,0.5575538505285352,0.5651448090445719,0.5656350277972021,0
Eagle_education_Shanna,fold0,1,0.016666666666666666,0.4130102384462689,0.4082274103418855,0.4112914426849386,0.40776759143941443,191
Eagle_education_Shanna,fold0,6,0.016666666666666666,0.5237025365700904,0.5252041064839377,0.5279235004800819,0.5361512100427124,186
Eagle_education_Shanna,fold0,12,0.016666666666666666,0.5527553830851538,0.5681599487603355,0.573241798903167,0.54194867574867,180
Eagle_education_Shanna,fold0,18,0.016666666666666666,0.5354601929978016,0.5503762050028108,0.5481997315432969,0.5504531060750438,174
Eagle_education_Shanna,fold0,24,0.016666666666666666,0.5768093470061001,0.5858792232126184,0.587740928321495,0.5780918571719564,168
Eagle_education_Shanna,fold1,1,0.0375,0.35335936855044847,0.3468687319239264,0.3503030946373457,0.3509415101236055,0
Eagle_education_Shanna,fold1,6,0.0375,0.4432089118244412,0.45316900201001925,0.4582584992354126,0.4551981890805266,0
Eagle_education_Shanna,fold1,12,0.0375,0.48673976204607033,0.47549842083014526,0.4831143483583985,0.4733645185113455,0
Eagle_education_Shanna,fold1,18,0.0375,0.48538303286465745,0.4769099683476106,0.4807624226747001,0.47910700783099613,0
Eagle_education_Shanna,fold1,24,0.0375,0.4676749696890339,0.46630360438232527,0.4724046124494289,0.4788155509760345,0
Eagle_education_Shanna,fold2,1,0.013888888888888888,0.2631507632315607,0.2625797823301047,0.26351739291203324,0.26847439127059025,0
Eagle_education_Shanna,fold2,6,0.013888888888888888,0.39032533683327403,0.38998768900093667,0.3954470352931652,0.38277070248894035,0
Eagle_education_Shanna,fold2,12,0.013888888888888888,0.38794719782093495,0.39535719141283004,0.38546721725603234,0.3816442074348245,0
Eagle_education_Shanna,fold2,18,0.013888888888888888,0.37750992502864156,0.3795833455473431,0.3763531298739687,0.3862788511908699,0
Eagle_education_Shanna,fold2,24,0.013888888888888888,0.427019278967519,0.41374030897777103,0.4119177575040357,0.4183182694980025,0
Eagle_education_Shanna,fold3,1,0.018055555555555554,0.3011218397658956,0.3021882027041537,0.298731650606161,0.3000649460657706,0
Eagle_education_Shanna,fold3,6,0.018055555555555554,0.38994333885477755,0.3930097343287742,0.40126285638435716,0.395609109333378,0
Eagle_education_Shanna,fold3,12,0.018055555555555554,0.4357508797360497,0.43899236477339865,0.4469927865267112,0.4383044581006672,0
Eagle_education_Shanna,fold3,18,0.018055555555555554,0.4571580206747133,0.45921816286091055,0.4574370781456182,0.45685944092498243,0
Eagle_education_Shanna,fold3,24,0.018055555555555554,0.44496823053383583,0.44905787245735856,0.45417809617305127,0.4492330619916028,0
Fox_education_Theodore,fold0,1,0.0,0.5045187057616259,0.5727500408647579,0.5741397264153475,0.5943437828510575,191
Fox_education_Theodore,fold0,6,0.0,2.1048487049115163,2.405173608586836,2.441751111266154,2.446502772905453,186
Fox_education_Theodore,fold0,12,0.0,2.34289267220625,2.616982195472802,2.588899161400755,2.7161226315736426,180
Fox_education_Theodore,fold0,18,0.0,2.493176910877532,2.561156038811635,2.5611076038106764,2.593642965778166,174
Fox_education_Theodore,fold0,24,0.0,1.6766313829289705,2.0749901708842353,2.15506777012036,2.130894627225431,168
Fox_education_Theodore,fold1,1,0.001388888888888889,0.22382937257579116,0.22232547000544792,0.22263106451362366,0.22239001614328782,0
Fox_education_Theodore,fold1,6,0.001388888888888889,0.4006288874835179,0.3795199855033153,0.3776374028754051,0.34265529073852774,0
Fox_education_Theodore,fold1,12,0.001388888888888889,0.35127013557564973,0.3344389427357414,0.3568477963354762,0.34795201716466556,0
Fox_education_Theodore,fold1,18,0.001388888888888889,0.3838565179293585,0.3821169909735893,0.39496078656379513,0.3659286906109057,0
Fox_education_Theodore,fold1,24,0.001388888888888889,0.424098618780252,0.4201839063467486,0.41971020420381655,0.4230325617155887,0
Fox_education_Theodore,fold2,1,0.0,0.22952798209843642,0.23250935655798316,0.243003367158212,0.2329410002664614,0
Fox_education_Theodore,fold2,6,0.0,0.3975674094103523,0.3862479744380733,0.3866617153335816,0.40957912925586903,0
Fox_education_Theodore,fold2,12,0.0,0.449964694778145,0.4251578675755512,0.423429856139491,0.45260318344289513,0
Fox_education_Theodore,fold2,18,0.0,0.4557658237965646,0.4635420064483624,0.46602040285662505,0.44062543258043607,0
Fox_education_Theodore,fold2,24,0.0,0.43040184484298266,0.42913247230504553,0.4297985402958295,0.4089395131621147,0
Fox_education_Theodore,fold3,1,0.004166666666666667,0.48379809147597885,0.4865868790868155,0.48779333239257666,0.4854014971613096,0
Fox_education_Theodore,fold3,6,0.004166666666666667,0.8147428995668176,0.795519351725074,0.7979036445532748,0.8233089012450586,0
Fox_education_Theodore,fold3,12,0.004166666666666667,0.8040876344940148,0.7772460613031232,0.7762989691871075,0.8193759469042651,0
Fox_education_Theodore,fold3,18,0.004166666666666667,0.7438538180188335,0.7464317821436472,0.7579326754611196,0.7231750370258844,0
Fox_education_Theodore,fold3,24,0.004166666666666667,0.6898610395815937,0.6907668830929891,0.6881675086370522,0.6981107204481886,0
Fox_education_Lilly,fold0,1,0.0,0.37765339120635394,0.38486568644143615,0.3810244849493934,0.3819120771523187,191
Fox_education_Lilly,fold0,6,0.0,0.5139856354372784,0.5123183036872762,0.5375438719050311,0.5320822135492742,186
Fox_education_Lilly,fold0,12,0.0,0.623848339756348,0.6215104070458692,0.6728583849799185,0.6448300178358842,180
Fox_education_Lilly,fold0,18,0.0,0.6026972874019814,0.6605331457554773,0.6418538372922803,0.7171788855419664,174
Fox_education_Lilly,fold0,24,0.0,0.5538580525722511,0.5735001759925811,0.5651630510414041,0.5547871974935129,168
Fox_education_Lilly,fold1,1,0.0,0.31395887706192527,0.31327782325205467,0.3185685133062987,0.31219813508462807,0
Fox_education_Lilly,fold1,6,0.0,0.4537079694177439,0.4382357647701935,0.44587742436655725,0.4368838373934967,0
Fox_education_Lilly,fold1,12,0.0,0.44216436478755305,0.4257729214347506,0.4294613861290245,0.4346553584600136,0
Fox_education_Lilly,fold1,18,0.0,0.42651568615048463,0.42394930100906186,0.42393009345375715,0.4310909517285423,0
Fox_education_Lilly,fold1,24,0.0,0.4175135186381036,0.40650269352760776,0.40898236060542476,0.4119738347154511,0
Fox_education_Lilly,fold2,1,0.0,0.2980691302855483,0.2925424329539764,0.2993570362016851,0.28381767020405874,0
Fox_education_Lilly,fold2,6,0.0,0.4854994257710655,0.5082066081732508,0.47706317858653874,0.4594020194801069,0
Fox_education_Lilly,fold2,12,0.0,0.5387637616936518,0.5108902586580114,0.5092091920318876,0.5057890840352103,0
Fox_education_Lilly,fold2,18,0.0,0.4968774623114718,0.4773703818236444,0.4865416989517332,0.4530913240608555,0
Fox_education_Lilly,fold2,24,0.0,0.4440976455904005,0.4054335624647461,0.42527911354234493,0.42178363189720475,0
Fox_education_Lilly,fold3,1,0.0,0.470542757833659,0.47601557676416306,0.4807332643690865,0.4765485893681044,0
Fox_education_Lilly,fold3,6,0.0,0.611476120662771,0.5897584375028662,0.6073465686325309,0.5858416687909663,0
Fox_education_Lilly,fold3,12,0.0,0.606686963851275,0.5971857744031871,0.6009799340777521,0.6089829664512193,0
Fox_education_Lilly,fold3,18,0.0,0.5746891687127575,0.5883617543067443,0.5697256238677888,0.5955182047214098,0
Fox_education_Lilly,fold3,24,0.0,0.5982244748968351,0.595079425706143,0.5868885418620344,0.6151942819487654,0
Hog_education_Wayne,fold0,1,0.9305555555555556,2.4482502142625093,2.4075281818954415,2.4075281818954415,2.2309765246813713,191
Hog_education_Wayne,fold0,6,0.9305555555555556,4.947998333150713,3.860022940727336,5.068970907843777,5.743573684484465,186
Hog_education_Wayne,fold0,12,0.9305555555555556,6.130095581866233,7.015781516657316,6.900036522832714,5.310969364167831,180
Hog_education_Wayne,fold0,18,0.9305555555555556,3.7314497118615657,3.681244245201462,5.0578815075526045,3.3440925529863987,174
Hog_education_Wayne,fold0,24,0.9305555555555556,4.405885077363521,4.540089549964102,4.450723300099547,4.547736019958621,168
Hog_education_Wayne,fold1,1,0.8527777777777777,4.463520953010271,4.018314909000612,4.018314909000612,4.000967225354853,0
Hog_education_Wayne,fold1,6,0.8527777777777777,7.650851747669376,7.1002416158675175,7.120851069325864,6.934598182206367,0
Hog_education_Wayne,fold1,12,0.8527777777777777,7.872922647114613,7.921482721525725,9.053399090453324,8.335221167820023,0
Hog_education_Wayne,fold1,18,0.8527777777777777,6.913967565237598,7.962452411072779,8.208144392351969,7.752064642909643,0
Hog_education_Wayne,fold1,24,0.8527777777777777,8.086155827474728,7.781754413889661,8.14847258787716,7.45371052081925,0
Hog_education_Wayne,fold2,1,0.8541666666666666,0.6920776001699086,0.6931308700526828,0.6679044187732137,0.6947275004579367,0
Hog_education_Wayne,fold2,6,0.8541666666666666,1.19843170813951,1.2167907740319637,1.2167907740319637,1.213570620969406,0
Hog_education_Wayne,fold2,12,0.8541666666666666,1.4145318041559705,1.2555073271045802,1.2231544553481815,1.290894851273941,0
Hog_education_Wayne,fold2,18,0.8541666666666666,0.9102513582254086,0.931813942292999,0.937424660764052,0.9353319775640129,0
Hog_education_Wayne,fold2,24,0.8541666666666666,0.8315570026710392,0.8495471800498812,0.8250668824280298,0.8037517256799088,0
Hog_education_Wayne,fold3,1,0.07222222222222222,0.3433047394990023,0.3381733289021653,0.3397631381123981,0.33792359501348224,0
Hog_education_Wayne,fold3,6,0.07222222222222222,0.5409960483753405,0.5410288035064461,0.5422472065332746,0.5457006235768526,0
Hog_education_Wayne,fold3,12,0.07222222222222222,0.5907164889933791,0.5931740522205476,0.592625339477546,0.5843248085031088,0
Hog_education_Wayne,fold3,18,0.07222222222222222,0.5297029779041971,0.5294515636733135,0.5314114726175384,0.5298635141750367,0
Hog_education_Wayne,fold3,24,0.07222222222222222,0.49388368789978265,0.5027061728844348,0.4960400691362444,0.47949538420134863,0
Hog_education_Casandra,fold0,1,0.0,0.6147040950049607,0.6177517975259806,0.6071319440323286,0.594310342496526,191
Hog_education_Casandra,fold0,6,0.0,0.3979582002946302,0.3550087234435156,0.35441500060260733,0.4142510936806858,186
Hog_education_Casandra,fold0,12,0.0,0.45997665779500735,0.47911576717471815,0.48072154829120495,0.4374238467037236,180
Hog_education_Casandra,fold0,18,0.0,0.5223661962038784,0.5690236313343235,0.5518488586090965,0.48587356779778124,174
Hog_education_Casandra,fold0,24,0.0,0.5213932747704519,0.5230564544888003,0.5230564544888003,0.5241888815164686,168
Hog_education_Casandra,fold1,1,0.0125,1.325139057962858,1.4253570276091159,1.4121527696271985,1.4294430024698115,0
Hog_education_Casandra,fold1,6,0.0125,1.7075460063355048,1.7297778594798112,1.7464923357043116,1.4721353688489094,0
Hog_education_Casandra,fold1,12,0.0125,1.4873176231467067,1.532958950714511,1.4995983639784978,1.5246432496904831,0
Hog_education_Casandra,fold1,18,0.0125,0.7742401537260398,0.8143392061858805,0.8143459783728111,0.8116329979901326,0
Hog_education_Casandra,fold1,24,0.0125,0.7649967523865986,0.7540184170752494,0.7540184170752494,0.7919735268714595,0
Hog_education_Casandra,fold2,1,0.0,0.9798472349747545,0.8443408007155904,0.8488285426705867,0.9597940833876693,0
Hog_education_Casandra,fold2,6,0.0,1.0140101575218519,1.0293691322834349,1.082460402131141,0.9908313777693425,0
Hog_education_Casandra,fold2,12,0.0,1.2839275041465927,1.2944144710014045,1.346079379840003,1.3047300191055053,0
Hog_education_Casandra,fold2,18,0.0,0.7269410405968906,0.7218751327047455,0.7218751327047455,0.7506272354662157,0
Hog_education_Casandra,fold2,24,0.0,0.7240057495043976,0.6868330129048682,0.6683046977667271,0.7462597340390755,0
Hog_education_Casandra,fold3,1,0.0,0.34181619321438544,0.3396771681191791,0.3393034645196172,0.34265674663409,0
Hog_education_Casandra,fold3,6,0.0,0.4509556086711512,0.43804805115180145,0.4432087383800938,0.4577385287589137,0
Hog_education_Casandra,fold3,12,0.0,0.4737226169228906,0.45908966144478147,0.4568253229579545,0.4861324180491465,0
Hog_education_Casandra,fold3,18,0.0,0.43790494460725304,0.44248918331888726,0.44248918331888726,0.41139038571430164,0
Hog_education_Casandra,fold3,24,0.0,0.4122332555167186,0.41651248869688967,0.41651248869688967,0.4278772590458297,0
Moose_education_Marlon,fold3,1,0.34305555555555556,1.0926800671837058,1.050500388545339,1.0459141016812408,1.0972483617671738,0
Moose_education_Marlon,fold3,6,0.34305555555555556,2.332959175189988,2.2049320896982576,2.2243046791202348,2.171844084894016,0
Moose_education_Marlon,fold3,12,0.34305555555555556,2.3030074641476217,2.0697425120228425,2.4609861976767413,2.2991134598876775,0
Moose_education_Marlon,fold3,18,0.34305555555555556,1.80944868123331,1.7044102185886472,1.869789356637804,1.5979676070906497,0
Moose_education_Marlon,fold3,24,0.34305555555555556,1.6652729319550044,1.4510594243199268,1.6903247024189543,1.5198824162845366,0
Moose_education_Florence,fold0,1,0.0,0.34832648961308277,0.34831389686252345,0.34445660546057044,0.33814359369733643,191
Moose_education_Florence,fold0,6,0.0,0.48945275174348046,0.47003644502344516,0.47248643757809067,0.45497990452641407,186
Moose_education_Florence,fold0,12,0.0,0.5575822005805023,0.5475237982636475,0.5779393619065547,0.5871495266176868,180
Moose_education_Florence,fold0,18,0.0,0.5647856625045993,0.5823167210473422,0.560030762952975,0.5722260349599348,174
Moose_education_Florence,fold0,24,0.0,0.5853974821392686,0.5660275886211559,0.5898550453792961,0.5970419145331174,168
Moose_education_Florence,fold1,1,0.05138888888888889,0.4866150618524989,0.48475676985219146,0.49815690042895855,0.45358034971881905,0
Moose_education_Florence,fold1,6,0.05138888888888889,0.8053812106957791,0.7366233736911211,0.7685577077165433,0.7616862962017534,0
Moose_education_Florence,fold1,12,0.05138888888888889,0.779191241960992,0.8085075772823702,0.8165028755503145,0.8770264845463642,0
Moose_education_Florence,fold1,18,0.05138888888888889,0.7047434010373583,0.6515758592690988,0.6402611718238408,0.6944691168966772,0
Moose_education_Florence,fold1,24,0.05138888888888889,0.6646128053546563,0.6754886824091473,0.6685749367595741,0.6677741398093897,0
Moose_education_Florence,fold2,1,0.030555555555555555,0.39425790747196143,0.35965430406255566,0.36982200853445973,0.3951193361856433,0
Moose_education_Florence,fold2,6,0.030555555555555555,0.46815169051500766,0.4798586414070131,0.49013619178480383,0.5090575990958639,0
Moose_education_Florence,fold2,12,0.030555555555555555,0.541132148595823,0.5330495379248291,0.5370632208629299,0.5221962765459924,0
Moose_education_Florence,fold2,18,0.030555555555555555,0.572138779583292,0.5509078938603088,0.5810015278644787,0.5467375676611996,0
Moose_education_Florence,fold2,24,0.030555555555555555,0.5776475203780089,0.58863160885861,0.5930999917841757,0.5869961096897361,0
Moose_education_Florence,fold3,1,0.0,0.39428277653162247,0.3804193449035497,0.3784783661730272,0.39381282322870176,0
Moose_education_Florence,fold3,6,0.0,0.5417263256161137,0.5360704120275886,0.5317295408604198,0.5129952110396045,0
Moose_education_Florence,fold3,12,0.0,0.6291167082649828,0.6378364113662714,0.6242088880226142,0.6136723174678096,0
Moose_education_Florence,fold3,18,0.0,0.5657172094972304,0.5813576097771803,0.5787777980865063,0.5843123751309058,0
Moose_education_Florence,fold3,24,0.0,0.7540942165133171,0.7452544495446438,0.7559518760305866,0.7429052262277233,0
