building_id,n_rows,n_obs,coverage,n_zero,zero_frac,n_neg,median,p99,max_gap_h,n_gap_ge6,flat_max_h,site_id
Panther_office_Clementine,17544,5798,0.33048335613315094,121,0.020869265263884097,0,272.1539,630.9022,6590,15,10,Panther
Panther_lodging_Cora,17544,13995,0.7977086183310533,434,0.031011075384065737,0,668.0141,2041.1542,1425,21,388,Panther
Panther_education_Teofila,17544,15473,0.8819539443684451,2773,0.17921540748400439,0,804.091,1880.336,1425,5,1753,Panther
Panther_education_Jerome,17544,16023,0.9133036935704515,145,0.009049491356175497,0,2535.9795,4069.9378,1425,4,11,Panther
Panther_retail_Kristina,17544,15945,0.9088577291381669,8513,0.5338977735967388,0,0.0,1039.1331,1425,7,1840,Panther
Panther_education_Neal,17544,16020,0.9131326949384405,2778,0.17340823970037453,0,494.8253,1682.4059,1425,4,1309,Panther
Panther_lodging_Kara,17544,15999,0.9119357045143639,406,0.025376586036627288,0,952.5386,2078.2661,1425,6,393,Panther
Panther_office_Garth,17544,14963,0.8528841769265846,1858,0.12417295996792087,0,358.7483,754.6085,2487,4,18,Panther
Panther_office_Lavinia,17544,16015,0.9128476972184223,70,0.004370902279113331,0,37.1119,86.5944,1425,5,23,Panther
Panther_education_Enriqueta,17544,16023,0.9133036935704515,3282,0.20483055607564127,0,445.3427,1100.9862,1425,4,263,Panther
Panther_lodging_Marisol,17544,13351,0.761000911992704,893,0.06688637555239307,0,964.9093,2201.9724,2938,7,859,Panther
Panther_education_Aurora,17544,16025,0.9134176926584587,190,0.01185647425897036,0,618.5316,2211.3741320000026,1425,4,27,Panther
Panther_lodging_Kirk,17544,15516,0.884404924760602,1146,0.07385924207269914,0,1150.4688,2004.0423,1425,7,355,Panther
Panther_education_Vincent,17544,15900,0.9062927496580028,3116,0.1959748427672956,0,890.6855,2164.8606,1425,4,601,Panther
Panther_office_Brent,17544,16025,0.9134176926584587,2739,0.1709204368174727,0,74.2238,123.7063,1425,4,157,Panther
Panther_office_Karla,17544,16020,0.9131326949384405,2818,0.17590511860174782,0,185.5595,569.049,1425,4,746,Panther
Panther_education_Quintin,17544,16025,0.9134176926584587,1595,0.09953198127925117,0,1336.0282,2709.1683,1425,4,146,Panther
Panther_other_Bettie,17544,13902,0.792407660738714,2,0.00014386419220256078,0,828.8323,1088.6156,2212,2,7,Panther
Panther_education_Annetta,17544,14729,0.8395462836297309,2850,0.19349582456378572,0,309.2658,1521.5877,1425,6,1440,Panther
Panther_education_Ivan,17544,15624,0.8905608755129959,1641,0.10503072196620583,0,779.3498,1830.8535,1425,6,1277,Panther
Panther_office_Graham,17544,15686,0.8940948472412221,1064,0.0678311870457733,0,482.4546,1286.5457,1425,5,18,Panther
Panther_education_Emily,17544,16018,0.9130186958504332,937,0.05849669122237483,0,754.6085,1521.5877,1425,4,10,Panther
Panther_education_Cleopatra,17544,16022,0.9132466940264478,4099,0.2558357258769192,0,98.9651,395.8602,1425,4,35,Panther
Panther_office_Christian,17544,16018,0.9130186958504332,357,0.02228742664502435,0,185.5595,445.3427,1425,4,17,Panther
Panther_education_Zelda,17544,15974,0.9105107159142727,2758,0.1726555652936021,0,346.3777,1162.8394,1425,6,459,Panther
Fox_lodging_Stephen,17544,17543,0.9999430004559964,369,0.021034030667502708,0,492.7504,1362.4327039999996,1,0,76,Fox
Fox_lodging_Stephan,17544,17528,0.9990880072959416,1893,0.10799863076220903,0,263.1961,717.324174,13,1,184,Fox
Fox_office_Israel,17544,17543,0.9999430004559964,755,0.0430371088183321,0,588.9753,3015.2665859999966,1,0,226,Fox
Fox_education_Lilly,17544,17542,0.9998860009119928,92,0.00524455592292783,0,774.93175,4541.260422,1,0,91,Fox
Fox_education_Gayla,17544,17541,0.999829001367989,8380,0.4777378712730175,0,6.5551,1586.3990799999995,1,0,7140,Fox
Fox_lodging_Warren,17544,17542,0.9998860009119928,3912,0.22300763880971383,0,336.3542,897.3598320000001,1,0,375,Fox
Fox_education_Andre,17544,17543,0.9999430004559964,6,0.0003420167588211822,0,2835.2940000000003,8643.713447999993,1,0,128,Fox
Fox_retail_Manie,17544,17543,0.9999430004559964,33,0.0018810921735165024,0,260.1041,1021.532083999999,1,0,7,Fox
Fox_assembly_Emma,17544,17541,0.999829001367989,76,0.004332706231115672,0,1451.4121,3710.2475999999956,1,0,70,Fox
Fox_office_Margarita,17544,17539,0.9997150022799818,3770,0.21494954102286334,0,142.3582,383.49196999999987,1,0,1413,Fox
Fox_lodging_Frances,17544,17542,0.9998860009119928,444,0.025310682932390832,0,686.12775,1522.231442,1,0,178,Fox
Fox_office_Demetrius,17544,17541,0.999829001367989,35,0.0019953252380137962,0,344.7026,2588.99288,1,0,15,Fox
Fox_office_Berniece,17544,17541,0.999829001367989,119,0.006784105809246908,0,147.553,548.2344199999999,1,0,105,Fox
Fox_office_Alice,17544,17542,0.9998860009119928,2,0.00011401208528103979,0,2473.3374999999996,6556.147233,1,0,2,Fox
Fox_education_Leota,17544,17541,0.999829001367989,34,0.0019383159454991164,0,524.5368,2616.7719799999995,1,0,22,Fox
Fox_assembly_Adrianne,17544,17543,0.9999430004559964,494,0.028159379809610672,0,997.8693,5982.569237999996,1,0,311,Fox
Fox_lodging_Morris,17544,17543,0.9999430004559964,16,0.0009120446901898193,0,223.7413,539.3267299999998,1,0,7,Fox
Fox_education_Theodore,17544,17544,1.0,178,0.010145918832649339,0,1489.1352,5580.642478999997,0,0,166,Fox
Fox_education_Dewayne,17544,17542,0.9998860009119928,4140,0.23600501653175238,0,62.8925,2409.6721800000005,1,0,312,Fox
Fox_assembly_Johnnie,17544,17543,0.9999430004559964,143,0.00815139941857151,0,2180.396,5513.669461999996,1,0,94,Fox
Fox_education_Jacqueline,17544,17543,0.9999430004559964,3962,0.225845066408254,0,909.3125,2378.821983999999,1,0,2365,Fox
Fox_education_Yolande,17544,17543,0.9999430004559964,1,5.700279313686371e-05,0,4856.5107,12043.896693999994,1,0,2,Fox
Fox_education_Lesley,17544,17541,0.999829001367989,61,0.0034775668433954733,0,33.8891,371.81385999999964,1,0,16,Fox
Fox_assembly_Renna,17544,17542,0.9998860009119928,1,5.7006042640519895e-05,0,2845.6214,6076.833542,1,0,2,Fox
Fox_lodging_Wallace,17544,17541,0.999829001367989,3,0.0001710278775440397,0,2778.6474,5717.290319999996,1,0,3,Fox
Fox_education_Maris,17544,17541,0.999829001367989,2411,0.13744940425289323,0,59.9859,531.1660799999999,1,0,1083,Fox
Fox_education_John,17544,17543,0.9999430004559964,411,0.023428147979250982,0,51.0808,443.47287199999977,1,0,200,Fox
Fox_food_Scott,17544,17543,0.9999430004559964,133,0.007581371487202873,0,387.3729,19248.405431999985,1,0,72,Fox
Fox_education_Marcelina,17544,17543,0.9999430004559964,12061,0.6875106880237132,0,0.0,115.59097199999977,1,0,1301,Fox
Fox_utility_Marian,17544,17543,0.9999430004559964,120,0.006840335176423645,0,4063.4596,14062.051207999986,1,0,105,Fox
Fox_education_Sterling,17544,17539,0.9997150022799818,3396,0.1936256343007013,0,86.083,794.5947759999995,1,0,51,Fox
Fox_education_Elvira,17544,17541,0.999829001367989,87,0.0049598084487771504,0,580.8123,1973.500219999997,1,0,46,Fox
Fox_lodging_Isabell,17544,17541,0.999829001367989,776,0.044239210991391595,0,406.6674,730.1710399999998,1,0,168,Fox
Fox_education_Ollie,17544,17543,0.9999430004559964,5098,0.2906002394117312,0,363.8733,2415.4789579999965,1,0,2256,Fox
Fox_education_Elois,17544,17539,0.9997150022799818,5070,0.2890700724100576,0,43.5361,336.7869,2,0,343,Fox
Fox_education_Melinda,17544,17542,0.9998860009119928,189,0.01077414205905826,0,3613.8125499999996,9530.56169,1,0,166,Fox
Fox_education_Geoffrey,17544,17541,0.999829001367989,1186,0.06761302092241035,0,682.8502,2650.215739999999,1,0,922,Fox
Fox_education_Vernon,17544,8783,0.5006269949840402,344,0.039166571786405556,0,108.2219,1118.7958640000002,8760,1,179,Fox
Fox_public_Bart,17544,17542,0.9998860009119928,124,0.007068749287424467,0,584.0282,2403.3605230000003,1,0,23,Fox
Fox_lodging_Angla,17544,17542,0.9998860009119928,58,0.003306350473150154,0,1159.2128,2428.699365,1,0,25,Fox
Fox_education_Janina,17544,17528,0.9990880072959416,1271,0.07251255134641717,0,30.3022,140.84078199999993,13,1,46,Fox
Fox_education_Burton,17544,17543,0.9999430004559964,286,0.01630279883714302,0,487.5557,6325.968285999976,1,0,105,Fox
Fox_office_Karima,17544,17543,0.9999430004559964,2821,0.16080487943909252,0,305.1244,1957.1566899999984,1,0,512,Fox
Fox_assembly_Cathy,17544,17542,0.9998860009119928,1591,0.09069661384106716,0,410.6253,2092.917964,1,0,1174,Fox
Fox_office_Zachary,17544,17543,0.9999430004559964,118,0.006726329590149917,0,440.1855,3944.825843999993,1,0,105,Fox
Fox_education_Gloria,17544,17541,0.999829001367989,7,0.00039906504760275923,0,2315.8281,5954.018319999999,1,0,1480,Fox
Fox_education_Nilda,17544,17543,0.9999430004559964,718,0.04092800547226814,0,1030.7687,2545.461793999998,1,0,329,Fox
Fox_education_Ashli,17544,17542,0.9998860009119928,2963,0.16890890434386044,0,188.9867,533.885842,1,0,1064,Fox
Fox_health_Lorena,17544,17543,0.9999430004559964,591,0.03368865074388645,0,232.1518,784.8361039999998,1,0,18,Fox
Fox_lodging_Helen,17544,17543,0.9999430004559964,78,0.004446217864675369,0,3430.7009,7431.17862199999,1,0,22,Fox
Fox_education_Long,17544,17543,0.9999430004559964,623,0.03551274012426609,0,910.5494,2883.022987999999,1,0,37,Fox
Fox_education_Louie,17544,17542,0.9998860009119928,1,5.7006042640519895e-05,0,2592.382,4210.292784,1,0,2,Fox
Fox_lodging_Jina,17544,17542,0.9998860009119928,0,0.0,0,1344.6125499999998,2522.3777,1,0,3,Fox
Fox_education_Shaun,17544,17543,0.9999430004559964,2987,0.1702673430998119,0,109.2116,2084.517501999998,1,0,1868,Fox
Fox_education_Kim,17544,17543,0.9999430004559964,1283,0.07313458359459614,0,172.0422,938.2691859999967,1,0,16,Fox
Fox_education_Otilia,17544,17528,0.9990880072959416,8,0.00045641259698767686,0,5619.25985,14428.518199999999,13,1,5,Fox
Fox_lodging_Alana,17544,17541,0.999829001367989,0,0.0,0,1639.0385,3525.317579999998,1,0,2,Fox
Fox_office_Easter,17544,13425,0.765218878248974,157,0.011694599627560521,0,73.9622,580.7576960000001,84,215,15,Fox
Fox_education_Tonya,17544,17541,0.999829001367989,120,0.006841115101761587,0,811.1087,2110.3917,1,0,107,Fox
Fox_education_Elizabeth,17544,17542,0.9998860009119928,693,0.039505187549880284,0,927.55565,3399.4980640000003,1,0,22,Fox
Fox_office_Juana,17544,17543,0.9999430004559964,5373,0.3062760075243687,0,4.4527,468.2489879999988,1,0,59,Fox
Fox_assembly_Boyce,17544,17528,0.9990880072959416,160,0.009128251939753538,0,1287.1003,3304.3012109999995,13,1,123,Fox
Fox_education_Eddy,17544,17542,0.9998860009119928,2,0.00011401208528103979,0,1363.59775,2846.717255,1,0,2,Fox
Fox_education_Melvin,17544,17542,0.9998860009119928,506,0.02884505757610307,0,352.2473,1534.791428000001,1,0,101,Fox
Fox_assembly_Audrey,17544,17501,0.9975490196078431,333,0.019027484143763214,0,92.7618,489.9056,6,1,64,Fox
Fox_education_Eldon,17544,17541,0.999829001367989,3,0.0001710278775440397,0,571.7835,1847.39368,1,0,2,Fox
Fox_education_Suzan,17544,17543,0.9999430004559964,59,0.0033631647950749586,0,240.8096,995.9891019999976,1,0,11,Fox
Fox_education_Shirley,17544,17542,0.9998860009119928,1613,0.09195074677915858,0,66.9123,2143.23448,1,0,157,Fox
Fox_lodging_Winifred,17544,17541,0.999829001367989,7,0.00039906504760275923,0,462.0772,1019.0189,1,0,2,Fox
Fox_food_Francesco,17544,17541,0.999829001367989,127,0.007240180149364346,0,397.3914,1264.6517799999992,1,0,21,Fox
Fox_education_Claude,17544,17528,0.9990880072959416,16,0.0009128251939753537,0,6626.281349999999,13113.531318999998,13,1,6,Fox
Fox_education_Maureen,17544,8637,0.49230506155950754,1766,0.20446914437883523,0,1159.0272,3493.1601,8784,2,1102,Fox
Fox_education_Dominique,17544,17542,0.9998860009119928,21,0.0011971268954509178,0,1846.8863999999999,4129.966123,1,0,7,Fox
Fox_office_Carson,17544,17541,0.999829001367989,1,5.7009292514679893e-05,0,388.6098,1264.7506999999996,1,0,2,Fox
Fox_office_Sheila,17544,17541,0.999829001367989,196,0.01117382133287726,0,114.4063,221.5893799999998,1,0,52,Fox
Fox_education_Stacia,17544,17542,0.9998860009119928,548,0.0312393113670049,0,1102.2571,1859.186697,1,0,284,Fox
Fox_education_Ray,17544,17543,0.9999430004559964,25,0.0014250698284215926,0,174.7632,383.5389,1,0,7,Fox
Fox_education_Marlana,17544,17542,0.9998860009119928,146,0.008322882225515905,0,1416.7813,3388.395233,1,0,101,Fox
Fox_education_Rudolph,17544,17532,0.9993160054719562,3136,0.17887291809263062,0,61.841,3122.4942669999627,2,0,331,Fox
Fox_office_Thelma,17544,17543,0.9999430004559964,979,0.05580573448098957,0,264.9275,7323.2262779999965,1,0,236,Fox
Fox_education_Leona,17544,17542,0.9998860009119928,2,0.00011401208528103979,0,1209.48955,5914.543874,1,0,2,Fox
Fox_education_Kendrick,17544,17543,0.9999430004559964,491,0.02798837143020008,0,20.0365,311.08077599999956,1,0,69,Fox
Fox_public_Lauren,17544,17541,0.999829001367989,1288,0.0734279687589077,0,586.7491,1468.3319999999994,1,0,1287,Fox
Fox_education_Heriberto,17544,11958,0.6816005471956225,43,0.0035959190500083624,0,255.7133,913.2530680000001,1073,335,32,Fox
Fox_public_Martin,17544,17542,0.9998860009119928,353,0.020123133052103524,0,990.8194,2569.0540480000004,1,0,335,Fox
Fox_assembly_Tony,17544,17543,0.9999430004559964,295,0.016815823975374792,0,1090.5073,2492.9510899999937,1,0,72,Fox
Fox_education_Carleen,17544,17543,0.9999430004559964,359,0.02046400273613407,0,338.8896,1657.207287999999,1,0,44,Fox
Fox_office_Essie,17544,17544,1.0,3576,0.20383036935704515,0,228.99790000000002,1755.0499409999995,0,0,95,Fox
Fox_office_Rowena,17544,17543,0.9999430004559964,113,0.0064413156244655986,0,7.9157,345.0737,1,0,22,Fox
Fox_education_Cynthia,17544,17543,0.9999430004559964,6757,0.38516787322578805,0,750.5046,2664.5233619999963,1,0,2351,Fox
Fox_office_Bernard,17544,17542,0.9998860009119928,5,0.0002850302132025995,0,388.7955,989.531742,1,0,335,Fox
Fox_education_Rosie,17544,17541,0.999829001367989,119,0.006784105809246908,0,634.8614,1641.0421399999987,1,0,105,Fox
Fox_education_Virgil,17544,17542,0.9998860009119928,124,0.007068749287424467,0,495.90430000000003,1329.578997,1,0,118,Fox
Fox_education_Claire,17544,17543,0.9999430004559964,2118,0.12073191586387733,0,326.274,1470.4791499999997,1,0,1388,Fox
Fox_education_Wendell,17544,17541,0.999829001367989,786,0.044809303916538396,0,2824.039,6807.525479999999,1,0,363,Fox
Fox_public_Rhonda,17544,17541,0.999829001367989,129,0.007354198734393707,0,738.3834,1778.4285,1,0,105,Fox
Fox_education_Delma,17544,17542,0.9998860009119928,12151,0.6926804241249572,0,0.0,1486.6839069999999,1,0,8388,Fox
Fox_office_Edythe,17544,17543,0.9999430004559964,1645,0.09376959471014079,0,497.2031,1405.4741299999998,1,0,923,Fox
Fox_assembly_Carlos,17544,17543,0.9999430004559964,1515,0.08635923160234851,0,472.8377,1401.2689039999998,1,0,824,Fox
Fox_education_Jaclyn,17544,17528,0.9990880072959416,1,5.705157462345961e-05,0,1335.5220000000002,3475.6444519999995,13,1,265,Fox
Fox_office_Yong,17544,17541,0.999829001367989,212,0.012085970013112138,0,787.2381,2418.2617399999986,1,0,87,Fox
Peacock_lodging_Jamaal,17544,17490,0.996922024623803,7623,0.4358490566037736,0,19.954250000000002,2989.7839440000007,36,2,1620,Peacock
Peacock_education_Patience,17544,17467,0.9956110351117191,8759,0.5014598958035152,0,0.0,367.1231600000001,37,3,876,Peacock
Peacock_public_Kelvin,17544,3416,0.19471044231646148,0,0.0,0,10989.705549999999,29840.86983,14112,2,1,Peacock
Peacock_assembly_Mamie,17544,2360,0.13451892384860922,2179,0.9233050847457627,0,0.0,370.129054,15168,2,732,Peacock
Peacock_office_Major,17544,16084,0.916780665754674,470,0.02922158666998259,0,521.61745,1387.5176210000002,1258,7,381,Peacock
Peacock_education_Pasquale,17544,16246,0.926014591883265,375,0.023082604948910502,0,726.1266499999999,3556.150204999992,1258,2,167,Peacock
Peacock_education_Ophelia,17544,16070,0.9159826721386229,9668,0.6016179215930305,0,0.0,4574.602495999999,1402,4,2399,Peacock
Peacock_office_Effie,17544,16201,0.9234496124031008,180,0.011110425282389976,0,271.932,1664.3169,1258,4,145,Peacock
Peacock_lodging_Sergio,17544,3391,0.19328545371637026,15,0.0044234739015039815,0,93.1853,1217.8473999999999,14112,1,7,Peacock
Peacock_education_Lyle,17544,3417,0.19476744186046513,0,0.0,0,992.3035,7749.741060000011,14112,2,2,Peacock
Peacock_lodging_Matthew,17544,17485,0.9966370269037848,8178,0.467715184443809,0,17.0388,241.40540000000001,37,2,1323,Peacock
Peacock_office_Dara,17544,0,0.0,0,0.0,0,,,17544,0,0,Peacock
Peacock_public_Linda,17544,16214,0.9241906064751482,179,0.011039842111755273,0,473.1605,1842.4209419999995,1258,4,145,Peacock
Peacock_education_Dustin,17544,16246,0.926014591883265,8662,0.533177397513234,0,0.0,1663.3159499999983,1258,2,172,Peacock
Peacock_education_Weldon,17544,3417,0.19476744186046513,1120,0.32777290020485805,0,3440.3107,16104.81752000002,14112,2,1120,Peacock
Peacock_assembly_Dena,17544,16812,0.9582763337893296,8491,0.5050559124434928,0,0.0,2178496.8572499994,661,4,3191,Peacock
Peacock_education_Forest,17544,16027,0.913531691746466,5614,0.35028389592562553,0,77.7252,1509.2337,1258,10,1867,Peacock
Peacock_office_Julian,17544,16089,0.9170656634746922,705,0.04381875815774753,0,0.3316,685.7366239999996,1258,10,145,Peacock
Peacock_assembly_Russ,17544,17490,0.996922024623803,11699,0.6688965122927387,0,0.0,1749.866606,36,2,588,Peacock
Peacock_office_Jonathon,17544,16210,0.9239626082991336,10001,0.6169648365206662,0,0.0,223.74277299999997,1258,4,376,Peacock
Peacock_education_Anita,17544,10845,0.6181600547195623,594,0.054771784232365145,0,0.1815,431.83137599999975,1258,88,167,Peacock
Peacock_education_Yolanda,17544,17461,0.9952690378476973,7892,0.45197869537827157,0,203.8134,2692.7727000000036,37,4,723,Peacock
Peacock_education_Lucie,17544,16216,0.9243046055631555,179,0.011038480513073507,0,6514.8955000000005,17197.28584,1258,4,145,Peacock
Peacock_office_Norman,17544,16213,0.9241336069311445,561,0.03460186270276938,0,72.7035,544.3550079999997,1258,4,145,Peacock
Peacock_lodging_James,17544,17482,0.9964660282717738,7826,0.4476604507493422,0,1.2134999999999998,16.871231999999996,37,2,23,Peacock
Peacock_lodging_Wes,17544,17481,0.9964090287277702,7392,0.422859104170242,0,140.5228,1081.6951400000003,16,4,931,Peacock
Peacock_office_Naomi,17544,16231,0.9251595987232102,4832,0.2977019284086008,0,120.4521,2890.68777,1258,3,2854,Peacock
Moose_education_Maria,17544,17450,0.9946420428636571,10814,0.6197134670487106,0,0.0,1374.3067,85,1,5032,Moose
Moose_education_Florence,17544,17511,0.9981190150478796,85,0.00485409171377991,0,128.6362,1635.3652,23,1,24,Moose
Moose_education_Marlon,17544,17511,0.9981190150478796,3504,0.20010279253040947,0,3.0806,187.45656000000022,23,1,3380,Moose
Moose_education_Diane,17544,17511,0.9981190150478796,10730,0.6127576951630404,0,0.0,656.9038200000032,23,1,1144,Moose
Moose_education_Marina,17544,17511,0.9981190150478796,11321,0.6465079093141454,0,0.0,112.58539000000005,23,1,2424,Moose
Moose_education_Omar,17544,17327,0.9876310989512084,70,0.004039937669533099,0,366.7781,990.9790160000003,165,3,67,Moose
Moose_education_Rene,17544,17511,0.9981190150478796,142,0.008109188510079378,0,187.2057,1949.8771500000014,23,1,34,Moose
Moose_education_Lori,17544,17443,0.9942430460556315,9390,0.5383248294444763,0,0.0,431.65417599999915,85,1,4617,Moose
Moose_education_Leland,17544,17511,0.9981190150478796,10711,0.6116726628976072,0,0.0,1934.1849,23,1,4153,Moose
Moose_education_Clark,17544,17511,0.9981190150478796,11163,0.6374850094226486,0,0.0,2148.4267,23,1,2962,Moose
Moose_education_Abbie,17544,17511,0.9981190150478796,147,0.008394723316772315,0,98.864,1486.2234,23,1,142,Moose
Moose_education_Gladys,17544,17447,0.9944710442316461,11406,0.6537513612655471,0,0.0,2185.1295,85,1,5946,Moose
Moose_education_Sasha,17544,17321,0.9872891016871865,85,0.004907337913515386,0,54.2389,293.3179999999998,165,3,66,Moose
Moose_education_Dennis,17544,17321,0.9872891016871865,116,0.006697072917268056,0,28.3806,139.72902,165,3,66,Moose
Moose_education_Ricardo,17544,17326,0.9875740994072048,87,0.005021355188733695,0,158.6807,588.922,165,3,78,Moose
Bull_office_Anne,17544,17506,0.9978340173278614,278,0.01588026962184394,0,325.0371,404.4413,1,0,82,Bull
Bull_education_Magaret,17544,17528,0.9990880072959416,283,0.01614559561843907,0,803.13125,1624.3770479999998,1,0,25,Bull
Bull_office_Myron,17544,17528,0.9990880072959416,281,0.01603149246919215,0,715.6877999999999,1938.406556,1,0,23,Bull
Bull_education_Myra,17544,17526,0.9989740082079344,262,0.01494921830423371,0,520.02235,1256.70525,1,0,23,Bull
Bull_education_Dan,17544,17511,0.9981190150478796,287,0.016389697904174518,0,1815.0382,3140.7770200000004,1,0,82,Bull
Bull_lodging_Anibal,17544,17493,0.997093023255814,1700,0.09718172983479106,0,172.4132,1692.4693,1,0,1250,Bull
Bull_lodging_Melissa,17544,17512,0.9981760145918832,282,0.016103243490178165,0,2359.4262,4532.5879589999995,2,0,82,Bull
Bull_education_Delia,17544,17532,0.9993160054719562,5418,0.30903490759753593,0,5910.5317,23943.792609999997,1,0,5290,Bull
Bull_education_Bryon,17544,17525,0.9989170086639307,262,0.014950071326676176,0,266.9064,667.5779759999996,1,0,23,Bull
Bull_assembly_Freda,17544,17483,0.9965230278157775,284,0.016244351655894298,0,1216.9106,2155.9290840000003,45,1,25,Bull
Bull_education_Juan,17544,17517,0.9984610123119015,289,0.016498258834275276,0,2229.0031,5829.029880000001,1,0,82,Bull
Bull_education_Clarita,17544,17521,0.9986890104879161,1152,0.06574967182238457,0,2302.8415,4577.112379999999,1,0,529,Bull
Bull_lodging_Caren,17544,17511,0.9981190150478796,290,0.01656101878819028,0,1333.1721,2383.3463200000006,1,0,82,Bull
Bull_education_Kristal,17544,17517,0.9984610123119015,279,0.015927384826168865,0,3562.6696,7995.885020000001,1,0,82,Bull
Bull_assembly_Amalia,17544,17512,0.9981760145918832,409,0.023355413430790315,0,3224.8313500000004,7550.477868999999,2,0,130,Bull
Bull_education_Arthur,17544,17512,0.9981760145918832,303,0.01730242119689356,0,1250.6759,2664.6950899999997,1,0,82,Bull
Bull_assembly_Lesa,17544,17505,0.9977770177838577,301,0.017195087117966294,0,183.792,496.6984119999998,2,0,25,Bull
Bull_education_Roland,17544,17528,0.9990880072959416,278,0.01586033774532177,0,1784.1177,4823.4911919999995,1,0,25,Bull
Bull_education_Joseph,17544,17510,0.998062015503876,329,0.018789263278126786,0,1285.8015,2604.952795,1,0,82,Bull
Bull_office_Lilla,17544,17509,0.9980050159598723,254,0.014506825061396996,0,1707.1873,3595.1884959999998,2,0,82,Bull
Bull_education_Miquel,17544,17425,0.9932170542635659,278,0.01595408895265423,0,1804.7729,4085.450411999999,26,4,82,Bull
Bull_office_Efren,17544,17526,0.9989740082079344,1373,0.07834075088440032,0,292.8798,1731.954825,2,0,193,Bull
Bull_lodging_Lettie,17544,17488,0.9968080255357957,280,0.016010978956999086,0,266.783,472.8537420000001,28,1,82,Bull
Bull_lodging_Travis,17544,17514,0.9982900136798906,461,0.026321799703094666,0,7609.4323,13072.940078999996,1,0,53,Bull
Bull_lodging_Danielle,17544,17525,0.9989170086639307,2419,0.13803138373751783,0,296.7138,690.0879719999996,1,0,2067,Bull
Bull_public_Jefferson,17544,17508,0.9979480164158687,253,0.014450536897418324,0,399.2465,567.940834,2,0,82,Bull
Bull_education_Barry,17544,17524,0.998860009119927,465,0.0265350376626341,0,4030.43635,8743.428517,1,0,25,Bull
Bull_lodging_Leonard,17544,17509,0.9980050159598723,278,0.01587754868924553,0,379.4576,719.0793959999997,2,0,82,Bull
Bull_education_Dania,17544,17518,0.9985180118559052,253,0.014442287932412376,0,458.4903,906.9415539999998,1,0,82,Bull
Bull_education_Reynaldo,17544,17508,0.9979480164158687,467,0.02667352067626228,0,310.4425,526.6395,2,0,188,Bull
Bull_education_Reina,17544,17509,0.9980050159598723,278,0.01587754868924553,0,923.9071,1872.050967999997,1,0,82,Bull
Bull_assembly_Freddie,17544,17518,0.9985180118559052,279,0.015926475625071355,0,1658.8275,8497.958745999995,2,0,82,Bull
Bull_education_Genie,17544,17517,0.9984610123119015,278,0.015870297425358223,0,1237.9365,3262.443184,2,0,82,Bull
Bull_education_Tracey,17544,17528,0.9990880072959416,2019,0.11518712916476495,0,1499.1537,3700.997443999999,1,0,1276,Bull
Bull_education_Lydia,17544,17513,0.9982330141358869,790,0.04510934734197453,0,941.3464,2143.6325240000006,1,0,82,Bull
Bull_education_Mario,17544,17528,0.9990880072959416,280,0.01597444089456869,0,676.9134,2038.712975,1,0,25,Bull
Bull_public_Hyun,17544,17516,0.9984040127678978,281,0.016042475451016214,0,3665.8208,6496.2294099999945,1,0,82,Bull
Bull_assembly_Brandon,17544,17523,0.9988030095759234,261,0.014894709809964048,0,460.4693,1851.143591999998,4,0,23,Bull
Bull_lodging_Dave,17544,17515,0.9983470132238942,281,0.016043391378818155,0,3618.8214,6274.142798,2,0,82,Bull
Bull_education_Linnie,17544,17520,0.9986320109439124,279,0.015924657534246576,0,1793.6413,4101.401544000002,1,0,82,Bull
Bull_assembly_Dorethea,17544,17518,0.9985180118559052,1064,0.06073752711496746,0,245.8806,414.17007599999954,1,0,91,Bull
Bull_education_Miranda,17544,17510,0.998062015503876,279,0.015933752141633353,0,270.246,714.7047259999999,2,0,82,Bull
Bull_education_Roseann,17544,17525,0.9989170086639307,366,0.020884450784593438,0,2264.2525,5951.717819999995,1,0,25,Bull
Bull_lodging_Carie,17544,17530,0.999202006383949,1360,0.0775812892184826,0,496.09,843.3899,1,0,227,Bull
Bull_education_Geneva,17544,17527,0.999031007751938,560,0.031950704627146685,0,334.6845,906.7423140000006,1,0,130,Bull
Bull_assembly_Goldie,17544,17511,0.9981190150478796,253,0.014448061218662555,0,651.1877,1076.902,1,0,82,Bull
Bull_education_Krista,17544,17520,0.9986320109439124,605,0.034531963470319636,0,2033.5848999999998,5472.949742000002,1,0,315,Bull
Bull_assembly_Gerri,17544,17527,0.999031007751938,287,0.016374736121412676,0,1035.0976,3191.981586000007,1,0,25,Bull
Bull_education_Patrina,17544,17517,0.9984610123119015,419,0.023919620939658617,0,305.0006,773.860592,4,0,130,Bull
Bull_education_Lyn,17544,17528,0.9990880072959416,292,0.016659059790050206,0,99.8117,531.7006039999998,1,0,25,Bull
Bull_office_Mai,17544,17447,0.9944710442316461,323,0.01851321144036224,0,58.378,328.9380520000001,20,4,82,Bull
Bull_assembly_Gigi,17544,17517,0.9984610123119015,400,0.022834960324256436,0,1352.3428,4354.578128,1,0,82,Bull
Bull_office_Rob,17544,17519,0.9985750113999088,347,0.019807066613391176,0,2416.6292,10457.448241999997,1,0,82,Bull
Bull_education_Dora,17544,17525,0.9989170086639307,323,0.018430813124108415,0,855.2635,2495.0486679999944,1,0,25,Bull
Bull_education_Jae,17544,17526,0.9989740082079344,319,0.018201529156681502,0,2765.84635,6042.3771,1,0,25,Bull
Bull_education_Hayley,17544,17527,0.999031007751938,279,0.015918297483882012,0,1194.5241,3262.9824560000006,1,0,25,Bull
Bull_assembly_Beau,17544,17516,0.9984040127678978,253,0.014443936971911396,0,2877.2841,9897.104029999991,2,0,82,Bull
Bull_education_Pablo,17544,17517,0.9984610123119015,376,0.021464862704801052,0,345.4447,825.149124,1,0,82,Bull
Bull_education_Pamela,17544,17513,0.9982330141358869,255,0.0145606121167133,0,1363.2267,3439.9620440000003,2,0,82,Bull
Bull_office_Trevor,17544,17508,0.9979480164158687,254,0.014507653644048435,0,374.5101,777.5823340000001,2,0,82,Bull
Bull_office_Debbie,17544,17517,0.9984610123119015,279,0.015927384826168865,0,485.4533,1025.390824,1,0,82,Bull
Bull_education_Antonia,17544,17512,0.9981760145918832,355,0.020271813613522156,0,2980.9918,6283.052958999998,1,0,82,Bull
Bull_office_Chantel,17544,17511,0.9981190150478796,282,0.016104163097481583,0,1117.9648,2193.4937600000003,1,0,82,Bull
Bull_education_Venita,17544,17518,0.9985180118559052,285,0.016268980477223426,0,247.4885,699.9999759999995,1,0,82,Bull
Bull_education_Brain,17544,17517,0.9984610123119015,276,0.01575612262373694,0,2632.7023,6642.533276000001,1,0,82,Bull
Bull_education_Fabiola,17544,17529,0.9991450068399452,409,0.023332762850134064,0,870.9711,2928.1792,1,0,130,Bull
Bull_education_Sebastian,17544,17509,0.9980050159598723,278,0.01587754868924553,0,467.1481,939.7088199999994,1,0,82,Bull
Bull_education_Olive,17544,17519,0.9985750113999088,278,0.01586848564415777,0,396.8966,1085.414116,1,0,82,Bull
Bull_office_Sally,17544,17526,0.9989740082079344,416,0.023736163414355815,0,302.3415,1696.674475,1,0,25,Bull
Bull_education_Matilda,17544,17509,0.9980050159598723,306,0.01747672625506882,0,971.2773,2732.9542039999965,9,1,53,Bull
Bull_education_Elva,17544,17511,0.9981190150478796,277,0.015818628290788648,0,520.4551,986.5891800000003,1,0,82,Bull
Bull_education_Carl,17544,17526,0.9989740082079344,503,0.028700216820723497,0,3673.8601,8913.755225,1,0,25,Bull
Bull_education_Nichole,17544,17513,0.9982330141358869,278,0.015873922229201164,0,1411.7104,3051.233492000001,2,0,82,Bull
Bull_lodging_Jeremiah,17544,17507,0.997891016871865,278,0.015879362540698008,0,938.2541,1444.115,2,0,82,Bull
Bull_assembly_Lance,17544,17509,0.9980050159598723,280,0.01599177565823291,0,3597.6718,6768.263759999997,1,0,82,Bull
Bull_education_Annette,17544,17512,0.9981760145918832,429,0.024497487437185928,0,1539.9688,3189.8936179999987,2,0,130,Bull
Bull_education_Violeta,17544,17500,0.9974920200638395,2048,0.11702857142857143,0,785.50655,2611.684758999999,26,1,1317,Bull
Bull_education_Stewart,17544,17525,0.9989170086639307,354,0.020199714693295293,0,889.2760000000001,2165.8657759999996,1,0,47,Bull
Bull_assembly_Nathanial,17544,17501,0.9975490196078431,485,0.027712702131306784,0,2636.784,4708.4629,1,0,189,Bull
Bull_lodging_Terence,17544,17490,0.996922024623803,1425,0.08147512864493997,0,291.1481,739.373,2,0,1038,Bull
Bull_lodging_Perry,17544,17518,0.9985180118559052,278,0.01586939148304601,0,473.2087,1009.3715,1,0,82,Bull
Bull_education_Mervin,17544,17515,0.9983470132238942,278,0.015872109620325436,0,1585.3601,2621.9790380000004,1,0,82,Bull
Bull_education_Lenny,17544,17518,0.9985180118559052,279,0.015926475625071355,0,288.1798,649.0639539999997,1,0,82,Bull
Bull_assembly_Vanessa,17544,17510,0.998062015503876,326,0.018617932609937177,0,1877.6216,2848.010843,2,0,82,Bull
Bull_education_Dottie,17544,17525,0.9989170086639307,599,0.03417974322396576,0,11390.4012,26449.018131999997,2,0,197,Bull
Bull_education_Nina,17544,17518,0.9985180118559052,279,0.015926475625071355,0,2479.0269,4858.032126999998,1,0,82,Bull
Bull_education_Gregory,17544,17513,0.9982330141358869,278,0.015873922229201164,0,619.2775,1443.9912,1,0,82,Bull
Bull_education_Kendra,17544,17370,0.9900820793433652,345,0.019861830742659757,0,3854.3129,7265.625088000001,143,1,82,Bull
Bull_lodging_Hugo,17544,17522,0.9987460100319198,277,0.015808697637256022,0,760.6465,1459.1264690000005,1,0,53,Bull
Bull_office_Yvonne,17544,17449,0.9945850433196535,460,0.02636254226603244,0,1446.5887,2494.1977360000005,2,0,52,Bull
Bull_education_Brenda,17544,17527,0.999031007751938,1713,0.09773492326125406,0,1466.9963,3549.5619520000046,1,0,1067,Bull
Bull_education_Bernice,17544,17526,0.9989740082079344,574,0.03275134086500057,0,1915.1592,5214.54025,1,0,237,Bull
Bull_assembly_Maren,17544,17526,0.9989740082079344,577,0.032922515120392556,0,587.0582999999999,2656.356475,1,0,101,Bull
Bull_education_Racheal,17544,17513,0.9982330141358869,283,0.01615942442756809,0,4032.6625,7958.429012000001,2,0,82,Bull
Bull_education_Luke,17544,17511,0.9981190150478796,281,0.016047056136142997,0,2744.8821,4305.778140000001,1,0,82,Bull
Bobcat_education_Toni,17544,17524,0.998860009119927,17414,0.9937228943163662,0,0.0,0.0,7,1,7503,Bobcat
Bobcat_office_Kassandra,17544,17519,0.9985750113999088,15928,0.9091843141731833,0,0.0,9.449084,9,1,15424,Bobcat
Bobcat_assembly_Camilla,17544,17519,0.9985750113999088,14496,0.8274444888406872,0,0.0,0.0584,8,1,11176,Bobcat
Bobcat_education_Seth,17544,1278,0.0728454172366621,254,0.19874804381846636,0,6.0124,18.037,16264,1,6,Bobcat
Bobcat_assembly_Franklin,17544,0,0.0,0,0.0,0,,,17544,0,0,Bobcat
Bobcat_assembly_Billy,17544,17523,0.9988030095759234,13538,0.7725846030930776,0,0.0,94.460878,8,1,13388,Bobcat
Bobcat_education_Jayne,17544,17525,0.9989170086639307,16258,0.9277032810271041,0,0.0,0.0005,8,1,3877,Bobcat
Bobcat_education_Karin,17544,17274,0.9846101231190151,16522,0.9564663656362162,0,0.0,8.6192,11,10,15424,Bobcat
Bobcat_education_Rosalva,17544,17468,0.9956680346557227,13474,0.7713533318067323,0,0.0,76.442633,51,2,10598,Bobcat
Bobcat_public_Angie,17544,16100,0.9176926584587324,16099,0.9999378881987577,0,0.0,0.0,1422,2,14322,Bobcat
Bobcat_education_Emile,17544,17522,0.9987460100319198,16488,0.940988471635658,0,0.0,17.1779,9,1,15425,Bobcat
Bobcat_other_Jovita,17544,17497,0.9973210214318285,11373,0.6499971423672629,0,0.0,68.71290400000001,20,3,1912,Bobcat
Bobcat_education_Miki,17544,17521,0.9986890104879161,8116,0.4632155698875635,0,8.5753,94.4823,8,1,2561,Bobcat
Bobcat_education_Alissa,17544,17504,0.9977200182398541,11704,0.6686471663619744,0,0.0,43.8001,9,2,3267,Bobcat
Bobcat_education_Monte,17544,17450,0.9946420428636571,15349,0.8795988538681948,0,0.0,2.5768,16,6,13429,Bobcat
Bobcat_science_Tammy,17544,17523,0.9988030095759234,11432,0.6523997032471609,0,0.0,103.0798,8,1,6963,Bobcat
Bobcat_education_Marisha,17544,17519,0.9985750113999088,13617,0.7772703921456704,0,0.0,17.1781,8,1,13385,Bobcat
Bobcat_assembly_Adam,17544,15334,0.874031007751938,14739,0.9611973392461197,0,0.0,0.773,1422,40,8565,Bobcat
Bobcat_education_Dylan,17544,17510,0.998062015503876,13859,0.7914905768132495,0,0.0,0.4289309999999994,9,2,7503,Bobcat
Bobcat_education_Whitney,17544,16102,0.9178066575467396,16102,1.0,0,0.0,0.0,1422,2,16102,Bobcat
Bobcat_other_Howard,17544,17459,0.9951550387596899,2273,0.1301907325734578,0,29.3323,875.0980779999982,8,1,661,Bobcat
Bobcat_education_Angela,17544,17518,0.9985180118559052,4942,0.28210982988925676,0,17.1946,163.19498299999998,7,1,1284,Bobcat
Crow_education_Omer,17544,16283,0.9281235750113999,11009,0.676103912055518,0,0.0,365.63247000000007,1250,1,5241,Crow
Crow_education_Keisha,17544,16281,0.9280095759233926,11265,0.6919108162889257,0,0.0,133.77234,1247,2,5357,Crow
Crow_education_Kate,17544,15437,0.8799019607843137,10248,0.6638595582043143,0,0.0,249.1104,1100,3,5231,Crow
Crow_education_Winston,17544,16538,0.9426584587323301,9947,0.6014632966501391,0,0.0,387.09259499999985,913,2,5228,Crow
Crow_education_Marlin,17544,12348,0.7038303693570451,8469,0.6858600583090378,0,0.0,744.4607960000002,912,213,4689,Crow
Swan_unknown_Rocco,17544,8735,0.49789101687186504,79,0.0090440755580996,0,302.7948,3018.213462,8785,1,37,Swan
Swan_unknown_Allison,17544,8727,0.49743502051983585,112,0.012833734387532944,0,4.3581,309.24476999999996,8785,1,37,Swan
Swan_unknown_Christoper,17544,8725,0.49732102143182855,272,0.031174785100286533,0,157.034,682.9150960000001,8785,1,37,Swan
Swan_unknown_Jerold,17544,8725,0.49732102143182855,83,0.009512893982808022,0,1081.3273,3686.9170560000002,8785,1,37,Swan
Swan_unknown_Valeria,17544,8718,0.496922024623803,3800,0.43587978894241797,0,11.684550000000002,600.4333109999999,8785,1,138,Swan
Swan_unknown_Isaiah,17544,8733,0.49777701778385774,65,0.0074430321768006414,0,128.0492,1833.20496,8785,1,37,Swan
Swan_unknown_Esteban,17544,8737,0.49800501595987234,1846,0.21128533821677922,0,29.5187,2026.9982159999977,8785,1,66,Swan
Swan_unknown_Wendy,17544,8737,0.49800501595987234,2434,0.27858532677120296,0,51.9418,447.90698799999944,8785,1,155,Swan
Swan_unknown_Douglas,17544,8733,0.49777701778385774,83,0.009504179548837742,0,322.4294,2507.3421280000007,8785,1,37,Swan
Swan_unknown_Darrin,17544,8729,0.49754901960784315,94,0.010768702027723679,0,108.7231,551.9195319999997,8785,1,37,Swan
Swan_unknown_Rudy,17544,8729,0.49754901960784315,73,0.008362928170466261,0,364.8011,1662.82086,8785,1,37,Swan
Swan_unknown_Noelia,17544,8733,0.49777701778385774,572,0.06549868315584564,0,3.7061,180.37586,8785,1,65,Swan
Swan_unknown_Raquel,17544,8730,0.49760601915184677,90,0.010309278350515464,0,246.8029,1391.943479999999,8785,1,37,Swan
Swan_unknown_Tom,17544,8749,0.4986890104879161,677,0.07738027203108927,0,0.0777,708.8491880000003,8785,1,41,Swan
Swan_unknown_Ike,17544,8727,0.49743502051983585,4748,0.5440586685000572,0,0.0,499.6025019999998,8785,1,234,Swan
Swan_unknown_Reyna,17544,8731,0.49766301869585045,72,0.00824647806665903,0,112.5751,1152.7073300000006,8785,1,37,Swan
Swan_unknown_Yoshiko,17544,8733,0.49777701778385774,6036,0.6911714187564411,0,0.0,251.03480400000004,8785,1,541,Swan
Swan_unknown_Andres,17544,8729,0.49754901960784315,68,0.007790124871119257,0,691.6832,2439.131071999998,8785,1,37,Swan
Swan_unknown_Fabian,17544,8729,0.49754901960784315,101,0.011570626646809485,0,117.2933,538.4262319999996,8785,1,37,Swan
Swan_unknown_Jan,17544,8727,0.49743502051983585,82,0.009396126962300905,0,517.3082,2278.662935999999,8785,1,37,Swan
Hog_education_Hallie,17544,17544,1.0,11933,0.6801755585955312,0,0.0,286.5086,0,0,4196,Hog
Hog_education_Wayne,17544,17544,1.0,3671,0.2092453260373917,0,20.5068,403.1042,0,0,184,Hog
Hog_lodging_Shanti,17544,17544,1.0,9275,0.5286707706338349,0,0.0,2002.7949089999993,0,0,5206,Hog
Hog_office_Bryan,17544,17544,1.0,3160,0.1801185590515276,0,19.9208,786.2875,0,0,106,Hog
Hog_office_Almeda,17544,17544,1.0,7366,0.41985864113087096,0,4.6873,241.6867,0,0,3143,Hog
Hog_office_Cornell,17544,17544,1.0,403,0.022970816233470134,0,856.01045,12761.551212999999,0,0,74,Hog
Hog_education_Martha,17544,17544,1.0,68,0.003875968992248062,0,46.8726,1551.4823,0,0,2031,Hog
Hog_office_Roger,17544,17544,1.0,8521,0.48569311445508434,0,12.889949999999999,2713.9222,0,0,1169,Hog
Hog_office_Elizbeth,17544,17544,1.0,0,0.0,0,42.1853,561.6330629999998,0,0,18,Hog
Hog_office_Marlena,17544,17544,1.0,14706,0.8382352941176471,0,0.0,473.5800099999999,0,0,4266,Hog
Hog_education_Donnie,17544,17544,1.0,10520,0.5996352029183767,0,0.0,1003.7410829999997,0,0,3942,Hog
Hog_office_Candi,17544,17544,1.0,1125,0.06412448700410396,0,351.5443,8573.656367,0,0,163,Hog
Hog_office_Corey,17544,17544,1.0,10660,0.6076151390788874,0,0.0,911.6716,0,0,4344,Hog
Hog_office_Cordelia,17544,17544,1.0,14887,0.8485522115823073,0,0.0,516.7702,0,0,5082,Hog
Hog_public_Kevin,17544,17539,0.9997150022799818,280,0.015964422144934147,0,590.5945,5702.611425999995,1,0,25,Hog
Hog_lodging_Shonda,17544,17544,1.0,1,5.699954400364797e-05,0,182.21710000000002,667.9342,0,0,9,Hog
Hog_office_Marlene,17544,17544,1.0,6898,0.39318285453716373,0,0.952,210.947462,0,0,6898,Hog
Hog_assembly_Edward,17544,17544,1.0,12311,0.7017213862289101,0,0.0,124.2123,0,0,3881,Hog
Hog_education_Casandra,17544,17544,1.0,6598,0.3760829913360693,0,221.4729,5577.496834999999,0,0,6565,Hog
Hog_office_Sarah,17544,17544,1.0,7200,0.4103967168262654,0,42.7712,4281.973951999999,0,0,1882,Hog
Hog_assembly_Annemarie,17544,17544,1.0,6188,0.35271317829457366,0,178.1158,9423.057771999998,0,0,432,Hog
Hog_office_Sydney,17544,17544,1.0,8305,0.4733812129502964,0,37.1318,324.7595529999999,0,0,4204,Hog
Hog_office_Terry,17544,17544,1.0,0,0.0,0,393.7296,4902.367626,0,0,11,Hog
Hog_office_Shawna,17544,17544,1.0,8278,0.4718422252621979,0,10.5463,782.2681259999996,0,0,4655,Hog
Hog_education_Janell,17544,17543,0.9999430004559964,0,0.0,0,1528.9249,1220750.8314779995,1,0,3,Hog
Hog_office_Miriam,17544,17544,1.0,11415,0.6506497948016415,0,0.0,135.86759099999995,0,0,4370,Hog
Hog_office_Guadalupe,17544,17541,0.999829001367989,0,0.0,0,39.8417,745.9770799999982,2,0,16,Hog
Hog_education_Madge,17544,17544,1.0,11301,0.6441518467852257,0,0.0,830.8164,0,0,4370,Hog
Hog_office_Nia,17544,17544,1.0,1295,0.07381440948472412,0,1894.54925,12825.619020999999,0,0,65,Hog
Hog_office_Joey,17544,17544,1.0,6,0.0003419972640218878,0,3309.2039,15145.185764999998,0,0,11,Hog
Hog_office_Napoleon,17544,17544,1.0,3405,0.19408344733242133,0,51.5598,1062.9997519999993,0,0,41,Hog
Hog_office_Lanell,17544,17544,1.0,11819,0.6736776105791153,0,0.0,937.2815889999995,0,0,3042,Hog
Hog_education_Beth,17544,17544,1.0,0,0.0,0,157.0231,2293.404851999999,0,0,8,Hog
Hog_office_Bessie,17544,17544,1.0,9,0.0005129958960328317,0,7.0309,468.30685299999993,0,0,11,Hog
Hog_assembly_Arlie,17544,17544,1.0,17544,1.0,0,0.0,0.0,0,0,17544,Hog
Hog_office_Catharine,17544,17544,1.0,3747,0.21357729138166895,0,116.0096,4024.6786259999994,0,0,759,Hog
Hog_office_Darline,17544,17544,1.0,1166,0.06646146830825353,0,294.1254,693.7141,0,0,1166,Hog
Hog_office_Gustavo,17544,17544,1.0,12315,0.7019493844049247,0,0.0,871.0740889999994,0,0,3785,Hog
Hog_education_Sonia,17544,17544,1.0,3353,0.19111947104423166,0,703.0887,5620.3149,0,0,1065,Hog
Hog_office_Rolando,17544,17544,1.0,3,0.0001709986320109439,0,459.3513,8086.679638999997,0,0,22,Hog
Hog_office_Charla,17544,17544,1.0,2678,0.15264477884176927,0,14.0618,799.1774,0,0,135,Hog
Hog_office_Simon,17544,17544,1.0,7885,0.44944140446876424,0,9.9604,490.9902,0,0,3261,Hog
Hog_office_Betsy,17544,17544,1.0,0,0.0,0,264.8301,3720.3408889999996,0,0,6,Hog
Hog_lodging_Ora,17544,17544,1.0,14026,0.7994756041951664,0,0.0,1556.0845729999999,0,0,12011,Hog
Hog_office_Elnora,17544,17529,0.9991450068399452,3,0.00017114495978093444,0,517.942,3516.0292,4,0,128,Hog
Hog_office_Elke,17544,17544,1.0,7642,0.4355905152758778,0,4.6873,344.84736299999986,0,0,895,Hog
Hog_education_Luvenia,17544,17544,1.0,3095,0.17641358869129048,0,1162.4399,9792.337521999998,0,0,987,Hog
Hog_education_Cathleen,17544,17544,1.0,0,0.0,0,667.9342,2977.7445089999997,0,0,4,Hog
Hog_office_Mary,17544,17544,1.0,12915,0.7361491108071135,0,0.0,921.0461,0,0,3086,Hog
Hog_health_Hisako,17544,17544,1.0,6893,0.39289785681714545,0,84.3706,1996.7718,0,0,3141,Hog
Hog_parking_Bernardo,17544,17541,0.999829001367989,17,0.0009691579727495582,0,18.1631,187.2412599999999,2,0,8,Hog
Hog_office_Leanne,17544,17544,1.0,8403,0.4789671682626539,0,14.0618,587.0790000000001,0,0,4273,Hog
Hog_office_Josefina,17544,17544,1.0,7177,0.40908572731418147,0,22.2645,2027.4030089999994,0,0,927,Hog
Hog_office_Nancie,17544,17544,1.0,7326,0.417578659370725,0,11.7181,1049.9457,0,0,3191,Hog
Hog_education_Jared,17544,17454,0.9948700410396717,9661,0.5535120889194454,0,0.0,46.7994,9,4,5742,Hog
Hog_health_Jenny,17544,17544,1.0,4283,0.24412904696762425,0,3.8084,759.2302349999998,0,0,1465,Hog
Hog_office_Shon,17544,17544,1.0,12867,0.7334131326949385,0,0.0,1052.037363,0,0,3194,Hog
Hog_office_Corie,17544,17544,1.0,8,0.00045599635202918376,0,39.8417,1412.7043259999996,0,0,103,Hog
Hog_education_Bruno,17544,17544,1.0,10216,0.5823073415412676,0,0.0,5710.064168999996,0,0,3810,Hog
Hog_office_Catalina,17544,17544,1.0,12855,0.7327291381668947,0,0.0,182.18566699999997,0,0,3285,Hog
Hog_education_Caridad,17544,17544,1.0,528,0.030095759233926128,0,1898.3394,33955.103977999985,0,0,252,Hog
Hog_education_Roberto,17544,17544,1.0,6905,0.39358185134518925,0,117.1814,2749.404760999999,0,0,109,Hog
Hog_education_George,17544,17544,1.0,9147,0.521374829001368,0,0.0,747.1137259999997,0,0,9146,Hog
Hog_public_Octavia,17544,17544,1.0,6881,0.3922138622891017,0,337.4826,5582.5239,0,0,1507,Hog
Hog_assembly_Maribel,17544,17544,1.0,0,0.0,0,398.4169,3447.056151999999,0,0,5,Hog
Hog_office_Darlene,17544,17544,1.0,51,0.0029069767441860465,0,21.0927,1774.2910519999994,0,0,7,Hog
Hog_education_Mathilda,17544,17544,1.0,6531,0.37226402188782487,0,33.861999999999995,327.5221,0,0,3029,Hog
Hog_office_Myles,17544,17544,1.0,250,0.014249886000911993,0,50.0951,434.3242099999999,0,0,20,Hog
Hog_education_Jewel,17544,17544,1.0,8468,0.482672138622891,0,30.4672,493.66786299999984,0,0,4079,Hog
Hog_education_Leandro,17544,17544,1.0,9057,0.5162448700410397,0,0.0,963.2315,0,0,3101,Hog
Hog_lodging_Brian,17544,17544,1.0,14144,0.8062015503875969,0,0.0,918.0316729999997,0,0,12011,Hog
Hog_office_Eloise,17544,17544,1.0,9785,0.5577405380756953,0,0.0,613.5268829999997,0,0,3765,Hog
Hog_office_Byron,17544,17544,1.0,0,0.0,0,1043.6471999999999,12601.097539999997,0,0,19,Hog
Hog_public_Gerard,17544,17544,1.0,8539,0.48671910624715004,0,0.8789,188.0762,0,0,4413,Hog
Hog_assembly_Pedro,17544,17544,1.0,9024,0.5143638850889193,0,0.0,748.9564099999999,0,0,3935,Hog
Hog_education_Odell,17544,17544,1.0,0,0.0,0,890.579,7533.079264999998,0,0,11,Hog
Hog_health_May,17544,17544,1.0,2176,0.12403100775193798,0,545.7726,9358.11,0,0,2176,Hog
Hog_public_Brad,17544,17544,1.0,0,0.0,0,3295.1421,7064.353564999998,0,0,4,Hog
Hog_office_Emmanuel,17544,17544,1.0,10119,0.5767783857729138,0,0.0,75.03782399999997,0,0,3353,Hog
Hog_education_Haywood,17544,17544,1.0,6985,0.39814181486548106,0,128.3137,894.8473099999999,0,0,3120,Hog
Hog_public_Crystal,17544,17544,1.0,11338,0.6462608299133606,0,0.0,1331.1812,0,0,4393,Hog
Hog_office_Cortney,17544,17544,1.0,1783,0.10163018695850433,0,25.7799,1033.5403,0,0,901,Hog
Hog_office_Vera,17544,17544,1.0,13472,0.7678978568171455,0,0.0,1555.1617519999993,0,0,3540,Hog
Hog_office_Richelle,17544,17544,1.0,1475,0.08407432740538076,0,107.221,1523.0658,0,0,105,Hog
Hog_assembly_Jasmine,17544,17544,1.0,7514,0.42829457364341084,0,4.8336,181.75393599999998,0,0,3939,Hog
Hog_office_Garrett,17544,17495,0.9972070223438213,2101,0.12009145470134325,0,18.749,2188.9493,15,4,214,Hog
Hog_office_Denita,17544,17544,1.0,12621,0.719391244870041,0,0.0,1080.4129,0,0,2607,Hog
Eagle_office_Lamont,17544,17544,1.0,1195,0.06811445508435933,0,51986.3847,144393.913,0,0,533,Eagle
Eagle_health_Athena,17544,17544,1.0,130,0.007409940720474236,0,443053.63045,1406631.7374319998,0,0,78,Eagle
Eagle_office_Ryan,17544,17544,1.0,6039,0.3442202462380301,0,21306.2617,105356.99674499998,0,0,1065,Eagle
Eagle_public_Alvin,17544,17544,1.0,574,0.03271773825809394,0,101196.90345,378831.50482699997,0,0,78,Eagle
Eagle_education_Raul,17544,17544,1.0,900,0.05129958960328317,0,450966.97235,3092071.36402,0,0,819,Eagle
Eagle_education_Roman,17544,17544,1.0,1402,0.07991336069311446,0,640207.0787,3016807.66865,0,0,1327,Eagle
Eagle_office_Mandi,17544,17544,1.0,1197,0.06822845417236661,0,43936.8819,89497.622805,0,0,533,Eagle
Eagle_education_Jewell,17544,17544,1.0,6150,0.350547195622435,0,112583.8841,1329822.9649849997,0,0,1659,Eagle
Eagle_office_Henriette,17544,17544,1.0,590,0.033629730962152306,0,68297.134,194846.40273099998,0,0,506,Eagle
Eagle_health_Margo,17544,15431,0.8795599635202919,1129,0.07316440930594258,0,85793.7804,213765.72071000005,158,61,533,Eagle
Eagle_health_Reba,17544,17544,1.0,96,0.005471956224350205,0,391389.5359,1765721.628602,0,0,78,Eagle
Eagle_lodging_Edgardo,17544,17543,0.9999430004559964,84,0.004788234623496551,0,46803.7904,213788.636492,1,0,78,Eagle
Eagle_office_Sonya,17544,17544,1.0,5462,0.3113315093479252,0,187773.2127,1091438.4584829998,0,0,389,Eagle
Eagle_education_Cassie,17544,17544,1.0,6716,0.38280893752849976,0,68277.21979999999,263519.75745499996,0,0,871,Eagle
Eagle_food_Jennifer,17544,17544,1.0,6768,0.3857729138166895,0,31253.956,373897.863198,0,0,2629,Eagle
Eagle_office_Yadira,17544,17544,1.0,6728,0.38349293205654356,0,54102.76760000001,725380.4769969999,0,0,430,Eagle
Eagle_education_Peter,17544,17544,1.0,221,0.012596899224806201,0,1740656.3579,8327451.566084,0,0,154,Eagle
Eagle_health_Gregoria,17544,17544,1.0,778,0.044345645234838124,0,945447.4123,1791891.208668,0,0,365,Eagle
Eagle_lodging_Dawn,17544,17544,1.0,1196,0.06817145462836298,0,68051.0862,251253.5782229999,0,0,406,Eagle
Eagle_education_Shanna,17544,17544,1.0,128,0.00729594163246694,0,401007.97959999996,644765.649486,0,0,57,Eagle
Eagle_office_Nereida,17544,17544,1.0,1413,0.08054035567715458,0,142309.04985,591864.7974,0,0,533,Eagle
Eagle_lodging_Tressa,17544,17544,1.0,115,0.0065549475604195166,0,67693.23185000001,249934.79859199992,0,0,78,Eagle
Eagle_education_Eileen,17544,16611,0.9468194254445964,1527,0.09192703630124616,0,34513.7408,210091.8735,232,7,539,Eagle
Eagle_office_Efrain,17544,17544,1.0,8828,0.5031919744642043,0,0.0,392159.6918899999,0,0,325,Eagle
Eagle_education_Lino,17544,10910,0.6218650250797993,188,0.017231897341888177,0,313879.041,790119.416,234,216,78,Eagle
Eagle_office_Jeff,17544,17544,1.0,8683,0.4949270405836753,0,879.2130000000001,226543.883,0,0,509,Eagle
Eagle_education_Wesley,17544,17544,1.0,378,0.021545827633378933,0,126752.88510000001,413865.37802199996,0,0,143,Eagle
Eagle_assembly_Lacy,17544,17544,1.0,5166,0.29445964432284544,0,54107.295549999995,122720.65103999998,0,0,389,Eagle
Eagle_office_Chantelle,17544,17544,1.0,4111,0.2343251253989968,0,44457.11225,118170.086965,0,0,3953,Eagle
Eagle_lodging_Andy,17544,17544,1.0,2401,0.13685590515275878,0,36006.834950000004,1162606.826935999,0,0,132,Eagle
Eagle_education_Sheena,17544,17544,1.0,6160,0.3511171910624715,0,18406.73445,281440.482347,0,0,1728,Eagle
Eagle_office_Lane,17544,17544,1.0,2007,0.11439808481532147,0,32302.6959,245756.99291799997,0,0,1484,Eagle
Eagle_health_Vincenza,17544,17544,1.0,6264,0.35704514363885087,0,33352.212499999994,273922.9319069999,0,0,79,Eagle
Eagle_assembly_Ian,17544,17544,1.0,7569,0.4314295485636115,0,81630.98525,1956415.0804159993,0,0,390,Eagle
Eagle_education_Shante,17544,17544,1.0,52,0.0029639762881896944,0,1002769.3744,2678653.746293,0,0,57,Eagle
Eagle_office_Jackie,17544,17536,0.9995440036479708,79,0.004505018248175182,0,79468.4876,320017.4424,2,0,57,Eagle
Eagle_office_Isidro,17544,17544,1.0,189,0.010772913816689466,0,10858.2806,109258.88689499999,0,0,78,Eagle
Eagle_office_Donovan,17544,17544,1.0,1554,0.08857729138166895,0,17291.189,446054.062,0,0,267,Eagle
Eagle_office_Chauncey,17544,15431,0.8795599635202919,1129,0.07316440930594258,0,795812.7012,1982865.2228900006,158,61,533,Eagle
Eagle_assembly_Estelle,17544,17544,1.0,8019,0.4570793433652531,0,3043.2199499999997,104282.223,0,0,375,Eagle
Eagle_office_Phyllis,17544,17544,1.0,1197,0.06822845417236661,0,106754.30625,217454.08986799998,0,0,533,Eagle
Eagle_education_Samantha,17544,17544,1.0,223,0.012710898312813497,0,317376.56495,624703.9354929999,0,0,78,Eagle
Eagle_office_Randolph,17544,17544,1.0,672,0.038303693570451436,0,102655.29800000001,499401.54400899995,0,0,82,Eagle
Eagle_education_April,17544,17544,1.0,3172,0.18080255357957137,0,47132.05925,210447.60191299993,0,0,380,Eagle
Eagle_office_Freida,17544,17544,1.0,1729,0.09855221158230734,0,26600.281600000002,399821.07808099996,0,0,217,Eagle
Eagle_office_Francis,17544,17544,1.0,108,0.006155950752393981,0,372584.91359999997,1205521.4971829995,0,0,78,Eagle
Eagle_office_Sheree,17544,16120,0.9188326493388053,2278,0.1413151364764268,0,67457.9691,254096.68430199992,209,40,206,Eagle
Eagle_education_Sherrill,17544,17544,1.0,95,0.005414956680346557,0,1226611.7582,4475332.895158997,0,0,78,Eagle
Eagle_office_Mable,17544,17544,1.0,2778,0.15834473324213405,0,47606.07225,217253.69375199996,0,0,2437,Eagle
Eagle_education_Brooke,17544,17544,1.0,80,0.004559963520291838,0,1027212.71205,4594462.405730999,0,0,78,Eagle
Eagle_office_Demetra,17544,16954,0.9663702690378477,9551,0.5633478825056034,0,0.0,829983.7343550001,31,51,503,Eagle
Eagle_education_Alberto,17544,17544,1.0,77,0.004388964888280894,0,832479.81045,2054319.5978579996,0,0,78,Eagle
Eagle_food_Kay,17544,17544,1.0,1406,0.08014135886912904,0,123969.033,875403.077,0,0,156,Eagle
Eagle_public_Pearle,17544,17428,0.9933880528955769,7929,0.454957539591462,0,96747.2064,1546979.5547119998,5,0,738,Eagle
Eagle_office_Elias,17544,17542,0.9998860009119928,3658,0.20852810397902177,0,22670.00895,579605.5287680001,1,0,738,Eagle
Eagle_health_Jodi,17544,17544,1.0,137,0.007808937528499772,0,206201.8249,616575.0706079998,0,0,78,Eagle
Eagle_public_Preston,17544,17544,1.0,961,0.0547765617875057,0,628037.7742999999,879113.2055139999,0,0,169,Eagle
Eagle_assembly_Latrina,17544,17544,1.0,4791,0.27308481532147744,0,41172.0208,470990.56929299986,0,0,264,Eagle
Eagle_public_Ola,17544,17544,1.0,3487,0.19875740994072047,0,205021.4814,427455.252902,0,0,416,Eagle
Eagle_public_Henry,17544,17544,1.0,87,0.004958960328317373,0,38791.37575,115439.88003999999,0,0,78,Eagle
Eagle_education_Norah,17544,17544,1.0,419,0.0238828089375285,0,334344.7165,1962357.210741,0,0,265,Eagle
Eagle_education_Will,17544,17544,1.0,220,0.012539899680802553,0,133091.93755,432603.90257399995,0,0,78,Eagle
Eagle_lodging_Stephanie,17544,17544,1.0,637,0.03630870953032376,0,64778.05465,230979.777508,0,0,142,Eagle
Eagle_assembly_Candice,17544,17544,1.0,14023,0.7993046055631555,0,0.0,303024.6834869997,0,0,2144,Eagle
Eagle_public_Missy,17544,17544,1.0,4597,0.2620269037847697,0,32928.1241,241816.69321,0,0,189,Eagle
Eagle_lodging_Blake,17544,17544,1.0,17544,1.0,0,0.0,0.0,0,0,17544,Eagle
Eagle_education_Petra,17544,17544,1.0,6744,0.3844049247606019,0,54427.09465,229164.001659,0,0,308,Eagle
Eagle_lodging_Terri,17544,17544,1.0,9222,0.5256497948016415,0,0.0,15356.9204,0,0,1517,Eagle
Eagle_lodging_Trina,17544,17544,1.0,2511,0.14312585499316005,0,39815.7322,228107.17910399995,0,0,410,Eagle
Eagle_office_Lillian,17544,17544,1.0,2343,0.1335499316005472,0,52481.2937,275484.16012099996,0,0,1294,Eagle
Eagle_office_Damian,17544,17544,1.0,3312,0.18878248974008208,0,323122.2366,1435589.9766,0,0,450,Eagle
Eagle_health_Amy,17544,17544,1.0,150,0.008549931600547196,0,33737.2785,349329.012883,0,0,213,Eagle
Eagle_health_Reuben,17544,17544,1.0,104,0.005927952576379389,0,274318.07545,1034696.9001709999,0,0,78,Eagle
Eagle_education_Teresa,17544,17544,1.0,88,0.005015959872321021,0,68624.8753,331988.39223199995,0,0,78,Eagle
Eagle_assembly_Josie,17544,17544,1.0,4791,0.27308481532147744,0,31682.57235,362435.1875829999,0,0,264,Eagle
Eagle_office_Norbert,17544,17542,0.9998860009119928,1140,0.06498688861019268,0,201907.35295,501416.308948,2,0,533,Eagle
Eagle_lodging_Casey,17544,17544,1.0,1144,0.06520747834017328,0,72974.679,352564.41299999994,0,0,406,Eagle
Eagle_office_Elvis,17544,17544,1.0,8657,0.4934450524395805,0,36.3115,256898.03777499992,0,0,1122,Eagle
Eagle_office_Tia,17544,16569,0.9444254445964432,423,0.025529603476371537,0,178061.3233,906950.8783079999,692,3,267,Eagle
Eagle_office_Remedios,17544,15431,0.8795599635202919,1129,0.07316440930594258,0,172435.1221,429643.31985000015,158,61,533,Eagle
Eagle_public_Minnie,17544,17544,1.0,363,0.020690834473324215,0,226639.86375000002,452135.2852,0,0,277,Eagle
Eagle_office_Patrice,17544,17544,1.0,85,0.0048449612403100775,0,133011.94384999998,431773.79358899995,0,0,78,Eagle
Eagle_education_Luther,17544,17544,1.0,96,0.005471956224350205,0,660083.8133,2015156.196,0,0,78,Eagle
Eagle_education_Paul,17544,17544,1.0,6160,0.3511171910624715,0,17249.63155,263748.45541999995,0,0,1728,Eagle
Eagle_assembly_Margret,17544,16938,0.9654582763337893,607,0.035836580469949225,0,284129.66755,1417884.0167750006,31,38,211,Eagle
Eagle_office_Marisela,17544,17544,1.0,1196,0.06817145462836298,0,300337.1972,834225.6637,0,0,533,Eagle
Eagle_education_Shana,17544,17544,1.0,131,0.007466940264477884,0,148222.9442,518606.0733799999,0,0,78,Eagle
Cockatoo_lodging_Aimee,17544,16894,0.9629502963976289,717,0.042441103350301886,0,12.67245,204.115311,157,8,3,Cockatoo
Cockatoo_assembly_Meredith,17544,12937,0.7374031007751938,30,0.002318930200200974,0,15.2413,300.1652199999999,3151,6,14,Cockatoo
Cockatoo_assembly_Rodger,17544,15867,0.9044117647058824,0,0.0,0,835.1657,1595.211864,1158,7,2,Cockatoo
Cockatoo_assembly_Genoveva,17544,14458,0.8240994072047424,7026,0.4859593304744778,0,13.5624,249.18169700000004,1376,9,2119,Cockatoo
Cockatoo_office_Jimmy,17544,15454,0.8808709530323757,286,0.01850653552478323,0,20.6177,285.43590899999987,1158,9,9,Cockatoo
Cockatoo_office_Rodney,17544,15846,0.9032147742818057,0,0.0,0,19.9467,68.89155999999997,1158,8,1,Cockatoo
Cockatoo_education_Helene,17544,15615,0.8900478796169631,0,0.0,0,243.6618,1709.5548600000002,1158,10,1,Cockatoo
Cockatoo_assembly_Griselda,17544,15258,0.8696990424076607,68,0.004456678463756717,0,66.38985,605.19231,1158,9,26,Cockatoo
Cockatoo_lodging_Cletus,17544,4625,0.26362289101687186,1883,0.40713513513513516,0,58.8861,772.7114040000006,12873,2,1482,Cockatoo
Cockatoo_education_Eunice,17544,15861,0.9040697674418605,0,0.0,0,73.0379,1637.8153,1158,7,1,Cockatoo
Cockatoo_lodging_Katharine,17544,15841,0.9029297765617875,0,0.0,0,101.919,246.59394000000003,1158,8,1,Cockatoo
Cockatoo_lodging_Lana,17544,15094,0.8603511171910625,2,0.00013250298131707962,0,128.4241,427.206438,1158,11,2,Cockatoo
Cockatoo_education_Priscilla,17544,15866,0.9043547651618787,1,6.302785831337451e-05,0,157.24875,427.51374500000026,1158,7,1,Cockatoo
Cockatoo_industrial_Elina,17544,15182,0.8653670770633834,942,0.06204716111184297,0,633.67535,2907.8705300000006,1158,10,631,Cockatoo
Cockatoo_education_Mayra,17544,15867,0.9044117647058824,2,0.00012604777210562803,0,117.6007,576.50493,1158,7,1,Cockatoo
Cockatoo_lodging_Kyle,17544,14731,0.8396602827177383,0,0.0,0,13.5817,625.9415000000006,1158,9,2,Cockatoo
Cockatoo_assembly_Emilio,17544,15838,0.9027587779297765,6653,0.42006566485667385,0,0.5325,96.24467999999987,1158,8,1019,Cockatoo
Cockatoo_office_Delores,17544,15845,0.9031577747378021,27,0.0017040075733669928,0,19.3916,198.2179079999999,1158,8,4,Cockatoo
Cockatoo_office_Kristin,17544,15820,0.9017327861377109,0,0.0,0,52.4818,765.5414689999996,1158,9,1,Cockatoo
Cockatoo_science_Rex,17544,15867,0.9044117647058824,0,0.0,0,359.8269,2982.7586180000008,1158,7,1,Cockatoo
Cockatoo_education_Laurence,17544,15867,0.9044117647058824,0,0.0,0,223.487,2021.1062080000002,1158,7,1,Cockatoo
Cockatoo_lodging_Lynne,17544,491,0.027986776105791155,0,0.0,0,29.7392,88.06190000000008,17053,1,1,Cockatoo
Cockatoo_office_Elbert,17544,14954,0.8523711810305518,426,0.028487361241139493,0,14.14125,169.1113649999999,1158,8,57,Cockatoo
Cockatoo_education_Brendan,17544,15842,0.9029867761057911,9957,0.6285191263729327,0,0.0,58.24675500000002,1158,8,2125,Cockatoo
Cockatoo_office_Georgia,17544,15859,0.9039557683538532,191,0.012043634529289363,0,73.7304,192.738356,1158,7,164,Cockatoo
Cockatoo_education_Magdalena,17544,15864,0.9042407660738714,7109,0.44812153303076147,0,18.897100000000002,207.5605429999999,1158,7,3543,Cockatoo
Cockatoo_lodging_Alicia,17544,15865,0.904297765617875,8794,0.5543019224708478,0,0.0,68.12345200000001,1158,7,1028,Cockatoo
Cockatoo_lodging_Fritz,17544,15864,0.9042407660738714,7804,0.49193141704488147,0,10.8771,205.586579,1158,7,2126,Cockatoo
Cockatoo_lodging_Jarrod,17544,0,0.0,0,0.0,0,,,17544,0,0,Cockatoo
Cockatoo_lodging_Tessie,17544,15865,0.904297765617875,1019,0.06422943586511189,0,8.2115,596.1499960000001,1158,7,259,Cockatoo
Cockatoo_education_Brigitte,17544,15867,0.9044117647058824,439,0.027667485977185352,0,74.2787,606.5214960000001,1158,7,439,Cockatoo
Cockatoo_lodging_Jim,17544,9620,0.5483356133150935,265,0.02754677754677755,0,9.25865,20.175366999999998,7695,4,65,Cockatoo
Cockatoo_education_Erik,17544,15844,0.9031007751937985,1014,0.06399899015400151,0,76.40425,1138.6726419999998,1158,8,21,Cockatoo
Cockatoo_education_Clifton,17544,15495,0.8832079343365253,1,6.453694740238787e-05,0,20.7452,207.76326,1158,8,2,Cockatoo
Cockatoo_education_Charity,17544,15840,0.9028727770177839,2,0.00012626262626262626,0,66.1335,228.4130740000001,1158,9,1,Cockatoo
Cockatoo_education_Nelda,17544,15852,0.9035567715458276,0,0.0,0,667.03215,1418.0907819999998,1158,7,1,Cockatoo
Cockatoo_education_Terrence,17544,15866,0.9043547651618787,41,0.002584142190848355,0,145.1341,1792.3784200000002,1158,7,2,Cockatoo
Cockatoo_office_Pansy,17544,15840,0.9028727770177839,30,0.001893939393939394,0,21.255650000000003,462.55858800000027,1158,8,3,Cockatoo
Cockatoo_lodging_Emory,17544,15867,0.9044117647058824,0,0.0,0,40.1498,1562.1423040000006,1158,7,1,Cockatoo
Cockatoo_office_Paige,17544,15284,0.8711810305517556,0,0.0,0,23.67895,184.79441700000004,1158,10,2,Cockatoo
Cockatoo_office_Lorraine,17544,15426,0.8792749658002736,113,0.007325294956566835,0,123.21244999999999,301.51315,1158,9,64,Cockatoo
Cockatoo_education_Maynard,17544,0,0.0,0,0.0,0,,,17544,0,0,Cockatoo
Cockatoo_education_Doreen,17544,1978,0.11274509803921569,57,0.028816986855409503,0,0.6622,92.15243000000001,15566,1,28,Cockatoo
Cockatoo_education_Christi,17544,15683,0.8939238486092111,7,0.00044634317413760124,0,14.6776,64.26424200000001,1158,10,3,Cockatoo
Cockatoo_public_Valerie,17544,15598,0.8890788873689011,0,0.0,0,384.16790000000003,1630.39934,1158,10,1,Cockatoo
Cockatoo_education_Jon,17544,15867,0.9044117647058824,0,0.0,0,94.4422,946.1103560000001,1158,7,2,Cockatoo
Cockatoo_office_Alton,17544,15839,0.9028157774737802,2,0.00012627059789128102,0,212.8204,356.092282,1158,8,1,Cockatoo
Cockatoo_office_Laila,17544,15867,0.9044117647058824,752,0.047393962311716144,0,253.8512,1007.8254320000001,1158,7,19,Cockatoo
Cockatoo_education_Evangeline,17544,0,0.0,0,0.0,0,,,17544,0,0,Cockatoo
Cockatoo_lodging_Albert,17544,15862,0.9041267669858641,7723,0.48688689950825875,0,7.0995,372.414373,1158,7,1529,Cockatoo
Cockatoo_education_Rita,17544,15840,0.9028727770177839,1683,0.10625,0,7.6549499999999995,204.70046100000002,1158,8,45,Cockatoo
Cockatoo_assembly_Tabitha,17544,15578,0.8879388964888281,1,6.419309282321222e-05,0,199.01065,1382.1839599999998,1158,11,1,Cockatoo
Cockatoo_education_Latrice,17544,15739,0.8971158230734154,457,0.0290361522333058,0,18.2848,1249.4366699999985,1158,9,34,Cockatoo
Cockatoo_lodging_Ana,17544,15840,0.9028727770177839,10534,0.6650252525252526,0,0.0,147.39147200000022,1158,8,2126,Cockatoo
Cockatoo_office_Gail,17544,15843,0.9030437756497948,0,0.0,0,111.302,641.3591779999999,1158,8,1,Cockatoo
Cockatoo_education_Flora,17544,15393,0.8773939808481532,4025,0.2614824920418372,0,1.6255,70.60815999999998,1158,11,1578,Cockatoo
Cockatoo_office_Jodie,17544,15346,0.8747150022799818,5538,0.3608757982536166,0,0.9448000000000001,11.304904999999998,1158,9,243,Cockatoo
Cockatoo_education_Orlando,17544,15846,0.9032147742818057,7,0.0004417518616685599,0,133.03525,380.84141499999987,1158,8,7,Cockatoo
Cockatoo_office_Giovanni,17544,15811,0.9012197902416781,2,0.0001264942128897603,0,110.8501,641.78901,1158,9,1,Cockatoo
Cockatoo_office_Roxanna,17544,15867,0.9044117647058824,0,0.0,0,82.4378,1478.7909700000005,1158,7,1,Cockatoo
Cockatoo_lodging_Raphael,17544,15861,0.9040697674418605,0,0.0,0,114.221,771.0698399999999,1158,7,1,Cockatoo
Cockatoo_religion_Diedre,17544,15862,0.9041267669858641,1,6.304375236414071e-05,0,18.3293,65.90107899999994,1158,7,2,Cockatoo
Cockatoo_office_Nola,17544,15866,0.9043547651618787,30,0.0018908357494012353,0,53.5354,264.85639000000003,1158,7,28,Cockatoo
Cockatoo_assembly_Doyle,17544,15814,0.9013907888736891,371,0.02346022511698495,0,29.987650000000002,150.37988099999995,1158,10,110,Cockatoo
Cockatoo_lodging_Kerri,17544,14726,0.8393752849977201,7127,0.48397392367241615,0,6.184900000000001,400.50237500000003,1158,10,1531,Cockatoo
Cockatoo_education_Janet,17544,15849,0.9033857729138167,0,0.0,0,330.0726,3752.50952,1158,8,1,Cockatoo
Cockatoo_education_Minh,17544,15867,0.9044117647058824,0,0.0,0,4.7358,37.292208,1158,7,2,Cockatoo
Cockatoo_education_June,17544,15851,0.903499772001824,191,0.012049712951864236,0,56.0044,1274.1930499999999,1158,9,24,Cockatoo
Cockatoo_education_Lionel,17544,15845,0.9031577747378021,1855,0.11707163142947302,0,24.8374,626.055928,1158,8,73,Cockatoo
Cockatoo_public_Leah,17544,15825,0.9020177838577291,3324,0.21004739336492892,0,29.0858,395.82101200000005,1158,9,779,Cockatoo
Cockatoo_health_Ashlie,17544,15866,0.9043547651618787,47,0.0029623093407286022,0,221.5772,498.57766,1158,7,2,Cockatoo
