building_id,n_rows,n_error,n_warn,error_frac,verdict,R001,R002,R003,R004,R005,R006,site_id,coverage,nonzero_frac
Panther_education_Jerome,17544,1515,6,0.08635430916552668,Reject,0,0,0,0,6,1515,Panther,0.9133,0.991
Panther_retail_Kristina,17544,1587,13,0.09045827633378933,Reject,0,0,1,0,12,1587,Panther,0.9089,0.4661
Panther_education_Neal,17544,1517,10,0.08646830825353397,Reject,0,1,2,0,8,1516,Panther,0.9131,0.8266
Panther_lodging_Kara,17544,1540,7,0.08777929776561788,Reject,0,0,2,0,5,1540,Panther,0.9119,0.9746
Panther_office_Lavinia,17544,1522,7,0.08675330597355221,Reject,0,0,0,0,7,1522,Panther,0.9128,0.9956
Panther_education_Enriqueta,17544,1516,5,0.08641130870953033,Reject,0,0,0,0,5,1516,Panther,0.9133,0.7952
Panther_education_Aurora,17544,1515,5,0.08635430916552668,Reject,0,0,1,0,4,1515,Panther,0.9134,0.9881
Panther_education_Vincent,17544,1516,129,0.08641130870953033,Reject,0,0,1,0,128,1516,Panther,0.9063,0.804
Panther_office_Brent,17544,1515,4,0.08635430916552668,Reject,0,0,0,0,4,1515,Panther,0.9134,0.8291
Panther_office_Karla,17544,1516,51,0.08641130870953033,Reject,0,0,43,0,8,1516,Panther,0.9131,0.8241
Panther_education_Quintin,17544,1515,51,0.08635430916552668,Reject,0,0,47,0,4,1515,Panther,0.9134,0.9005
Panther_education_Emily,17544,1516,10,0.08641130870953033,Reject,0,0,0,0,10,1516,Panther,0.913,0.9415
Panther_education_Cleopatra,17544,1516,25,0.08641130870953033,Reject,0,1,18,0,7,1515,Panther,0.9132,0.7442
Panther_office_Christian,17544,1515,11,0.08635430916552668,Reject,0,0,0,0,11,1515,Panther,0.913,0.9777
Panther_education_Zelda,17544,1562,8,0.08903328773369813,Reject,0,0,0,0,8,1562,Panther,0.9105,0.8273
Fox_lodging_Stephen,17544,0,139,0.0,Conditional,0,0,138,0,1,0,Fox,0.9999,0.979
Fox_lodging_Stephan,17544,13,314,0.0007409940720474236,Conditional,0,0,311,0,3,13,Fox,0.9991,0.892
Fox_office_Israel,17544,0,446,0.0,Conditional,0,0,445,0,1,0,Fox,0.9999,0.957
Fox_education_Lilly,17544,0,30,0.0,Conditional,0,0,28,0,2,0,Fox,0.9999,0.9948
Fox_education_Gayla,17544,0,159,0.0,Conditional,0,0,156,0,3,0,Fox,0.9998,0.5223
Fox_lodging_Warren,17544,69,88,0.00393296853625171,Conditional,0,0,86,69,2,0,Fox,0.9999,0.777
Fox_education_Andre,17544,296,2,0.0168718650250798,Conditional,0,0,1,296,1,0,Fox,0.9999,0.9997
Fox_retail_Manie,17544,0,78,0.0,Conditional,0,0,77,0,1,0,Fox,0.9999,0.9981
Fox_assembly_Emma,17544,0,3,0.0,Conditional,0,0,0,0,3,0,Fox,0.9998,0.9957
Fox_office_Margarita,17544,2,43,0.00011399908800729594,Conditional,0,2,38,0,5,0,Fox,0.9997,0.7851
Fox_lodging_Frances,17544,0,3,0.0,Conditional,0,0,1,0,2,0,Fox,0.9999,0.9747
Fox_office_Demetrius,17544,0,76,0.0,Conditional,0,0,73,0,3,0,Fox,0.9998,0.998
Fox_office_Berniece,17544,0,6,0.0,Conditional,0,0,3,0,3,0,Fox,0.9998,0.9932
Fox_office_Alice,17544,0,2,0.0,Conditional,0,0,0,0,2,0,Fox,0.9999,0.9999
Fox_education_Leota,17544,0,21,0.0,Conditional,0,0,18,0,3,0,Fox,0.9998,0.9981
Fox_assembly_Adrianne,17544,0,14,0.0,Conditional,0,0,13,0,1,0,Fox,0.9999,0.9718
Fox_lodging_Morris,17544,0,1,0.0,Conditional,0,0,0,0,1,0,Fox,0.9999,0.9991
Fox_education_Theodore,17544,0,0,0.0,Pass,0,0,0,0,0,0,Fox,1.0,0.9899
Fox_education_Dewayne,17544,0,100,0.0,Conditional,0,0,98,0,2,0,Fox,0.9999,0.764
Fox_assembly_Johnnie,17544,0,10,0.0,Conditional,0,0,9,0,1,0,Fox,0.9999,0.9918
Fox_education_Jacqueline,17544,0,1,0.0,Conditional,0,0,0,0,1,0,Fox,0.9999,0.7742
Fox_education_Yolande,17544,0,9,0.0,Conditional,0,0,8,0,1,0,Fox,0.9999,0.9999
Fox_education_Lesley,17544,0,1158,0.0,Conditional,0,0,1155,0,3,0,Fox,0.9998,0.9965
Fox_assembly_Renna,17544,0,2,0.0,Conditional,0,0,0,0,2,0,Fox,0.9999,0.9999
Fox_lodging_Wallace,17544,0,3,0.0,Conditional,0,0,0,0,3,0,Fox,0.9998,0.9998
Fox_education_Maris,17544,7584,248,0.4322845417236662,Reject,0,0,245,7584,3,0,Fox,0.9998,0.8626
Fox_education_John,17544,288,636,0.016415868673050615,Conditional,0,0,635,288,1,0,Fox,0.9999,0.9766
Fox_food_Scott,17544,244,103,0.013907888736890105,Conditional,0,244,102,0,1,0,Fox,0.9999,0.9924
Fox_education_Marcelina,17544,0,517,0.0,Conditional,0,0,516,0,1,0,Fox,0.9999,0.3125
Fox_utility_Marian,17544,0,1,0.0,Conditional,0,0,0,0,1,0,Fox,0.9999,0.9932
Fox_education_Sterling,17544,0,208,0.0,Conditional,0,0,203,0,5,0,Fox,0.9997,0.8064
Fox_education_Elvira,17544,0,110,0.0,Conditional,0,0,107,0,3,0,Fox,0.9998,0.995
Fox_lodging_Isabell,17544,0,3,0.0,Conditional,0,0,0,0,3,0,Fox,0.9998,0.9558
Fox_education_Ollie,17544,0,2,0.0,Conditional,0,0,1,0,1,0,Fox,0.9999,0.7094
Fox_education_Elois,17544,2,354,0.00011399908800729594,Conditional,0,2,349,0,5,0,Fox,0.9997,0.7109
Fox_education_Melinda,17544,0,2,0.0,Conditional,0,0,0,0,2,0,Fox,0.9999,0.9892
Fox_education_Geoffrey,17544,0,11,0.0,Conditional,0,0,8,0,3,0,Fox,0.9998,0.9324
Fox_public_Bart,17544,0,108,0.0,Conditional,0,0,106,0,2,0,Fox,0.9999,0.9929
Fox_lodging_Angla,17544,0,2,0.0,Conditional,0,0,0,0,2,0,Fox,0.9999,0.9967
Fox_education_Janina,17544,13,68,0.0007409940720474236,Conditional,0,0,65,0,3,13,Fox,0.9991,0.9275
Fox_education_Burton,17544,4,84,0.00022799817601459188,Conditional,0,4,83,0,1,0,Fox,0.9999,0.9837
Fox_office_Karima,17544,0,434,0.0,Conditional,0,0,433,0,1,0,Fox,0.9999,0.8392
Fox_assembly_Cathy,17544,0,7,0.0,Conditional,0,0,5,0,2,0,Fox,0.9999,0.9093
Fox_office_Zachary,17544,0,170,0.0,Conditional,0,0,169,0,1,0,Fox,0.9999,0.9933
Fox_education_Gloria,17544,6202,86,0.3535111719106247,Reject,0,0,83,6202,3,0,Fox,0.9998,0.9996
Fox_education_Nilda,17544,0,381,0.0,Conditional,0,0,380,0,1,0,Fox,0.9999,0.9591
Fox_education_Ashli,17544,0,21,0.0,Conditional,0,0,19,0,2,0,Fox,0.9999,0.8311
Fox_health_Lorena,17544,0,793,0.0,Conditional,0,0,792,0,1,0,Fox,0.9999,0.9663
Fox_lodging_Helen,17544,0,1,0.0,Conditional,0,0,0,0,1,0,Fox,0.9999,0.9956
Fox_education_Long,17544,0,11,0.0,Conditional,0,0,10,0,1,0,Fox,0.9999,0.9645
Fox_education_Louie,17544,0,15,0.0,Conditional,0,0,13,0,2,0,Fox,0.9999,0.9999
Fox_lodging_Jina,17544,0,2,0.0,Conditional,0,0,0,0,2,0,Fox,0.9999,1.0
Fox_education_Shaun,17544,30,533,0.001709986320109439,Conditional,0,0,532,30,1,0,Fox,0.9999,0.8297
Fox_education_Kim,17544,0,56,0.0,Conditional,0,0,55,0,1,0,Fox,0.9999,0.9269
Fox_education_Otilia,17544,13,3,0.0007409940720474236,Conditional,0,0,0,0,3,13,Fox,0.9991,0.9995
Fox_lodging_Alana,17544,0,3,0.0,Conditional,0,0,0,0,3,0,Fox,0.9998,1.0
Fox_education_Tonya,17544,0,3,0.0,Conditional,0,0,0,0,3,0,Fox,0.9998,0.9932
Fox_education_Elizabeth,17544,0,21,0.0,Conditional,0,0,19,0,2,0,Fox,0.9999,0.9605
Fox_office_Juana,17544,0,1242,0.0,Conditional,0,0,1241,0,1,0,Fox,0.9999,0.6937
Fox_assembly_Boyce,17544,13,3,0.0007409940720474236,Conditional,0,0,0,0,3,13,Fox,0.9991,0.9909
Fox_education_Eddy,17544,0,2,0.0,Conditional,0,0,0,0,2,0,Fox,0.9999,0.9999
Fox_education_Melvin,17544,281,13,0.01601687186502508,Conditional,0,0,11,281,2,0,Fox,0.9999,0.9712
Fox_assembly_Audrey,17544,6,278,0.0003419972640218878,Conditional,0,0,241,0,37,6,Fox,0.9975,0.981
Fox_education_Eldon,17544,0,3,0.0,Conditional,0,0,0,0,3,0,Fox,0.9998,0.9998
Fox_education_Suzan,17544,0,2,0.0,Conditional,0,0,1,0,1,0,Fox,0.9999,0.9966
Fox_education_Shirley,17544,0,1030,0.0,Conditional,0,0,1028,0,2,0,Fox,0.9999,0.908
Fox_lodging_Winifred,17544,0,3,0.0,Conditional,0,0,0,0,3,0,Fox,0.9998,0.9996
Fox_food_Francesco,17544,0,282,0.0,Conditional,0,0,279,0,3,0,Fox,0.9998,0.9928
Fox_education_Claude,17544,13,3,0.0007409940720474236,Conditional,0,0,0,0,3,13,Fox,0.9991,0.9991
Fox_education_Dominique,17544,0,2,0.0,Conditional,0,0,0,0,2,0,Fox,0.9999,0.9988
Fox_office_Carson,17544,0,3,0.0,Conditional,0,0,0,0,3,0,Fox,0.9998,0.9999
Fox_office_Sheila,17544,0,4,0.0,Conditional,0,0,1,0,3,0,Fox,0.9998,0.9888
Fox_education_Stacia,17544,0,9,0.0,Conditional,0,0,7,0,2,0,Fox,0.9999,0.9688
Fox_education_Ray,17544,0,1,0.0,Conditional,0,0,0,0,1,0,Fox,0.9999,0.9986
Fox_education_Marlana,17544,281,2,0.01601687186502508,Conditional,0,0,0,281,2,0,Fox,0.9999,0.9917
Fox_education_Rudolph,17544,88,869,0.005015959872321021,Conditional,0,88,857,0,12,0,Fox,0.9993,0.8211
Fox_office_Thelma,17544,0,343,0.0,Conditional,0,0,342,0,1,0,Fox,0.9999,0.9442
Fox_education_Leona,17544,0,3,0.0,Conditional,0,0,1,0,2,0,Fox,0.9999,0.9999
Fox_education_Kendrick,17544,0,425,0.0,Conditional,0,0,424,0,1,0,Fox,0.9999,0.972
Fox_public_Lauren,17544,0,3,0.0,Conditional,0,0,0,0,3,0,Fox,0.9998,0.9266
Fox_public_Martin,17544,0,19,0.0,Conditional,0,0,17,0,2,0,Fox,0.9999,0.9799
Fox_assembly_Tony,17544,75,101,0.004274965800273598,Conditional,0,0,100,75,1,0,Fox,0.9999,0.9832
Fox_education_Carleen,17544,0,27,0.0,Conditional,0,0,26,0,1,0,Fox,0.9999,0.9795
Fox_office_Essie,17544,0,91,0.0,Conditional,0,0,91,0,0,0,Fox,1.0,0.7962
Fox_office_Rowena,17544,0,153,0.0,Conditional,0,0,152,0,1,0,Fox,0.9999,0.9936
Fox_education_Cynthia,17544,0,1,0.0,Conditional,0,0,0,0,1,0,Fox,0.9999,0.6148
Fox_office_Bernard,17544,907,2,0.05169858641130871,Reject,0,0,0,907,2,0,Fox,0.9999,0.9997
Fox_education_Rosie,17544,0,3,0.0,Conditional,0,0,0,0,3,0,Fox,0.9998,0.9932
Fox_education_Virgil,17544,0,2,0.0,Conditional,0,0,0,0,2,0,Fox,0.9999,0.9929
Fox_education_Claire,17544,0,179,0.0,Conditional,0,0,178,0,1,0,Fox,0.9999,0.8793
Fox_education_Wendell,17544,0,18,0.0,Conditional,0,0,15,0,3,0,Fox,0.9998,0.9552
Fox_public_Rhonda,17544,0,3,0.0,Conditional,0,0,0,0,3,0,Fox,0.9998,0.9926
Fox_education_Delma,17544,0,58,0.0,Conditional,0,0,56,0,2,0,Fox,0.9999,0.3073
Fox_office_Edythe,17544,0,2,0.0,Conditional,0,0,1,0,1,0,Fox,0.9999,0.9062
Fox_assembly_Carlos,17544,0,100,0.0,Conditional,0,0,99,0,1,0,Fox,0.9999,0.9136
Fox_education_Jaclyn,17544,278,5,0.015845873233014136,Conditional,0,0,2,265,3,13,Fox,0.9991,0.9999
Fox_office_Yong,17544,0,8,0.0,Conditional,0,0,5,0,3,0,Fox,0.9998,0.9879
Peacock_lodging_Jamaal,17544,51,165,0.0029069767441860465,Conditional,0,0,162,0,3,51,Peacock,0.9969,0.5642
Peacock_education_Patience,17544,163,148,0.009290925672594619,Conditional,0,0,141,93,7,70,Peacock,0.9956,0.4985
Peacock_office_Major,17544,1836,41,0.10465116279069768,Reject,0,0,11,406,30,1430,Peacock,0.9168,0.9708
Peacock_education_Pasquale,17544,1295,650,0.07381440948472412,Reject,0,0,647,0,3,1295,Peacock,0.926,0.9769
Peacock_education_Ophelia,17544,1470,5,0.08378932968536251,Reject,0,0,1,0,4,1470,Peacock,0.916,0.3984
Peacock_office_Effie,17544,1326,447,0.0755813953488372,Reject,0,0,430,0,17,1326,Peacock,0.9234,0.9889
Peacock_lodging_Matthew,17544,52,59,0.0029639762881896944,Conditional,0,0,52,0,7,52,Peacock,0.9966,0.5323
Peacock_public_Linda,17544,1326,4,0.0755813953488372,Reject,0,0,0,0,4,1326,Peacock,0.9242,0.989
Peacock_education_Dustin,17544,1295,67,0.07381440948472412,Reject,0,0,64,0,3,1295,Peacock,0.926,0.4668
Peacock_assembly_Dena,17544,1761,3,0.10037619699042408,Reject,0,1032,0,0,3,729,Peacock,0.9583,0.4949
Peacock_education_Forest,17544,3347,205,0.19077747378020976,Reject,0,0,196,1839,9,1508,Peacock,0.9135,0.6497
Peacock_office_Julian,17544,1371,5932,0.07814637482900137,Reject,0,2,5846,0,86,1369,Peacock,0.9171,0.9562
Peacock_assembly_Russ,17544,51,5,0.0029069767441860465,Conditional,0,0,2,0,3,51,Peacock,0.9969,0.3311
Peacock_office_Jonathon,17544,1326,28,0.0755813953488372,Reject,0,0,20,0,8,1326,Peacock,0.924,0.383
Peacock_education_Yolanda,17544,128,8,0.00729594163246694,Conditional,0,0,5,48,3,80,Peacock,0.9953,0.548
Peacock_education_Lucie,17544,1326,3,0.0755813953488372,Reject,0,0,1,0,2,1326,Peacock,0.9243,0.989
Peacock_office_Norman,17544,1326,199,0.0755813953488372,Reject,0,0,194,0,5,1326,Peacock,0.9241,0.9654
Peacock_lodging_James,17544,52,89,0.0029639762881896944,Conditional,0,0,79,0,10,52,Peacock,0.9965,0.5523
Peacock_lodging_Wes,17544,60,7,0.003419972640218878,Conditional,0,0,4,0,3,60,Peacock,0.9964,0.5771
Peacock_office_Naomi,17544,1309,14,0.07461240310077519,Reject,0,0,10,0,4,1309,Peacock,0.9252,0.7023
Moose_education_Maria,17544,85,14,0.0048449612403100775,Conditional,0,0,5,0,9,85,Moose,0.9946,0.3803
Moose_education_Florence,17544,71,193,0.004046967624259006,Conditional,0,0,183,48,10,23,Moose,0.9981,0.9951
Moose_education_Marlon,17544,49,718,0.0027929776561787505,Conditional,0,0,708,26,10,23,Moose,0.9981,0.7999
Moose_education_Diane,17544,50,53,0.0028499772001823985,Conditional,0,0,43,27,10,23,Moose,0.9981,0.3872
Moose_education_Marina,17544,23,10,0.0013109895120839033,Conditional,0,0,0,0,10,23,Moose,0.9981,0.3535
Moose_education_Omar,17544,194,23,0.011057911536707706,Conditional,0,0,0,0,23,194,Moose,0.9876,0.996
Moose_education_Rene,17544,110,354,0.006269949840401277,Conditional,0,0,344,87,10,23,Moose,0.9981,0.9919
Moose_education_Lori,17544,411,27,0.023426812585499317,Conditional,0,0,11,326,16,85,Moose,0.9942,0.4617
Moose_education_Leland,17544,23,259,0.0013109895120839033,Conditional,0,0,249,0,10,23,Moose,0.9981,0.3883
Moose_education_Clark,17544,23,12,0.0013109895120839033,Conditional,0,0,2,0,10,23,Moose,0.9981,0.3625
Moose_education_Abbie,17544,248,1113,0.014135886912904697,Conditional,0,0,1103,225,10,23,Moose,0.9981,0.9916
Moose_education_Gladys,17544,85,35,0.0048449612403100775,Conditional,0,0,23,0,12,85,Moose,0.9945,0.3462
Moose_education_Sasha,17544,194,38,0.011057911536707706,Conditional,0,0,9,0,29,194,Moose,0.9873,0.9951
Moose_education_Dennis,17544,194,29,0.011057911536707706,Conditional,0,0,0,0,29,194,Moose,0.9873,0.9933
Moose_education_Ricardo,17544,194,24,0.011057911536707706,Conditional,0,0,0,0,24,194,Moose,0.9876,0.995
Bull_office_Anne,17544,0,38,0.0,Conditional,0,0,0,0,38,0,Bull,0.9978,0.9841
Bull_education_Magaret,17544,4,121,0.00022799817601459188,Conditional,0,4,105,0,16,0,Bull,0.9991,0.9839
Bull_office_Myron,17544,6,382,0.0003419972640218878,Conditional,0,6,366,0,16,0,Bull,0.9991,0.984
Bull_education_Myra,17544,8,93,0.00045599635202918376,Conditional,0,8,75,0,18,0,Bull,0.999,0.9851
Bull_education_Dan,17544,0,46,0.0,Conditional,0,0,13,0,33,0,Bull,0.9981,0.9836
Bull_lodging_Anibal,17544,1,192,5.699954400364797e-05,Conditional,0,1,141,0,51,0,Bull,0.9971,0.9028
Bull_lodging_Melissa,17544,0,46,0.0,Conditional,0,0,14,0,32,0,Bull,0.9982,0.9839
Bull_education_Delia,17544,5,34,0.00028499772001823985,Conditional,0,5,22,0,12,0,Bull,0.9993,0.691
Bull_education_Bryon,17544,9,458,0.0005129958960328317,Conditional,0,9,439,0,19,0,Bull,0.9989,0.985
Bull_assembly_Freda,17544,58,172,0.0033059735522115823,Conditional,0,13,156,0,16,45,Bull,0.9965,0.9838
Bull_education_Juan,17544,0,103,0.0,Conditional,0,0,76,0,27,0,Bull,0.9985,0.9835
Bull_education_Clarita,17544,5,63,0.00028499772001823985,Conditional,0,5,40,0,23,0,Bull,0.9987,0.9343
Bull_lodging_Caren,17544,0,43,0.0,Conditional,0,0,10,0,33,0,Bull,0.9981,0.9834
Bull_education_Kristal,17544,0,49,0.0,Conditional,0,0,22,0,27,0,Bull,0.9985,0.9841
Bull_assembly_Amalia,17544,0,49,0.0,Conditional,0,0,17,0,32,0,Bull,0.9982,0.9766
Bull_education_Arthur,17544,0,48,0.0,Conditional,0,0,16,0,32,0,Bull,0.9982,0.9827
Bull_assembly_Lesa,17544,3,96,0.0001709986320109439,Conditional,0,3,57,0,39,0,Bull,0.9978,0.9828
Bull_education_Roland,17544,8,300,0.00045599635202918376,Conditional,0,8,284,0,16,0,Bull,0.9991,0.9841
Bull_education_Joseph,17544,0,50,0.0,Conditional,0,0,16,0,34,0,Bull,0.9981,0.9812
Bull_office_Lilla,17544,0,40,0.0,Conditional,0,0,5,0,35,0,Bull,0.998,0.9855
Bull_education_Miquel,17544,74,71,0.00421796625626995,Conditional,0,0,26,0,45,74,Bull,0.9932,0.984
Bull_office_Efren,17544,1,143,5.699954400364797e-05,Conditional,0,1,125,0,18,0,Bull,0.999,0.9217
Bull_lodging_Lettie,17544,28,43,0.0015959872321021432,Conditional,0,0,15,0,28,28,Bull,0.9968,0.984
Bull_lodging_Travis,17544,2,69,0.00011399908800729594,Conditional,0,2,39,0,30,0,Bull,0.9983,0.9737
Bull_lodging_Danielle,17544,9,58,0.0005129958960328317,Conditional,0,9,39,0,19,0,Bull,0.9989,0.862
Bull_public_Jefferson,17544,0,39,0.0,Conditional,0,0,3,0,36,0,Bull,0.9979,0.9855
Bull_education_Barry,17544,8,177,0.00045599635202918376,Conditional,0,8,157,0,20,0,Bull,0.9989,0.9735
Bull_lodging_Leonard,17544,0,43,0.0,Conditional,0,0,8,0,35,0,Bull,0.998,0.9841
Bull_education_Dania,17544,0,45,0.0,Conditional,0,0,19,0,26,0,Bull,0.9985,0.9856
Bull_education_Reynaldo,17544,0,44,0.0,Conditional,0,0,8,0,36,0,Bull,0.9979,0.9733
Bull_education_Reina,17544,0,38,0.0,Conditional,0,0,3,0,35,0,Bull,0.998,0.9841
Bull_assembly_Freddie,17544,0,74,0.0,Conditional,0,0,48,0,26,0,Bull,0.9985,0.9841
Bull_education_Genie,17544,0,66,0.0,Conditional,0,0,39,0,27,0,Bull,0.9985,0.9841
Bull_education_Tracey,17544,9,111,0.0005129958960328317,Conditional,0,9,95,0,16,0,Bull,0.9991,0.8848
Bull_education_Lydia,17544,0,57,0.0,Conditional,0,0,26,0,31,0,Bull,0.9982,0.9549
Bull_education_Mario,17544,8,497,0.00045599635202918376,Conditional,0,8,481,0,16,0,Bull,0.9991,0.984
Bull_public_Hyun,17544,0,46,0.0,Conditional,0,0,18,0,28,0,Bull,0.9984,0.984
Bull_assembly_Brandon,17544,0,183,0.0,Conditional,0,0,162,0,21,0,Bull,0.9988,0.9851
Bull_lodging_Dave,17544,0,48,0.0,Conditional,0,0,19,0,29,0,Bull,0.9983,0.984
Bull_education_Linnie,17544,0,62,0.0,Conditional,0,0,38,0,24,0,Bull,0.9986,0.9841
Bull_assembly_Dorethea,17544,0,51,0.0,Conditional,0,0,25,0,26,0,Bull,0.9985,0.9393
Bull_education_Miranda,17544,0,46,0.0,Conditional,0,0,12,0,34,0,Bull,0.9981,0.9841
Bull_education_Roseann,17544,1,175,5.699954400364797e-05,Conditional,0,1,156,0,19,0,Bull,0.9989,0.9791
Bull_lodging_Carie,17544,9,118,0.0005129958960328317,Conditional,0,9,104,0,14,0,Bull,0.9992,0.9224
Bull_education_Geneva,17544,3,83,0.0001709986320109439,Conditional,0,3,66,0,17,0,Bull,0.999,0.968
Bull_assembly_Goldie,17544,0,39,0.0,Conditional,0,0,6,0,33,0,Bull,0.9981,0.9856
Bull_education_Krista,17544,0,52,0.0,Conditional,0,0,28,0,24,0,Bull,0.9986,0.9655
Bull_assembly_Gerri,17544,4,145,0.00022799817601459188,Conditional,0,4,128,0,17,0,Bull,0.999,0.9836
Bull_education_Patrina,17544,3,84,0.0001709986320109439,Conditional,0,3,57,0,27,0,Bull,0.9985,0.9761
Bull_education_Lyn,17544,1,627,5.699954400364797e-05,Conditional,0,1,611,0,16,0,Bull,0.9991,0.9833
Bull_office_Mai,17544,65,41,0.003704970360237118,Conditional,0,0,9,0,32,65,Bull,0.9945,0.9815
Bull_assembly_Gigi,17544,0,179,0.0,Conditional,0,0,152,0,27,0,Bull,0.9985,0.9772
Bull_office_Rob,17544,0,53,0.0,Conditional,0,0,28,0,25,0,Bull,0.9986,0.9802
Bull_education_Dora,17544,4,158,0.00022799817601459188,Conditional,0,4,139,0,19,0,Bull,0.9989,0.9816
Bull_education_Jae,17544,4,56,0.00022799817601459188,Conditional,0,4,38,0,18,0,Bull,0.999,0.9818
Bull_education_Hayley,17544,4,347,0.00022799817601459188,Conditional,0,4,330,0,17,0,Bull,0.999,0.9841
Bull_assembly_Beau,17544,0,85,0.0,Conditional,0,0,57,0,28,0,Bull,0.9984,0.9856
Bull_education_Pablo,17544,0,50,0.0,Conditional,0,0,23,0,27,0,Bull,0.9985,0.9785
Bull_education_Pamela,17544,0,48,0.0,Conditional,0,0,17,0,31,0,Bull,0.9982,0.9854
Bull_office_Trevor,17544,0,41,0.0,Conditional,0,0,5,0,36,0,Bull,0.9979,0.9855
Bull_office_Debbie,17544,0,54,0.0,Conditional,0,0,27,0,27,0,Bull,0.9985,0.9841
Bull_education_Antonia,17544,0,53,0.0,Conditional,0,0,21,0,32,0,Bull,0.9982,0.9797
Bull_office_Chantel,17544,0,43,0.0,Conditional,0,0,10,0,33,0,Bull,0.9981,0.9839
Bull_education_Venita,17544,0,66,0.0,Conditional,0,0,40,0,26,0,Bull,0.9985,0.9837
Bull_education_Brain,17544,0,51,0.0,Conditional,0,0,24,0,27,0,Bull,0.9985,0.9842
Bull_education_Fabiola,17544,4,72,0.00022799817601459188,Conditional,0,4,57,0,15,0,Bull,0.9991,0.9767
Bull_education_Sebastian,17544,0,37,0.0,Conditional,0,0,2,0,35,0,Bull,0.998,0.9841
Bull_education_Olive,17544,0,52,0.0,Conditional,0,0,27,0,25,0,Bull,0.9986,0.9841
Bull_office_Sally,17544,3,200,0.0001709986320109439,Conditional,0,3,182,0,18,0,Bull,0.999,0.9763
Bull_education_Matilda,17544,9,79,0.0005129958960328317,Conditional,0,0,53,0,26,9,Bull,0.998,0.9825
Bull_education_Elva,17544,0,42,0.0,Conditional,0,0,9,0,33,0,Bull,0.9981,0.9842
Bull_education_Carl,17544,10,71,0.0005699954400364797,Conditional,0,10,53,0,18,0,Bull,0.999,0.9713
Bull_education_Nichole,17544,0,47,0.0,Conditional,0,0,16,0,31,0,Bull,0.9982,0.9841
Bull_lodging_Jeremiah,17544,0,41,0.0,Conditional,0,0,4,0,37,0,Bull,0.9979,0.9841
Bull_assembly_Lance,17544,0,44,0.0,Conditional,0,0,9,0,35,0,Bull,0.998,0.984
Bull_education_Annette,17544,0,52,0.0,Conditional,0,0,20,0,32,0,Bull,0.9982,0.9755
Bull_education_Violeta,17544,34,54,0.001937984496124031,Conditional,0,8,36,0,18,26,Bull,0.9975,0.883
Bull_education_Stewart,17544,3,57,0.0001709986320109439,Conditional,0,3,38,0,19,0,Bull,0.9989,0.9798
Bull_assembly_Nathanial,17544,0,56,0.0,Conditional,0,0,13,0,43,0,Bull,0.9975,0.9723
Bull_lodging_Terence,17544,5,99,0.00028499772001823985,Conditional,0,5,45,0,54,0,Bull,0.9969,0.9185
Bull_lodging_Perry,17544,0,68,0.0,Conditional,0,0,42,0,26,0,Bull,0.9985,0.9841
Bull_education_Mervin,17544,0,44,0.0,Conditional,0,0,15,0,29,0,Bull,0.9983,0.9841
Bull_education_Lenny,17544,0,50,0.0,Conditional,0,0,24,0,26,0,Bull,0.9985,0.9841
Bull_assembly_Vanessa,17544,0,43,0.0,Conditional,0,0,9,0,34,0,Bull,0.9981,0.9814
Bull_education_Dottie,17544,6,74,0.0003419972640218878,Conditional,0,6,55,0,19,0,Bull,0.9989,0.9658
Bull_education_Nina,17544,0,55,0.0,Conditional,0,0,29,0,26,0,Bull,0.9985,0.9841
Bull_education_Gregory,17544,0,43,0.0,Conditional,0,0,12,0,31,0,Bull,0.9982,0.9841
Bull_education_Kendra,17544,143,55,0.00815093479252166,Conditional,0,0,24,0,31,143,Bull,0.9901,0.9801
Bull_lodging_Hugo,17544,6,117,0.0003419972640218878,Conditional,0,6,95,0,22,0,Bull,0.9987,0.9842
Bull_office_Yvonne,17544,12,306,0.0006839945280437756,Conditional,0,12,211,0,95,0,Bull,0.9946,0.9736
Bull_education_Brenda,17544,8,53,0.00045599635202918376,Conditional,0,8,36,0,17,0,Bull,0.999,0.9023
Bull_education_Bernice,17544,1,815,5.699954400364797e-05,Conditional,0,1,797,0,18,0,Bull,0.999,0.9672
Bull_assembly_Maren,17544,1,542,5.699954400364797e-05,Conditional,0,1,524,0,18,0,Bull,0.999,0.9671
Bull_education_Racheal,17544,0,53,0.0,Conditional,0,0,22,0,31,0,Bull,0.9982,0.9838
Bull_education_Luke,17544,0,45,0.0,Conditional,0,0,12,0,33,0,Bull,0.9981,0.984
Bobcat_assembly_Billy,17544,8,14,0.00045599635202918376,Conditional,0,0,1,0,13,8,Bobcat,0.9988,0.2274
Bobcat_education_Rosalva,17544,58,100,0.0033059735522115823,Conditional,0,0,82,0,18,58,Bobcat,0.9957,0.2286
Bobcat_other_Jovita,17544,33,89,0.001880984952120383,Conditional,0,0,75,0,14,33,Bobcat,0.9973,0.35
Bobcat_education_Miki,17544,9,29,0.0005129958960328317,Conditional,0,1,14,0,15,8,Bobcat,0.9987,0.5368
Bobcat_education_Alissa,17544,15,71,0.0008549931600547196,Conditional,0,0,46,0,25,15,Bobcat,0.9977,0.3314
Bobcat_science_Tammy,17544,9,32,0.0005129958960328317,Conditional,0,1,19,0,13,8,Bobcat,0.9988,0.3476
Bobcat_education_Marisha,17544,8,85,0.00045599635202918376,Conditional,0,0,68,0,17,8,Bobcat,0.9986,0.2227
Bobcat_education_Dylan,17544,129,854,0.007352941176470588,Conditional,0,113,836,0,18,16,Bobcat,0.9981,0.2085
Bobcat_other_Howard,17544,57,1781,0.0032489740082079343,Conditional,0,49,1704,0,77,8,Bobcat,0.9952,0.8698
Bobcat_education_Angela,17544,7,53,0.0003989968080255358,Conditional,0,0,34,0,19,7,Bobcat,0.9985,0.7179
Crow_education_Omer,17544,1250,128,0.07124943000455997,Reject,0,0,117,0,11,1250,Crow,0.9281,0.3239
Crow_education_Keisha,17544,1254,65,0.07147742818057455,Reject,0,0,56,0,9,1254,Crow,0.928,0.3081
Crow_education_Winston,17544,1004,2,0.05722754217966256,Reject,0,0,0,0,2,1004,Crow,0.9427,0.3985
Hog_education_Hallie,17544,0,6,0.0,Conditional,0,0,6,0,0,0,Hog,1.0,0.3198
Hog_education_Wayne,17544,0,152,0.0,Conditional,0,0,152,0,0,0,Hog,1.0,0.7908
Hog_lodging_Shanti,17544,80,40,0.004559963520291838,Conditional,0,0,40,80,0,0,Hog,1.0,0.4713
Hog_office_Bryan,17544,0,1614,0.0,Conditional,0,0,1614,0,0,0,Hog,1.0,0.8199
Hog_office_Almeda,17544,0,421,0.0,Conditional,0,0,421,0,0,0,Hog,1.0,0.5801
Hog_office_Cornell,17544,24,61,0.0013679890560875513,Conditional,0,0,61,24,0,0,Hog,1.0,0.977
Hog_education_Martha,17544,2031,202,0.11576607387140903,Reject,0,0,202,2031,0,0,Hog,1.0,0.9961
Hog_office_Roger,17544,613,8,0.03494072047423621,Conditional,0,0,8,613,0,0,Hog,1.0,0.5143
Hog_office_Elizbeth,17544,0,3,0.0,Conditional,0,0,3,0,0,0,Hog,1.0,1.0
Hog_education_Donnie,17544,0,193,0.0,Conditional,0,0,193,0,0,0,Hog,1.0,0.4004
Hog_office_Candi,17544,0,176,0.0,Conditional,0,0,176,0,0,0,Hog,1.0,0.9359
Hog_office_Corey,17544,24,13,0.0013679890560875513,Conditional,0,0,13,24,0,0,Hog,1.0,0.3924
Hog_public_Kevin,17544,29,339,0.0016529867761057911,Conditional,0,4,334,25,5,0,Hog,0.9997,0.984
Hog_lodging_Shonda,17544,0,0,0.0,Pass,0,0,0,0,0,0,Hog,1.0,0.9999
Hog_office_Marlene,17544,0,286,0.0,Conditional,0,0,286,0,0,0,Hog,1.0,0.6068
Hog_assembly_Edward,17544,0,31,0.0,Conditional,0,0,31,0,0,0,Hog,1.0,0.2983
Hog_education_Casandra,17544,0,22,0.0,Conditional,0,0,22,0,0,0,Hog,1.0,0.6239
Hog_office_Sarah,17544,0,248,0.0,Conditional,0,0,248,0,0,0,Hog,1.0,0.5896
Hog_assembly_Annemarie,17544,0,245,0.0,Conditional,0,0,245,0,0,0,Hog,1.0,0.6473
Hog_office_Sydney,17544,0,2,0.0,Conditional,0,0,2,0,0,0,Hog,1.0,0.5266
Hog_office_Terry,17544,0,2,0.0,Conditional,0,0,2,0,0,0,Hog,1.0,1.0
Hog_office_Shawna,17544,0,76,0.0,Conditional,0,0,76,0,0,0,Hog,1.0,0.5282
Hog_education_Janell,17544,2474,325,0.14101687186502507,Reject,0,2474,324,0,1,0,Hog,0.9999,1.0
Hog_office_Miriam,17544,0,4,0.0,Conditional,0,0,4,0,0,0,Hog,1.0,0.3494
Hog_office_Guadalupe,17544,1266,876,0.07216142270861833,Reject,0,1266,873,0,3,0,Hog,0.9998,1.0
Hog_education_Madge,17544,0,11,0.0,Conditional,0,0,11,0,0,0,Hog,1.0,0.3558
Hog_office_Nia,17544,0,80,0.0,Conditional,0,0,80,0,0,0,Hog,1.0,0.9262
Hog_office_Joey,17544,0,1,0.0,Conditional,0,0,1,0,0,0,Hog,1.0,0.9997
Hog_office_Napoleon,17544,0,118,0.0,Conditional,0,0,118,0,0,0,Hog,1.0,0.8059
Hog_office_Lanell,17544,0,79,0.0,Conditional,0,0,79,0,0,0,Hog,1.0,0.3263
Hog_education_Beth,17544,0,30,0.0,Conditional,0,0,30,0,0,0,Hog,1.0,1.0
Hog_office_Bessie,17544,5,1184,0.00028499772001823985,Conditional,0,5,1184,0,0,0,Hog,1.0,0.9995
Hog_office_Catharine,17544,0,496,0.0,Conditional,0,0,496,0,0,0,Hog,1.0,0.7864
Hog_office_Darline,17544,37,0,0.002108983128134975,Conditional,0,0,0,37,0,0,Hog,1.0,0.9335
Hog_office_Gustavo,17544,0,0,0.0,Pass,0,0,0,0,0,0,Hog,1.0,0.2981
Hog_education_Sonia,17544,84,130,0.0047879616963064295,Conditional,0,0,130,84,0,0,Hog,1.0,0.8089
Hog_office_Rolando,17544,0,34,0.0,Conditional,0,0,34,0,0,0,Hog,1.0,0.9998
Hog_office_Charla,17544,68,78,0.003875968992248062,Conditional,0,0,78,68,0,0,Hog,1.0,0.8474
Hog_office_Simon,17544,0,478,0.0,Conditional,0,0,478,0,0,0,Hog,1.0,0.5506
Hog_office_Betsy,17544,0,9,0.0,Conditional,0,0,9,0,0,0,Hog,1.0,1.0
Hog_lodging_Ora,17544,0,3,0.0,Conditional,0,0,3,0,0,0,Hog,1.0,0.2005
Hog_office_Elnora,17544,195,46,0.011114911080711354,Conditional,0,0,31,195,15,0,Hog,0.9991,0.9998
Hog_office_Elke,17544,0,413,0.0,Conditional,0,0,413,0,0,0,Hog,1.0,0.5644
Hog_education_Luvenia,17544,311,32,0.01772685818513452,Conditional,0,0,32,311,0,0,Hog,1.0,0.8236
Hog_education_Cathleen,17544,0,0,0.0,Pass,0,0,0,0,0,0,Hog,1.0,1.0
Hog_office_Mary,17544,0,5,0.0,Conditional,0,0,5,0,0,0,Hog,1.0,0.2639
Hog_health_Hisako,17544,0,24,0.0,Conditional,0,0,24,0,0,0,Hog,1.0,0.6071
Hog_parking_Bernardo,17544,0,11,0.0,Conditional,0,0,8,0,3,0,Hog,0.9998,0.999
Hog_office_Leanne,17544,0,16,0.0,Conditional,0,0,16,0,0,0,Hog,1.0,0.521
Hog_office_Josefina,17544,145,367,0.008264933880528956,Conditional,0,0,367,145,0,0,Hog,1.0,0.5909
Hog_office_Nancie,17544,0,1130,0.0,Conditional,0,0,1130,0,0,0,Hog,1.0,0.5824
Hog_education_Jared,17544,5773,67,0.3290583675330597,Reject,0,0,8,5742,59,31,Hog,0.9949,0.4465
Hog_health_Jenny,17544,0,439,0.0,Conditional,0,0,439,0,0,0,Hog,1.0,0.7559
Hog_office_Shon,17544,0,32,0.0,Conditional,0,0,32,0,0,0,Hog,1.0,0.2666
Hog_office_Corie,17544,177,424,0.01008891928864569,Conditional,0,0,424,177,0,0,Hog,1.0,0.9995
Hog_education_Bruno,17544,0,172,0.0,Conditional,0,0,172,0,0,0,Hog,1.0,0.4177
Hog_office_Catalina,17544,905,14,0.051584587323301415,Reject,0,0,14,905,0,0,Hog,1.0,0.2673
Hog_education_Caridad,17544,0,140,0.0,Conditional,0,0,140,0,0,0,Hog,1.0,0.9699
Hog_education_Roberto,17544,0,100,0.0,Conditional,0,0,100,0,0,0,Hog,1.0,0.6064
Hog_education_George,17544,0,30,0.0,Conditional,0,0,30,0,0,0,Hog,1.0,0.4786
Hog_public_Octavia,17544,0,13,0.0,Conditional,0,0,13,0,0,0,Hog,1.0,0.6078
Hog_assembly_Maribel,17544,0,22,0.0,Conditional,0,0,22,0,0,0,Hog,1.0,1.0
Hog_office_Darlene,17544,9,774,0.0005129958960328317,Conditional,0,9,774,0,0,0,Hog,1.0,0.9971
Hog_education_Mathilda,17544,3029,98,0.1726516187870497,Reject,0,0,98,3029,0,0,Hog,1.0,0.6277
Hog_office_Myles,17544,0,390,0.0,Conditional,0,0,390,0,0,0,Hog,1.0,0.9858
Hog_education_Jewel,17544,0,2,0.0,Conditional,0,0,2,0,0,0,Hog,1.0,0.5173
Hog_education_Leandro,17544,0,78,0.0,Conditional,0,0,78,0,0,0,Hog,1.0,0.4838
Hog_office_Eloise,17544,0,0,0.0,Pass,0,0,0,0,0,0,Hog,1.0,0.4423
Hog_office_Byron,17544,0,15,0.0,Conditional,0,0,15,0,0,0,Hog,1.0,1.0
Hog_public_Gerard,17544,0,16,0.0,Conditional,0,0,16,0,0,0,Hog,1.0,0.5133
Hog_assembly_Pedro,17544,0,23,0.0,Conditional,0,0,23,0,0,0,Hog,1.0,0.4856
Hog_education_Odell,17544,0,0,0.0,Pass,0,0,0,0,0,0,Hog,1.0,1.0
Hog_health_May,17544,24,17,0.0013679890560875513,Conditional,0,0,17,24,0,0,Hog,1.0,0.876
Hog_public_Brad,17544,0,0,0.0,Pass,0,0,0,0,0,0,Hog,1.0,1.0
Hog_office_Emmanuel,17544,0,0,0.0,Pass,0,0,0,0,0,0,Hog,1.0,0.4232
Hog_education_Haywood,17544,0,10,0.0,Conditional,0,0,10,0,0,0,Hog,1.0,0.6019
Hog_public_Crystal,17544,0,0,0.0,Pass,0,0,0,0,0,0,Hog,1.0,0.3537
Hog_office_Cortney,17544,0,1642,0.0,Conditional,0,0,1642,0,0,0,Hog,1.0,0.8984
Hog_office_Vera,17544,0,0,0.0,Pass,0,0,0,0,0,0,Hog,1.0,0.2321
Hog_office_Richelle,17544,84,130,0.0047879616963064295,Conditional,0,0,130,84,0,0,Hog,1.0,0.9159
Hog_assembly_Jasmine,17544,0,2,0.0,Conditional,0,0,2,0,0,0,Hog,1.0,0.5717
Hog_office_Garrett,17544,36,558,0.002051983584131327,Conditional,0,0,545,0,13,36,Hog,0.9972,0.8799
Hog_office_Denita,17544,0,42,0.0,Conditional,0,0,42,0,0,0,Hog,1.0,0.2806
Eagle_office_Lamont,17544,548,4,0.031235750113999088,Conditional,0,0,4,548,0,0,Eagle,1.0,0.9319
Eagle_health_Athena,17544,78,2,0.004445964432284542,Conditional,0,0,2,78,0,0,Eagle,1.0,0.9926
Eagle_office_Ryan,17544,78,6,0.004445964432284542,Conditional,0,0,6,78,0,0,Eagle,1.0,0.6558
Eagle_public_Alvin,17544,78,115,0.004445964432284542,Conditional,0,0,115,78,0,0,Eagle,1.0,0.9673
Eagle_education_Raul,17544,0,22,0.0,Conditional,0,0,22,0,0,0,Eagle,1.0,0.9487
Eagle_education_Roman,17544,78,20,0.004445964432284542,Conditional,0,0,20,78,0,0,Eagle,1.0,0.9201
Eagle_office_Mandi,17544,78,0,0.004445964432284542,Conditional,0,0,0,78,0,0,Eagle,1.0,0.9318
Eagle_education_Jewell,17544,621,176,0.03539671682626539,Conditional,0,0,176,621,0,0,Eagle,1.0,0.6495
Eagle_office_Henriette,17544,78,0,0.004445964432284542,Conditional,0,0,0,78,0,0,Eagle,1.0,0.9664
Eagle_health_Reba,17544,78,82,0.004445964432284542,Conditional,0,0,82,78,0,0,Eagle,1.0,0.9945
Eagle_lodging_Edgardo,17544,78,37,0.004445964432284542,Conditional,0,0,36,78,1,0,Eagle,0.9999,0.9952
Eagle_office_Sonya,17544,78,159,0.004445964432284542,Conditional,0,0,159,78,0,0,Eagle,1.0,0.6887
Eagle_education_Cassie,17544,1040,97,0.05927952576379389,Reject,0,0,97,1040,0,0,Eagle,1.0,0.6172
Eagle_food_Jennifer,17544,121,40,0.006896944824441404,Conditional,0,0,40,121,0,0,Eagle,1.0,0.6142
Eagle_office_Yadira,17544,170,12,0.009689922480620155,Conditional,0,0,12,170,0,0,Eagle,1.0,0.6165
Eagle_education_Peter,17544,211,56,0.012026903784769722,Conditional,0,0,56,211,0,0,Eagle,1.0,0.9874
Eagle_health_Gregoria,17544,78,0,0.004445964432284542,Conditional,0,0,0,78,0,0,Eagle,1.0,0.9557
Eagle_lodging_Dawn,17544,78,4,0.004445964432284542,Conditional,0,0,4,78,0,0,Eagle,1.0,0.9318
Eagle_education_Shanna,17544,57,5,0.0032489740082079343,Conditional,0,0,5,57,0,0,Eagle,1.0,0.9927
Eagle_office_Nereida,17544,332,146,0.018923848609211126,Conditional,0,0,146,332,0,0,Eagle,1.0,0.9195
Eagle_lodging_Tressa,17544,78,2,0.004445964432284542,Conditional,0,0,2,78,0,0,Eagle,1.0,0.9934
Eagle_education_Eileen,17544,1109,376,0.0632124943000456,Reject,0,3,314,235,62,871,Eagle,0.9468,0.9081
Eagle_office_Efrain,17544,245,35,0.013964888280893753,Conditional,0,0,35,245,0,0,Eagle,1.0,0.4968
Eagle_office_Jeff,17544,206,47,0.011741906064751482,Conditional,0,0,47,206,0,0,Eagle,1.0,0.5051
Eagle_education_Wesley,17544,249,15,0.014192886456908345,Conditional,0,0,15,249,0,0,Eagle,1.0,0.9785
Eagle_assembly_Lacy,17544,78,19,0.004445964432284542,Conditional,0,0,19,78,0,0,Eagle,1.0,0.7055
Eagle_office_Chantelle,17544,78,4,0.004445964432284542,Conditional,0,0,4,78,0,0,Eagle,1.0,0.7657
Eagle_lodging_Andy,17544,95,340,0.005414956680346557,Conditional,0,17,340,78,0,0,Eagle,1.0,0.8631
Eagle_education_Sheena,17544,79,97,0.00450296397628819,Conditional,0,0,97,79,0,0,Eagle,1.0,0.6489
Eagle_office_Lane,17544,429,194,0.02445280437756498,Conditional,0,0,194,429,0,0,Eagle,1.0,0.8856
Eagle_health_Vincenza,17544,0,101,0.0,Conditional,0,0,101,0,0,0,Eagle,1.0,0.643
Eagle_assembly_Ian,17544,78,187,0.004445964432284542,Conditional,0,0,187,78,0,0,Eagle,1.0,0.5686
Eagle_education_Shante,17544,57,0,0.0032489740082079343,Conditional,0,0,0,57,0,0,Eagle,1.0,0.997
Eagle_office_Jackie,17544,57,101,0.0032489740082079343,Conditional,0,0,93,57,8,0,Eagle,0.9995,0.9955
Eagle_office_Isidro,17544,78,1841,0.004445964432284542,Conditional,0,0,1841,78,0,0,Eagle,1.0,0.9892
Eagle_office_Donovan,17544,662,988,0.03773369813041496,Conditional,0,0,988,662,0,0,Eagle,1.0,0.9114
Eagle_assembly_Estelle,17544,125,79,0.007124943000455996,Conditional,0,0,79,125,0,0,Eagle,1.0,0.5429
Eagle_office_Phyllis,17544,78,0,0.004445964432284542,Conditional,0,0,0,78,0,0,Eagle,1.0,0.9318
Eagle_education_Samantha,17544,78,0,0.004445964432284542,Conditional,0,0,0,78,0,0,Eagle,1.0,0.9873
Eagle_office_Randolph,17544,78,200,0.004445964432284542,Conditional,0,0,200,78,0,0,Eagle,1.0,0.9617
Eagle_education_April,17544,642,184,0.036593707250342,Conditional,0,0,184,642,0,0,Eagle,1.0,0.8192
Eagle_office_Freida,17544,78,1021,0.004445964432284542,Conditional,0,0,1021,78,0,0,Eagle,1.0,0.9014
Eagle_office_Francis,17544,78,8,0.004445964432284542,Conditional,0,0,8,78,0,0,Eagle,1.0,0.9938
Eagle_office_Sheree,17544,1320,319,0.07523939808481532,Reject,0,0,215,0,104,1320,Eagle,0.9188,0.8587
Eagle_education_Sherrill,17544,78,1,0.004445964432284542,Conditional,0,0,1,78,0,0,Eagle,1.0,0.9946
Eagle_office_Mable,17544,78,1073,0.004445964432284542,Conditional,0,0,1073,78,0,0,Eagle,1.0,0.8417
Eagle_education_Brooke,17544,78,3,0.004445964432284542,Conditional,0,0,3,78,0,0,Eagle,1.0,0.9954
Eagle_office_Demetra,17544,557,34,0.03174874601003192,Conditional,0,0,1,0,33,557,Eagle,0.9664,0.4367
Eagle_education_Alberto,17544,78,7,0.004445964432284542,Conditional,0,0,7,78,0,0,Eagle,1.0,0.9956
Eagle_food_Kay,17544,78,91,0.004445964432284542,Conditional,0,0,91,78,0,0,Eagle,1.0,0.9199
Eagle_public_Pearle,17544,312,136,0.017783857729138167,Conditional,0,0,20,312,116,0,Eagle,0.9934,0.545
Eagle_office_Elias,17544,141,46,0.008036935704514364,Conditional,0,0,44,141,2,0,Eagle,0.9999,0.7915
Eagle_health_Jodi,17544,151,139,0.008606931144550843,Conditional,0,0,139,151,0,0,Eagle,1.0,0.9922
Eagle_public_Preston,17544,352,300,0.020063839489284085,Conditional,0,0,300,352,0,0,Eagle,1.0,0.9452
Eagle_assembly_Latrina,17544,52,111,0.0029639762881896944,Conditional,0,0,111,52,0,0,Eagle,1.0,0.7269
Eagle_public_Ola,17544,997,192,0.05682854537163703,Reject,0,0,192,997,0,0,Eagle,1.0,0.8012
Eagle_public_Henry,17544,78,1302,0.004445964432284542,Conditional,0,0,1302,78,0,0,Eagle,1.0,0.995
Eagle_education_Norah,17544,78,73,0.004445964432284542,Conditional,0,0,73,78,0,0,Eagle,1.0,0.9761
Eagle_education_Will,17544,78,8,0.004445964432284542,Conditional,0,0,8,78,0,0,Eagle,1.0,0.9875
Eagle_lodging_Stephanie,17544,78,14,0.004445964432284542,Conditional,0,0,14,78,0,0,Eagle,1.0,0.9637
Eagle_assembly_Candice,17544,217,287,0.01236890104879161,Conditional,0,0,287,217,0,0,Eagle,1.0,0.2007
Eagle_public_Missy,17544,157,483,0.008948928408572731,Conditional,0,0,483,157,0,0,Eagle,1.0,0.738
Eagle_education_Petra,17544,78,0,0.004445964432284542,Conditional,0,0,0,78,0,0,Eagle,1.0,0.6156
Eagle_lodging_Terri,17544,162,1,0.009233926128590971,Conditional,0,0,1,162,0,0,Eagle,1.0,0.4744
Eagle_lodging_Trina,17544,78,5,0.004445964432284542,Conditional,0,0,5,78,0,0,Eagle,1.0,0.8569
Eagle_office_Lillian,17544,2582,378,0.14717282261741907,Reject,0,0,378,2582,0,0,Eagle,1.0,0.8665
Eagle_office_Damian,17544,2225,372,0.12682398540811674,Reject,0,0,372,2225,0,0,Eagle,1.0,0.8112
Eagle_health_Amy,17544,833,1568,0.04748062015503876,Conditional,0,0,1568,833,0,0,Eagle,1.0,0.9915
Eagle_health_Reuben,17544,78,25,0.004445964432284542,Conditional,0,0,25,78,0,0,Eagle,1.0,0.9941
Eagle_education_Teresa,17544,78,210,0.004445964432284542,Conditional,0,0,210,78,0,0,Eagle,1.0,0.995
Eagle_assembly_Josie,17544,52,111,0.0029639762881896944,Conditional,0,0,111,52,0,0,Eagle,1.0,0.7269
Eagle_office_Norbert,17544,57,3,0.0032489740082079343,Conditional,0,0,1,57,2,0,Eagle,0.9999,0.935
Eagle_lodging_Casey,17544,78,4,0.004445964432284542,Conditional,0,0,4,78,0,0,Eagle,1.0,0.9348
Eagle_office_Elvis,17544,2153,117,0.12272001823985408,Reject,0,0,117,2153,0,0,Eagle,1.0,0.5066
Eagle_office_Tia,17544,1144,228,0.06520747834017328,Reject,0,1,185,211,43,932,Eagle,0.9444,0.9745
Eagle_public_Minnie,17544,78,0,0.004445964432284542,Conditional,0,0,0,78,0,0,Eagle,1.0,0.9793
Eagle_office_Patrice,17544,78,1180,0.004445964432284542,Conditional,0,0,1180,78,0,0,Eagle,1.0,0.9952
Eagle_education_Luther,17544,78,0,0.004445964432284542,Conditional,0,0,0,78,0,0,Eagle,1.0,0.9945
Eagle_education_Paul,17544,79,97,0.00450296397628819,Conditional,0,0,97,79,0,0,Eagle,1.0,0.6489
Eagle_assembly_Margret,17544,482,212,0.02747378020975832,Conditional,0,0,10,78,202,404,Eagle,0.9655,0.9642
Eagle_office_Marisela,17544,548,4,0.031235750113999088,Conditional,0,0,4,548,0,0,Eagle,1.0,0.9318
Eagle_education_Shana,17544,78,164,0.004445964432284542,Conditional,0,0,164,78,0,0,Eagle,1.0,0.9925
Cockatoo_lodging_Aimee,17544,640,263,0.0364797081623347,Conditional,0,0,253,0,10,640,Cockatoo,0.963,0.9576
Cockatoo_assembly_Rodger,17544,1669,8,0.09513223894208846,Reject,0,0,0,0,8,1669,Cockatoo,0.9044,1.0
Cockatoo_office_Rodney,17544,1691,7,0.09638622891016872,Reject,0,0,0,0,7,1691,Cockatoo,0.9032,1.0
Cockatoo_education_Eunice,17544,1670,72,0.0951892384860921,Reject,0,0,59,0,13,1670,Cockatoo,0.9041,1.0
Cockatoo_lodging_Katharine,17544,1691,23,0.09638622891016872,Reject,0,0,11,0,12,1691,Cockatoo,0.9029,1.0
Cockatoo_education_Priscilla,17544,1670,8,0.0951892384860921,Reject,0,0,0,0,8,1670,Cockatoo,0.9044,0.9999
Cockatoo_education_Mayra,17544,1669,9,0.09513223894208846,Reject,0,0,1,0,8,1669,Cockatoo,0.9044,0.9999
Cockatoo_assembly_Emilio,17544,1691,196,0.09638622891016872,Reject,0,0,181,0,15,1691,Cockatoo,0.9028,0.5799
Cockatoo_office_Delores,17544,1691,53,0.09638622891016872,Reject,0,0,45,0,8,1691,Cockatoo,0.9032,0.9983
Cockatoo_office_Kristin,17544,1709,55,0.09741222070223438,Reject,0,0,40,0,15,1709,Cockatoo,0.9017,1.0
Cockatoo_science_Rex,17544,1670,7,0.0951892384860921,Reject,0,0,0,0,7,1670,Cockatoo,0.9044,1.0
Cockatoo_education_Laurence,17544,1669,10,0.09513223894208846,Reject,0,0,2,0,8,1669,Cockatoo,0.9044,1.0
Cockatoo_education_Brendan,17544,1694,514,0.09655722754217966,Reject,0,0,506,0,8,1694,Cockatoo,0.903,0.3715
Cockatoo_office_Georgia,17544,1669,16,0.09513223894208846,Reject,0,0,0,0,16,1669,Cockatoo,0.904,0.988
Cockatoo_education_Magdalena,17544,1670,148,0.0951892384860921,Reject,0,0,138,0,10,1670,Cockatoo,0.9042,0.5519
Cockatoo_lodging_Alicia,17544,1669,32,0.09513223894208846,Reject,0,0,22,0,10,1669,Cockatoo,0.9043,0.4457
Cockatoo_lodging_Fritz,17544,1671,10,0.09524623803009576,Reject,0,0,1,0,9,1671,Cockatoo,0.9042,0.5081
Cockatoo_lodging_Tessie,17544,1671,246,0.09524623803009576,Reject,0,0,238,0,8,1671,Cockatoo,0.9043,0.9358
Cockatoo_education_Brigitte,17544,1670,8,0.0951892384860921,Reject,0,0,1,0,7,1670,Cockatoo,0.9044,0.9723
Cockatoo_education_Erik,17544,1691,497,0.09638622891016872,Reject,0,0,488,0,9,1691,Cockatoo,0.9031,0.936
Cockatoo_education_Charity,17544,1685,19,0.09604423164614682,Reject,0,0,0,0,19,1685,Cockatoo,0.9029,0.9999
Cockatoo_education_Nelda,17544,1669,23,0.09513223894208846,Reject,0,0,0,0,23,1669,Cockatoo,0.9036,1.0
Cockatoo_education_Terrence,17544,1670,37,0.0951892384860921,Reject,0,0,29,0,8,1670,Cockatoo,0.9044,0.9974
Cockatoo_office_Pansy,17544,1692,36,0.09644322845417237,Reject,0,0,24,0,12,1692,Cockatoo,0.9029,0.9981
Cockatoo_lodging_Emory,17544,1669,65,0.09513223894208846,Reject,0,0,57,0,8,1669,Cockatoo,0.9044,1.0
Cockatoo_education_Jon,17544,1669,9,0.09513223894208846,Reject,0,0,1,0,8,1669,Cockatoo,0.9044,1.0
Cockatoo_office_Alton,17544,1691,14,0.09638622891016872,Reject,0,0,0,0,14,1691,Cockatoo,0.9028,0.9999
Cockatoo_office_Laila,17544,1669,8,0.09513223894208846,Reject,0,0,0,0,8,1669,Cockatoo,0.9044,0.9526
Cockatoo_lodging_Albert,17544,1669,14,0.09513223894208846,Reject,0,0,1,0,13,1669,Cockatoo,0.9041,0.5131
Cockatoo_education_Rita,17544,1692,110,0.09644322845417237,Reject,0,0,98,0,12,1692,Cockatoo,0.9029,0.8938
Cockatoo_lodging_Ana,17544,1692,12,0.09644322845417237,Reject,0,0,0,0,12,1692,Cockatoo,0.9029,0.335
Cockatoo_office_Gail,17544,1691,10,0.09638622891016872,Reject,0,0,0,0,10,1691,Cockatoo,0.903,1.0
Cockatoo_education_Orlando,17544,1691,7,0.09638622891016872,Reject,0,0,0,0,7,1691,Cockatoo,0.9032,0.9996
Cockatoo_office_Giovanni,17544,1724,75,0.09826721386228911,Reject,0,0,66,0,9,1724,Cockatoo,0.9012,0.9999
Cockatoo_office_Roxanna,17544,1669,16,0.09513223894208846,Reject,0,0,8,0,8,1669,Cockatoo,0.9044,1.0
Cockatoo_lodging_Raphael,17544,1671,12,0.09524623803009576,Reject,0,0,0,0,12,1671,Cockatoo,0.9041,1.0
Cockatoo_religion_Diedre,17544,1669,13,0.09513223894208846,Reject,0,0,0,0,13,1669,Cockatoo,0.9041,0.9999
Cockatoo_office_Nola,17544,1670,8,0.0951892384860921,Reject,0,0,0,0,8,1670,Cockatoo,0.9044,0.9981
Cockatoo_assembly_Doyle,17544,1716,49,0.09781121751025992,Reject,0,0,35,0,14,1716,Cockatoo,0.9014,0.9765
Cockatoo_education_Janet,17544,1688,28,0.09621523027815777,Reject,0,0,21,0,7,1688,Cockatoo,0.9034,1.0
Cockatoo_education_Minh,17544,1669,38,0.09513223894208846,Reject,0,0,30,0,8,1669,Cockatoo,0.9044,1.0
Cockatoo_education_June,17544,1685,46,0.09604423164614682,Reject,0,0,38,0,8,1685,Cockatoo,0.9035,0.988
Cockatoo_education_Lionel,17544,1692,125,0.09644322845417237,Reject,0,0,118,0,7,1692,Cockatoo,0.9032,0.8829
Cockatoo_public_Leah,17544,1710,39,0.09746922024623803,Reject,0,0,30,0,9,1710,Cockatoo,0.902,0.79
Cockatoo_health_Ashlie,17544,1669,10,0.09513223894208846,Reject,0,0,1,0,9,1669,Cockatoo,0.9044,0.997
