building_id,fold,model,h,mae,nmae
Bobcat_education_Angela,fold0,seasonal_naive,1,12.251649305555556,2.444588535560866
Bobcat_education_Angela,fold0,seasonal_naive,2,12.347052777777776,2.463624522359915
Bobcat_education_Angela,fold0,seasonal_naive,3,12.430607638888887,2.4802963393919275
Bobcat_education_Angela,fold0,seasonal_naive,4,12.52601111111111,2.4993323261909772
Bobcat_education_Angela,fold0,seasonal_naive,5,12.621414583333333,2.5183683129900274
Bobcat_education_Angela,fold0,seasonal_naive,6,12.716879166666667,2.537416493373622
Bobcat_education_Angela,fold0,seasonal_naive,7,12.812282638888888,2.5564524801726716
Bobcat_education_Angela,fold0,seasonal_naive,8,12.895837083333332,2.573124214066607
Bobcat_education_Angela,fold0,seasonal_naive,9,12.967358888888889,2.5873950588764116
Bobcat_education_Angela,fold0,seasonal_naive,10,13.062761666666665,2.606430907112
Bobcat_education_Angela,fold0,seasonal_naive,11,13.18204625,2.630231925049528
Bobcat_education_Angela,fold0,seasonal_naive,12,13.30133111111111,2.6540329984124393
Bobcat_education_Angela,fold0,seasonal_naive,13,13.40864472222222,2.6754454317011476
Bobcat_education_Angela,fold0,seasonal_naive,14,13.527990555555556,2.699258670935912
Bobcat_education_Angela,fold0,seasonal_naive,15,13.647275416666666,2.723059744298823
Bobcat_education_Angela,fold0,seasonal_naive,16,13.766560277777778,2.746860817661735
Bobcat_education_Angela,fold0,seasonal_naive,17,13.909726527777778,2.7754269775885083
Bobcat_education_Angela,fold0,seasonal_naive,18,14.029011805555553,2.799228134089496
Bobcat_education_Angela,fold0,seasonal_naive,19,14.160206805555553,2.825405653942066
Bobcat_education_Angela,fold0,seasonal_naive,20,14.291462916666665,2.851595367379181
Bobcat_education_Angela,fold0,seasonal_naive,21,14.410747777777775,2.8753964407420924
Bobcat_education_Angela,fold0,seasonal_naive,22,14.518122499999999,2.8968210676153454
Bobcat_education_Angela,fold0,seasonal_naive,23,14.625496805555557,2.9182456113505224
Bobcat_education_Angela,fold0,seasonal_naive,24,14.744781388888889,2.9420466292880496
Bobcat_education_Angela,fold0,lgbm_direct,1,3.2685223783004784,0.6521727920006902
Bobcat_education_Angela,fold0,lgbm_direct,2,3.682053067951889,0.7346851426085398
Bobcat_education_Angela,fold0,lgbm_direct,3,4.291890225227695,0.8563667942829355
Bobcat_education_Angela,fold0,lgbm_direct,4,4.754273660352481,0.9486268007807339
Bobcat_education_Angela,fold0,lgbm_direct,5,5.220717181494167,1.0416969218584367
Bobcat_education_Angela,fold0,lgbm_direct,6,5.912859233126624,1.1798009829690528
Bobcat_education_Angela,fold0,lgbm_direct,7,6.501232320381925,1.2971998790576509
Bobcat_education_Angela,fold0,lgbm_direct,8,7.089700396346221,1.4146177283747674
Bobcat_education_Angela,fold0,lgbm_direct,9,8.102389978191397,1.6166810816522783
Bobcat_education_Angela,fold0,lgbm_direct,10,7.116935275224496,1.4200519414356187
Bobcat_education_Angela,fold0,lgbm_direct,11,8.016951380710218,1.599633400096279
Bobcat_education_Angela,fold0,lgbm_direct,12,7.557538933335637,1.5079661988945114
Bobcat_education_Angela,fold0,lgbm_direct,13,7.680043028437785,1.5324096104693246
Bobcat_education_Angela,fold0,lgbm_direct,14,7.128032984012235,1.4222662826232333
Bobcat_education_Angela,fold0,lgbm_direct,15,6.590774550079677,1.3150663640270193
Bobcat_education_Angela,fold0,lgbm_direct,16,6.662052955533284,1.329288642877748
Bobcat_education_Angela,fold0,lgbm_direct,17,6.43502303650158,1.283989049047344
Bobcat_education_Angela,fold0,lgbm_direct,18,6.596876326640187,1.31628385994568
Bobcat_education_Angela,fold0,lgbm_direct,19,6.60925187732427,1.3187531706947107
Bobcat_education_Angela,fold0,lgbm_direct,20,6.353972979397435,1.2678170190241291
Bobcat_education_Angela,fold0,lgbm_direct,21,6.667744228188278,1.3304242303842269
Bobcat_education_Angela,fold0,lgbm_direct,22,6.716183375881499,1.340089360536907
Bobcat_education_Angela,fold0,lgbm_direct,23,7.1075575767111205,1.4181807962776074
Bobcat_education_Angela,fold0,lgbm_direct,24,7.447937054229769,1.48609718432709
Bobcat_education_Angela,fold0,lgbm_recursive,1,3.2685223783004784,0.6521727920006902
Bobcat_education_Angela,fold0,lgbm_recursive,2,6.081036543509499,1.213357634375734
Bobcat_education_Angela,fold0,lgbm_recursive,3,7.532787225407174,1.503027456368635
Bobcat_education_Angela,fold0,lgbm_recursive,4,8.69522251641909,1.7349697781628541
Bobcat_education_Angela,fold0,lgbm_recursive,5,9.35874718677829,1.8673637735971162
Bobcat_education_Angela,fold0,lgbm_recursive,6,9.963031558571863,1.9879374703022052
Bobcat_education_Angela,fold0,lgbm_recursive,7,10.57340275385155,2.1097256793183337
Bobcat_education_Angela,fold0,lgbm_recursive,8,11.001274460922357,2.1950995129720483
Bobcat_education_Angela,fold0,lgbm_recursive,9,11.419290521085395,2.278506835763398
Bobcat_education_Angela,fold0,lgbm_recursive,10,11.69853338858223,2.33422455143539
Bobcat_education_Angela,fold0,lgbm_recursive,11,11.848139930172561,2.364075751653045
Bobcat_education_Angela,fold0,lgbm_recursive,12,12.055586410421647,2.405467834850318
Bobcat_education_Angela,fold0,lgbm_recursive,13,12.205615273478973,2.435403301454546
Bobcat_education_Angela,fold0,lgbm_recursive,14,12.37600533909078,2.4694014669733066
Bobcat_education_Angela,fold0,lgbm_recursive,15,12.51049684845333,2.496236743899564
Bobcat_education_Angela,fold0,lgbm_recursive,16,12.659103151513332,2.5258883651394757
Bobcat_education_Angela,fold0,lgbm_recursive,17,12.823057805943382,2.5586024641620293
Bobcat_education_Angela,fold0,lgbm_recursive,18,13.035386414736989,2.600968685222003
Bobcat_education_Angela,fold0,lgbm_recursive,19,13.269695742011168,2.647720749449772
Bobcat_education_Angela,fold0,lgbm_recursive,20,13.540133028007409,2.701681475262812
Bobcat_education_Angela,fold0,lgbm_recursive,21,13.812375338088158,2.756002360028606
Bobcat_education_Angela,fold0,lgbm_recursive,22,14.055832764613868,2.8045797571560303
Bobcat_education_Angela,fold0,lgbm_recursive,23,14.255216760984778,2.844363121790996
Bobcat_education_Angela,fold0,lgbm_recursive,24,14.402511093682673,2.8737529637695025
Bobcat_education_Angela,fold0,lgbm_multioutput,1,3.2685223783004784,0.6521727920006902
Bobcat_education_Angela,fold0,lgbm_multioutput,2,3.682053067951889,0.7346851426085398
Bobcat_education_Angela,fold0,lgbm_multioutput,3,4.291890225227695,0.8563667942829355
Bobcat_education_Angela,fold0,lgbm_multioutput,4,4.754273660352481,0.9486268007807339
Bobcat_education_Angela,fold0,lgbm_multioutput,5,5.220717181494167,1.0416969218584367
Bobcat_education_Angela,fold0,lgbm_multioutput,6,5.912859233126624,1.1798009829690528
Bobcat_education_Angela,fold0,lgbm_multioutput,7,6.501232320381925,1.2971998790576509
Bobcat_education_Angela,fold0,lgbm_multioutput,8,7.089700396346221,1.4146177283747674
Bobcat_education_Angela,fold0,lgbm_multioutput,9,8.102389978191397,1.6166810816522783
Bobcat_education_Angela,fold0,lgbm_multioutput,10,7.116935275224496,1.4200519414356187
Bobcat_education_Angela,fold0,lgbm_multioutput,11,8.016951380710218,1.599633400096279
Bobcat_education_Angela,fold0,lgbm_multioutput,12,7.557538933335637,1.5079661988945114
Bobcat_education_Angela,fold0,lgbm_multioutput,13,7.680043028437785,1.5324096104693246
Bobcat_education_Angela,fold0,lgbm_multioutput,14,7.128032984012235,1.4222662826232333
Bobcat_education_Angela,fold0,lgbm_multioutput,15,6.590774550079677,1.3150663640270193
Bobcat_education_Angela,fold0,lgbm_multioutput,16,6.662052955533284,1.329288642877748
Bobcat_education_Angela,fold0,lgbm_multioutput,17,6.43502303650158,1.283989049047344
Bobcat_education_Angela,fold0,lgbm_multioutput,18,6.596876326640187,1.31628385994568
Bobcat_education_Angela,fold0,lgbm_multioutput,19,6.60925187732427,1.3187531706947107
Bobcat_education_Angela,fold0,lgbm_multioutput,20,6.353972979397435,1.2678170190241291
Bobcat_education_Angela,fold0,lgbm_multioutput,21,6.667744228188278,1.3304242303842269
Bobcat_education_Angela,fold0,lgbm_multioutput,22,6.716183375881499,1.340089360536907
Bobcat_education_Angela,fold0,lgbm_multioutput,23,7.1075575767111205,1.4181807962776074
Bobcat_education_Angela,fold0,lgbm_multioutput,24,7.447937054229769,1.48609718432709
Bobcat_education_Angela,fold0,lstm_seq2seq,1,1.8667396923369644,0.3724731533650792
Bobcat_education_Angela,fold0,lstm_seq2seq,2,1.7928371916769443,0.3577272851674935
Bobcat_education_Angela,fold0,lstm_seq2seq,3,1.7811946223036599,0.35540422719345427
Bobcat_education_Angela,fold0,lstm_seq2seq,4,1.896447358660631,0.37840076512590326
Bobcat_education_Angela,fold0,lstm_seq2seq,5,1.9912106021433373,0.3973090061988289
Bobcat_education_Angela,fold0,lstm_seq2seq,6,2.0956485571728445,0.4181476558512299
Bobcat_education_Angela,fold0,lstm_seq2seq,7,2.1977605060010266,0.43852219426835226
Bobcat_education_Angela,fold0,lstm_seq2seq,8,2.297463232242781,0.45841601716975017
Bobcat_education_Angela,fold0,lstm_seq2seq,9,2.3948177152320254,0.4778412918462824
Bobcat_education_Angela,fold0,lstm_seq2seq,10,2.5046295059371255,0.4997521903655021
Bobcat_education_Angela,fold0,lstm_seq2seq,11,2.6432087771229154,0.5274031040635906
Bobcat_education_Angela,fold0,lstm_seq2seq,12,2.786207641725734,0.5559358653504939
Bobcat_education_Angela,fold0,lstm_seq2seq,13,2.921473900397693,0.5829257290782891
Bobcat_education_Angela,fold0,lstm_seq2seq,14,3.076169972026031,0.6137924502655708
Bobcat_education_Angela,fold0,lstm_seq2seq,15,3.235505877633013,0.6455849639456197
Bobcat_education_Angela,fold0,lstm_seq2seq,16,3.397350900366459,0.6778781252371663
Bobcat_education_Angela,fold0,lstm_seq2seq,17,3.5729486068749465,0.7129153785485861
Bobcat_education_Angela,fold0,lstm_seq2seq,18,3.7325793804377643,0.7447667276397999
Bobcat_education_Angela,fold0,lstm_seq2seq,19,3.8889404490057475,0.7759656679698997
Bobcat_education_Angela,fold0,lstm_seq2seq,20,4.041820474004372,0.8064700308607334
Bobcat_education_Angela,fold0,lstm_seq2seq,21,4.192008108740196,0.8364371773976257
Bobcat_education_Angela,fold0,lstm_seq2seq,22,4.326665194883629,0.8633054920880405
Bobcat_education_Angela,fold0,lstm_seq2seq,23,4.46013389537256,0.8899366865447326
Bobcat_education_Angela,fold0,lstm_seq2seq,24,4.5926472171693895,0.916377252969265
Bobcat_education_Angela,fold0,transformer,1,3.9011753809467726,0.7784069208665881
Bobcat_education_Angela,fold0,transformer,2,3.992866587232611,0.796702194107593
Bobcat_education_Angela,fold0,transformer,3,4.043942949543984,0.8068935313415047
Bobcat_education_Angela,fold0,transformer,4,4.094804194528882,0.8170419459176592
Bobcat_education_Angela,fold0,transformer,5,4.1657781918807775,0.8312034857987181
Bobcat_education_Angela,fold0,transformer,6,4.215541329733979,0.8411327935397017
Bobcat_education_Angela,fold0,transformer,7,4.238350599730108,0.8456839587376613
Bobcat_education_Angela,fold0,transformer,8,4.281393866277226,0.854272441260293
Bobcat_education_Angela,fold0,transformer,9,4.4246390991664635,0.8828543607522251
Bobcat_education_Angela,fold0,transformer,10,4.392367896458204,0.8764152430300423
Bobcat_education_Angela,fold0,transformer,11,4.548019860180778,0.9074726946893221
Bobcat_education_Angela,fold0,transformer,12,4.6078022173002475,0.9194011511116579
Bobcat_education_Angela,fold0,transformer,13,4.757126504000812,0.9491960326206704
Bobcat_education_Angela,fold0,transformer,14,4.919419664629487,0.9815786114864313
Bobcat_education_Angela,fold0,transformer,15,4.993452599457695,0.9963505053940455
Bobcat_education_Angela,fold0,transformer,16,5.127155796033116,1.0230284891792902
Bobcat_education_Angela,fold0,transformer,17,5.258727056087202,1.0492810847209915
Bobcat_education_Angela,fold0,transformer,18,5.407588816888417,1.0789836777974224
Bobcat_education_Angela,fold0,transformer,19,5.50861417645617,1.0991414075561625
Bobcat_education_Angela,fold0,transformer,20,5.64526894182614,1.1264083219463503
Bobcat_education_Angela,fold0,transformer,21,5.798429816681528,1.1569687231976475
Bobcat_education_Angela,fold0,transformer,22,5.8813518740371915,1.1735142760208788
Bobcat_education_Angela,fold0,transformer,23,6.00862316899307,1.1989088935777203
Bobcat_education_Angela,fold0,transformer,24,6.120102814212613,1.221152581415611
Bobcat_education_Angela,fold1,seasonal_naive,1,30.61236819444444,0.7276202539145481
Bobcat_education_Angela,fold1,seasonal_naive,2,30.57663763888889,0.7267709803222308
Bobcat_education_Angela,fold1,seasonal_naive,3,30.54084597222222,0.7259202541901456
Bobcat_education_Angela,fold1,seasonal_naive,4,30.481173055555555,0.7245018986254592
Bobcat_education_Angela,fold1,seasonal_naive,5,30.433471388888886,0.7233680856975705
Bobcat_education_Angela,fold1,seasonal_naive,6,30.385708611111113,0.7222328202299144
Bobcat_education_Angela,fold1,seasonal_naive,7,30.33800694444444,0.7210990073020257
Bobcat_education_Angela,fold1,seasonal_naive,8,30.29030513888889,0.7199651910729103
Bobcat_education_Angela,fold1,seasonal_naive,9,30.24260375,0.7188313847474753
Bobcat_education_Angela,fold1,seasonal_naive,10,30.171020972222223,0.7171299456882121
Bobcat_education_Angela,fold1,seasonal_naive,11,30.075556388888895,0.7148608639914406
Bobcat_education_Angela,fold1,seasonal_naive,12,29.992063194444448,0.7128763282326935
Bobcat_education_Angela,fold1,seasonal_naive,13,29.920480138888887,0.7111748825709767
Bobcat_education_Angela,fold1,seasonal_naive,14,29.825015555555556,0.7089058008742052
Bobcat_education_Angela,fold1,seasonal_naive,15,29.729612083333333,0.7066381717172012
Bobcat_education_Angela,fold1,seasonal_naive,16,29.646118888888886,0.7046536359584542
Bobcat_education_Angela,fold1,seasonal_naive,17,29.53874416666667,0.7021014641646525
Bobcat_education_Angela,fold1,seasonal_naive,18,29.455250833333334,0.7001169251046787
Bobcat_education_Angela,fold1,seasonal_naive,19,29.359847361111115,0.6978492959476748
Bobcat_education_Angela,fold1,seasonal_naive,20,29.264382777777783,0.6955802142509032
Bobcat_education_Angela,fold1,seasonal_naive,21,29.16897930555556,0.6933125850938993
Bobcat_education_Angela,fold1,seasonal_naive,22,29.097396250000006,0.6916111394321826
Bobcat_education_Angela,fold1,seasonal_naive,23,29.025813194444446,0.6899096937704657
Bobcat_education_Angela,fold1,seasonal_naive,24,28.94231986111111,0.687925154710492
Bobcat_education_Angela,fold1,lgbm_direct,1,9.945524210706006,0.23639349969730497
Bobcat_education_Angela,fold1,lgbm_direct,2,12.570949714492652,0.29879679889862765
Bobcat_education_Angela,fold1,lgbm_direct,3,14.768881985637535,0.35103908303225617
Bobcat_education_Angela,fold1,lgbm_direct,4,16.447774692823888,0.39094440267753316
Bobcat_education_Angela,fold1,lgbm_direct,5,16.90434191906858,0.40179647263105983
Bobcat_education_Angela,fold1,lgbm_direct,6,17.861659692233104,0.4245507984892367
Bobcat_education_Angela,fold1,lgbm_direct,7,19.00606493952628,0.4517519751942693
Bobcat_education_Angela,fold1,lgbm_direct,8,19.472062069831377,0.46282818295847555
Bobcat_education_Angela,fold1,lgbm_direct,9,19.215859035927668,0.45673853594395525
Bobcat_education_Angela,fold1,lgbm_direct,10,20.175257392270836,0.479542314835335
Bobcat_education_Angela,fold1,lgbm_direct,11,19.82347324315087,0.4711808162972298
Bobcat_education_Angela,fold1,lgbm_direct,12,18.90375571057823,0.449320204261941
Bobcat_education_Angela,fold1,lgbm_direct,13,19.226418413278274,0.456989520016152
Bobcat_education_Angela,fold1,lgbm_direct,14,19.452077871302265,0.46235318188976793
Bobcat_education_Angela,fold1,lgbm_direct,15,19.118829274998344,0.4544322518029761
Bobcat_education_Angela,fold1,lgbm_direct,16,18.333014639310417,0.4357543553031952
Bobcat_education_Angela,fold1,lgbm_direct,17,18.770540157948723,0.44615382609694687
Bobcat_education_Angela,fold1,lgbm_direct,18,17.097611095125426,0.4063902553159897
Bobcat_education_Angela,fold1,lgbm_direct,19,19.781955847061138,0.47019399626119734
Bobcat_education_Angela,fold1,lgbm_direct,20,20.719080601630427,0.4924683576414796
Bobcat_education_Angela,fold1,lgbm_direct,21,21.02550641063866,0.4997517413882165
Bobcat_education_Angela,fold1,lgbm_direct,22,20.773074348908473,0.4937517259798815
Bobcat_education_Angela,fold1,lgbm_direct,23,19.713953983348745,0.46857767134877015
Bobcat_education_Angela,fold1,lgbm_direct,24,19.900718163372645,0.4730168378721819
Bobcat_education_Angela,fold1,lgbm_recursive,1,9.945524210706006,0.23639349969730497
Bobcat_education_Angela,fold1,lgbm_recursive,2,13.517734121168091,0.3213007589324201
Bobcat_education_Angela,fold1,lgbm_recursive,3,15.109026856078223,0.3591239295043008
Bobcat_education_Angela,fold1,lgbm_recursive,4,15.761995795556375,0.37464423889439985
Bobcat_education_Angela,fold1,lgbm_recursive,5,15.980703972658185,0.37984267693569085
Bobcat_education_Angela,fold1,lgbm_recursive,6,16.06580324306997,0.381865387245186
Bobcat_education_Angela,fold1,lgbm_recursive,7,16.129310440567608,0.38337487918893637
Bobcat_education_Angela,fold1,lgbm_recursive,8,16.060991158946276,0.3817510096233797
Bobcat_education_Angela,fold1,lgbm_recursive,9,16.069249859667778,0.38194730929800186
Bobcat_education_Angela,fold1,lgbm_recursive,10,16.087753283036307,0.3823871140698568
Bobcat_education_Angela,fold1,lgbm_recursive,11,16.102589948673383,0.38273976429115053
Bobcat_education_Angela,fold1,lgbm_recursive,12,16.15591436554009,0.38400722342707716
Bobcat_education_Angela,fold1,lgbm_recursive,13,16.15813280371975,0.38405995311271673
Bobcat_education_Angela,fold1,lgbm_recursive,14,16.242578368829758,0.38606712561034967
Bobcat_education_Angela,fold1,lgbm_recursive,15,16.2851744783328,0.38707958540488463
Bobcat_education_Angela,fold1,lgbm_recursive,16,16.25173292540877,0.386284718732848
Bobcat_education_Angela,fold1,lgbm_recursive,17,16.376295927403458,0.38924543587057603
Bobcat_education_Angela,fold1,lgbm_recursive,18,16.379947509900163,0.3893322297235235
Bobcat_education_Angela,fold1,lgbm_recursive,19,16.172498317163768,0.38440140459642286
Bobcat_education_Angela,fold1,lgbm_recursive,20,16.19602804136755,0.384960678671233
Bobcat_education_Angela,fold1,lgbm_recursive,21,16.17082943564348,0.3843617372310027
Bobcat_education_Angela,fold1,lgbm_recursive,22,15.909127059119328,0.3781413772625406
Bobcat_education_Angela,fold1,lgbm_recursive,23,16.019318857645633,0.3807605076713262
Bobcat_education_Angela,fold1,lgbm_recursive,24,16.0390313497091,0.38122905059454604
Bobcat_education_Angela,fold1,lgbm_multioutput,1,9.945524210706006,0.23639349969730497
Bobcat_education_Angela,fold1,lgbm_multioutput,2,12.570949714492652,0.29879679889862765
Bobcat_education_Angela,fold1,lgbm_multioutput,3,14.768881985637535,0.35103908303225617
Bobcat_education_Angela,fold1,lgbm_multioutput,4,16.447774692823888,0.39094440267753316
Bobcat_education_Angela,fold1,lgbm_multioutput,5,16.90434191906858,0.40179647263105983
Bobcat_education_Angela,fold1,lgbm_multioutput,6,17.861659692233104,0.4245507984892367
Bobcat_education_Angela,fold1,lgbm_multioutput,7,19.00606493952628,0.4517519751942693
Bobcat_education_Angela,fold1,lgbm_multioutput,8,19.472062069831377,0.46282818295847555
Bobcat_education_Angela,fold1,lgbm_multioutput,9,19.215859035927668,0.45673853594395525
Bobcat_education_Angela,fold1,lgbm_multioutput,10,20.175257392270836,0.479542314835335
Bobcat_education_Angela,fold1,lgbm_multioutput,11,19.82347324315087,0.4711808162972298
Bobcat_education_Angela,fold1,lgbm_multioutput,12,18.90375571057823,0.449320204261941
Bobcat_education_Angela,fold1,lgbm_multioutput,13,19.226418413278274,0.456989520016152
Bobcat_education_Angela,fold1,lgbm_multioutput,14,19.452077871302265,0.46235318188976793
Bobcat_education_Angela,fold1,lgbm_multioutput,15,19.118829274998344,0.4544322518029761
Bobcat_education_Angela,fold1,lgbm_multioutput,16,18.333014639310417,0.4357543553031952
Bobcat_education_Angela,fold1,lgbm_multioutput,17,18.770540157948723,0.44615382609694687
Bobcat_education_Angela,fold1,lgbm_multioutput,18,17.097611095125426,0.4063902553159897
Bobcat_education_Angela,fold1,lgbm_multioutput,19,19.781955847061138,0.47019399626119734
Bobcat_education_Angela,fold1,lgbm_multioutput,20,20.719080601630427,0.4924683576414796
Bobcat_education_Angela,fold1,lgbm_multioutput,21,21.02550641063866,0.4997517413882165
Bobcat_education_Angela,fold1,lgbm_multioutput,22,20.773074348908473,0.4937517259798815
Bobcat_education_Angela,fold1,lgbm_multioutput,23,19.713953983348745,0.46857767134877015
Bobcat_education_Angela,fold1,lgbm_multioutput,24,19.900718163372645,0.4730168378721819
Bobcat_education_Angela,fold1,lstm_seq2seq,1,16.630814109859465,0.39529503593314547
Bobcat_education_Angela,fold1,lstm_seq2seq,2,18.6603746732627,0.443535321137425
Bobcat_education_Angela,fold1,lstm_seq2seq,3,20.84911958656311,0.49555923250076866
Bobcat_education_Angela,fold1,lstm_seq2seq,4,22.564768696458607,0.5363382089275902
Bobcat_education_Angela,fold1,lstm_seq2seq,5,23.806597491514417,0.5658550296269077
Bobcat_education_Angela,fold1,lstm_seq2seq,6,24.730066626148226,0.5878048128634246
Bobcat_education_Angela,fold1,lstm_seq2seq,7,25.47810508719974,0.6055848137934712
Bobcat_education_Angela,fold1,lstm_seq2seq,8,26.100428146574238,0.6203767063906969
Bobcat_education_Angela,fold1,lstm_seq2seq,9,26.625230085675984,0.6328506358089822
Bobcat_education_Angela,fold1,lstm_seq2seq,10,27.046927198994954,0.6428738838869883
Bobcat_education_Angela,fold1,lstm_seq2seq,11,27.373755066416,0.6506422007440424
Bobcat_education_Angela,fold1,lstm_seq2seq,12,27.63781256351471,0.6569185391791026
Bobcat_education_Angela,fold1,lstm_seq2seq,13,27.861679037600627,0.6622395839177095
Bobcat_education_Angela,fold1,lstm_seq2seq,14,28.03391346485138,0.6663333951803012
Bobcat_education_Angela,fold1,lstm_seq2seq,15,28.19101692638821,0.67006756105235
Bobcat_education_Angela,fold1,lstm_seq2seq,16,28.34411013805178,0.6737064079666326
Bobcat_education_Angela,fold1,lstm_seq2seq,17,28.47171203473833,0.6767393560834626
Bobcat_education_Angela,fold1,lstm_seq2seq,18,28.600829940772584,0.6798083379726393
Bobcat_education_Angela,fold1,lstm_seq2seq,19,28.716739855668813,0.6825633813319869
Bobcat_education_Angela,fold1,lstm_seq2seq,20,28.825641794395445,0.6851518532791666
Bobcat_education_Angela,fold1,lstm_seq2seq,21,28.930121578956182,0.6876352157844177
Bobcat_education_Angela,fold1,lstm_seq2seq,22,29.03409479461882,0.690106537738349
Bobcat_education_Angela,fold1,lstm_seq2seq,23,29.119867439757456,0.6921452533789777
Bobcat_education_Angela,fold1,lstm_seq2seq,24,29.190523905597264,0.6938246750848879
Bobcat_education_Angela,fold1,transformer,1,17.943150892217425,0.42648774917687265
Bobcat_education_Angela,fold1,transformer,2,18.390723425208197,0.43712602577250775
Bobcat_education_Angela,fold1,transformer,3,18.80224540772968,0.4469074228703004
Bobcat_education_Angela,fold1,transformer,4,18.839499733979967,0.4477929147131226
Bobcat_education_Angela,fold1,transformer,5,19.195810671053994,0.4562620097161477
Bobcat_education_Angela,fold1,transformer,6,19.407317886252937,0.4612892892996901
Bobcat_education_Angela,fold1,transformer,7,19.479022238720784,0.4629936180474053
Bobcat_education_Angela,fold1,transformer,8,19.660757327079775,0.46731324893309906
Bobcat_education_Angela,fold1,transformer,9,19.771480634719,0.46994501269299443
Bobcat_education_Angela,fold1,transformer,10,19.80420892763138,0.4707229260072416
Bobcat_education_Angela,fold1,transformer,11,19.947645095303855,0.47413223625986417
Bobcat_education_Angela,fold1,transformer,12,19.916937045262657,0.47340234176015494
Bobcat_education_Angela,fold1,transformer,13,19.99020884933048,0.4751439270024977
Bobcat_education_Angela,fold1,transformer,14,19.93527369327757,0.47383818247655446
Bobcat_education_Angela,fold1,transformer,15,19.96546241086748,0.47455573305018545
Bobcat_education_Angela,fold1,transformer,16,19.948890577990216,0.4741618399292941
Bobcat_education_Angela,fold1,transformer,17,20.01561756902059,0.47574786260640556
Bobcat_education_Angela,fold1,transformer,18,19.999744363979765,0.4753705750535811
Bobcat_education_Angela,fold1,transformer,19,20.005916891002656,0.4755172888148675
Bobcat_education_Angela,fold1,transformer,20,20.016808185986413,0.4757761621817107
Bobcat_education_Angela,fold1,transformer,21,20.029380728528764,0.476074996840268
Bobcat_education_Angela,fold1,transformer,22,20.12026889794668,0.4782353025209534
Bobcat_education_Angela,fold1,transformer,23,20.089763935182358,0.4775102351687236
Bobcat_education_Angela,fold1,transformer,24,20.187684549831815,0.4798376938626131
Bobcat_education_Angela,fold2,seasonal_naive,1,26.698201944444442,1.1691232858306735
Bobcat_education_Angela,fold2,seasonal_naive,2,26.650500555555556,1.167034425890498
Bobcat_education_Angela,fold2,seasonal_naive,3,26.590828194444445,1.1644213530311098
Bobcat_education_Angela,fold2,seasonal_naive,4,26.567008611111113,1.1633782854270918
Bobcat_education_Angela,fold2,seasonal_naive,5,26.51930777777778,1.1612894498148818
Bobcat_education_Angela,fold2,seasonal_naive,6,26.47160597222222,1.1592005716287321
Bobcat_education_Angela,fold2,seasonal_naive,7,26.435815416666667,1.1576332911055012
Bobcat_education_Angela,fold2,seasonal_naive,8,26.39996208333333,1.1560632615221653
Bobcat_education_Angela,fold2,seasonal_naive,9,26.352260416666663,1.153974389418007
Bobcat_education_Angela,fold2,seasonal_naive,10,26.316469305555554,1.1524070845668106
Bobcat_education_Angela,fold2,seasonal_naive,11,26.304559166666664,1.151885535559823
Bobcat_education_Angela,fold2,seasonal_naive,12,26.26876777777778,1.150318218544644
Bobcat_education_Angela,fold2,seasonal_naive,13,26.221066250000003,1.1482293525224772
Bobcat_education_Angela,fold2,seasonal_naive,14,26.19724555555555,1.1471862362625276
Bobcat_education_Angela,fold2,seasonal_naive,15,26.16145444444445,1.1456189314113314
Bobcat_education_Angela,fold2,seasonal_naive,16,26.113752916666666,1.1435300653891642
Bobcat_education_Angela,fold2,seasonal_naive,17,26.089810555555555,1.1424816213047644
Bobcat_education_Angela,fold2,seasonal_naive,18,26.05401833333333,1.1409142677976367
Bobcat_education_Angela,fold2,seasonal_naive,19,26.03013625,1.139868463297497
Bobcat_education_Angela,fold2,seasonal_naive,20,26.006255694444448,1.138822725699262
Bobcat_education_Angela,fold2,seasonal_naive,21,25.970464305555556,1.1372554086840825
Bobcat_education_Angela,fold2,seasonal_naive,22,25.92276277777778,1.1351665426619157
Bobcat_education_Angela,fold2,seasonal_naive,23,25.875061111111112,1.1330776705577574
Bobcat_education_Angela,fold2,seasonal_naive,24,25.839270000000003,1.131510365706561
Bobcat_education_Angela,fold2,lgbm_direct,1,5.55983110777384,0.24346688315977547
Bobcat_education_Angela,fold2,lgbm_direct,2,5.5708910174250885,0.24395120034111092
Bobcat_education_Angela,fold2,lgbm_direct,3,5.92636110112821,0.259517355437933
Bobcat_education_Angela,fold2,lgbm_direct,4,6.642686202610296,0.29088547371460194
Bobcat_education_Angela,fold2,lgbm_direct,5,6.721626057000196,0.29434227661613666
Bobcat_education_Angela,fold2,lgbm_direct,6,7.057454547500812,0.3090483197087253
Bobcat_education_Angela,fold2,lgbm_direct,7,7.56261184862926,0.3311693286435439
Bobcat_education_Angela,fold2,lgbm_direct,8,7.943297496036124,0.3478396817965772
Bobcat_education_Angela,fold2,lgbm_direct,9,8.062344113601313,0.3530527734116777
Bobcat_education_Angela,fold2,lgbm_direct,10,8.758551299510266,0.3835399213665299
Bobcat_education_Angela,fold2,lgbm_direct,11,8.87374488266298,0.38858428730257133
Bobcat_education_Angela,fold2,lgbm_direct,12,8.714029462599367,0.3815902950820033
Bobcat_education_Angela,fold2,lgbm_direct,13,8.86386813865385,0.3881517813445562
Bobcat_education_Angela,fold2,lgbm_direct,14,9.188252313690903,0.4023566739953779
Bobcat_education_Angela,fold2,lgbm_direct,15,9.143278888253267,0.40038727249665074
Bobcat_education_Angela,fold2,lgbm_direct,16,9.665773846371586,0.42326750329033386
Bobcat_education_Angela,fold2,lgbm_direct,17,9.424947402450385,0.4127216319234923
Bobcat_education_Angela,fold2,lgbm_direct,18,9.51854922097782,0.4168204871896347
Bobcat_education_Angela,fold2,lgbm_direct,19,10.23069363286093,0.44800553165589646
Bobcat_education_Angela,fold2,lgbm_direct,20,10.396422496692164,0.4552628546112978
Bobcat_education_Angela,fold2,lgbm_direct,21,10.162453118378542,0.4450172564647641
Bobcat_education_Angela,fold2,lgbm_direct,22,10.180025367799438,0.44578675120546396
Bobcat_education_Angela,fold2,lgbm_direct,23,10.355184331003876,0.45345702139932925
Bobcat_education_Angela,fold2,lgbm_direct,24,11.174041633427995,0.4893150594061074
Bobcat_education_Angela,fold2,lgbm_recursive,1,5.55983110777384,0.24346688315977547
Bobcat_education_Angela,fold2,lgbm_recursive,2,8.555654300637412,0.3746549932166485
Bobcat_education_Angela,fold2,lgbm_recursive,3,9.844344278340161,0.4310871628542899
Bobcat_education_Angela,fold2,lgbm_recursive,4,10.246442414687797,0.4486951761344112
Bobcat_education_Angela,fold2,lgbm_recursive,5,10.428922584120498,0.4566860444232208
Bobcat_education_Angela,fold2,lgbm_recursive,6,10.523098127261933,0.4608100232841012
Bobcat_education_Angela,fold2,lgbm_recursive,7,10.628371925125588,0.46541999846993354
Bobcat_education_Angela,fold2,lgbm_recursive,8,10.673218326274238,0.46738383753211804
Bobcat_education_Angela,fold2,lgbm_recursive,9,10.67675029145839,0.46753850348116316
Bobcat_education_Angela,fold2,lgbm_recursive,10,10.793359370891999,0.47264485447771326
Bobcat_education_Angela,fold2,lgbm_recursive,11,10.818140028446232,0.4737300078466606
Bobcat_education_Angela,fold2,lgbm_recursive,12,10.71778402872893,0.46933538470363173
Bobcat_education_Angela,fold2,lgbm_recursive,13,10.895745498394863,0.4771283776025556
Bobcat_education_Angela,fold2,lgbm_recursive,14,10.891398180181707,0.47693800706882106
Bobcat_education_Angela,fold2,lgbm_recursive,15,11.007431817580859,0.48201915926421113
Bobcat_education_Angela,fold2,lgbm_recursive,16,11.036526731759265,0.4832932353887382
Bobcat_education_Angela,fold2,lgbm_recursive,17,11.196027508924802,0.4902778283242607
Bobcat_education_Angela,fold2,lgbm_recursive,18,11.13757790448376,0.48771830039268643
Bobcat_education_Angela,fold2,lgbm_recursive,19,11.330597873192017,0.4961707100537082
Bobcat_education_Angela,fold2,lgbm_recursive,20,11.373098516030192,0.4980318275667257
Bobcat_education_Angela,fold2,lgbm_recursive,21,11.488219745596572,0.5030730251147696
Bobcat_education_Angela,fold2,lgbm_recursive,22,11.317914256681895,0.4956152902002894
Bobcat_education_Angela,fold2,lgbm_recursive,23,11.41669940300059,0.49994112514212186
Bobcat_education_Angela,fold2,lgbm_recursive,24,11.497677467115032,0.5034871819363091
Bobcat_education_Angela,fold2,lgbm_multioutput,1,5.55983110777384,0.24346688315977547
Bobcat_education_Angela,fold2,lgbm_multioutput,2,5.5708910174250885,0.24395120034111092
Bobcat_education_Angela,fold2,lgbm_multioutput,3,5.92636110112821,0.259517355437933
Bobcat_education_Angela,fold2,lgbm_multioutput,4,6.642686202610296,0.29088547371460194
Bobcat_education_Angela,fold2,lgbm_multioutput,5,6.721626057000196,0.29434227661613666
Bobcat_education_Angela,fold2,lgbm_multioutput,6,7.057454547500812,0.3090483197087253
Bobcat_education_Angela,fold2,lgbm_multioutput,7,7.56261184862926,0.3311693286435439
Bobcat_education_Angela,fold2,lgbm_multioutput,8,7.943297496036124,0.3478396817965772
Bobcat_education_Angela,fold2,lgbm_multioutput,9,8.062344113601313,0.3530527734116777
Bobcat_education_Angela,fold2,lgbm_multioutput,10,8.758551299510266,0.3835399213665299
Bobcat_education_Angela,fold2,lgbm_multioutput,11,8.87374488266298,0.38858428730257133
Bobcat_education_Angela,fold2,lgbm_multioutput,12,8.714029462599367,0.3815902950820033
Bobcat_education_Angela,fold2,lgbm_multioutput,13,8.86386813865385,0.3881517813445562
Bobcat_education_Angela,fold2,lgbm_multioutput,14,9.188252313690903,0.4023566739953779
Bobcat_education_Angela,fold2,lgbm_multioutput,15,9.143278888253267,0.40038727249665074
Bobcat_education_Angela,fold2,lgbm_multioutput,16,9.665773846371586,0.42326750329033386
Bobcat_education_Angela,fold2,lgbm_multioutput,17,9.424947402450385,0.4127216319234923
Bobcat_education_Angela,fold2,lgbm_multioutput,18,9.51854922097782,0.4168204871896347
Bobcat_education_Angela,fold2,lgbm_multioutput,19,10.23069363286093,0.44800553165589646
Bobcat_education_Angela,fold2,lgbm_multioutput,20,10.396422496692164,0.4552628546112978
Bobcat_education_Angela,fold2,lgbm_multioutput,21,10.162453118378542,0.4450172564647641
Bobcat_education_Angela,fold2,lgbm_multioutput,22,10.180025367799438,0.44578675120546396
Bobcat_education_Angela,fold2,lgbm_multioutput,23,10.355184331003876,0.45345702139932925
Bobcat_education_Angela,fold2,lgbm_multioutput,24,11.174041633427995,0.4893150594061074
Bobcat_education_Angela,fold2,lstm_seq2seq,1,9.639532172671425,0.42211837153060455
Bobcat_education_Angela,fold2,lstm_seq2seq,2,11.293230468404557,0.49453437876971434
Bobcat_education_Angela,fold2,lstm_seq2seq,3,12.429301250745986,0.5442833022646772
Bobcat_education_Angela,fold2,lstm_seq2seq,4,13.161915125310685,0.5763647114194406
Bobcat_education_Angela,fold2,lstm_seq2seq,5,13.799866588249206,0.604300821577839
Bobcat_education_Angela,fold2,lstm_seq2seq,6,14.373087939414978,0.6294023782661043
Bobcat_education_Angela,fold2,lstm_seq2seq,7,14.847931828274197,0.6501959526332061
Bobcat_education_Angela,fold2,lstm_seq2seq,8,15.20058309800042,0.6656386709133588
Bobcat_education_Angela,fold2,lstm_seq2seq,9,15.377996190075345,0.6734076501722477
Bobcat_education_Angela,fold2,lstm_seq2seq,10,15.375437525236341,0.6732956053742445
Bobcat_education_Angela,fold2,lstm_seq2seq,11,15.294895311444602,0.6697686346129843
Bobcat_education_Angela,fold2,lstm_seq2seq,12,15.103296600712671,0.6613784623190614
Bobcat_education_Angela,fold2,lstm_seq2seq,13,14.967509465637207,0.6554322977847118
Bobcat_education_Angela,fold2,lstm_seq2seq,14,14.891118631814319,0.6520871173552505
Bobcat_education_Angela,fold2,lstm_seq2seq,15,14.82497560163074,0.6491906917104099
Bobcat_education_Angela,fold2,lstm_seq2seq,16,14.80776501209471,0.6484370341782916
Bobcat_education_Angela,fold2,lstm_seq2seq,17,14.89552870715883,0.6522802360449759
Bobcat_education_Angela,fold2,lstm_seq2seq,18,14.987306377605861,0.6562992112502049
Bobcat_education_Angela,fold2,lstm_seq2seq,19,15.049902383497027,0.6590403115025605
Bobcat_education_Angela,fold2,lstm_seq2seq,20,15.115288852168186,0.6619036070630915
Bobcat_education_Angela,fold2,lstm_seq2seq,21,15.198819778620402,0.6655614545617923
Bobcat_education_Angela,fold2,lstm_seq2seq,22,15.299560569381715,0.6699729278346789
Bobcat_education_Angela,fold2,lstm_seq2seq,23,15.396572232030232,0.6742211013272438
Bobcat_education_Angela,fold2,lstm_seq2seq,24,15.513085844495562,0.6793232717929898
Bobcat_education_Angela,fold2,transformer,1,12.981720184815726,0.5684739140781101
Bobcat_education_Angela,fold2,transformer,2,13.29172676712672,0.5820492070845361
Bobcat_education_Angela,fold2,transformer,3,13.63731602326923,0.5971826774032436
Bobcat_education_Angela,fold2,transformer,4,13.974776587204406,0.6119601895430925
Bobcat_education_Angela,fold2,transformer,5,14.353046810540091,0.628524770459754
Bobcat_education_Angela,fold2,transformer,6,14.556669081749387,0.6374414585303547
Bobcat_education_Angela,fold2,transformer,7,14.741812561715445,0.6455489540874885
Bobcat_education_Angela,fold2,transformer,8,14.783510770422618,0.6473749327387259
Bobcat_education_Angela,fold2,transformer,9,14.808925572253333,0.6484878554998501
Bobcat_education_Angela,fold2,transformer,10,14.852608986199698,0.6504007669594138
Bobcat_education_Angela,fold2,transformer,11,14.902006895997788,0.6525639181235442
Bobcat_education_Angela,fold2,transformer,12,14.903451668512556,0.6526271852002281
Bobcat_education_Angela,fold2,transformer,13,14.906882524024116,0.6527774235225403
Bobcat_education_Angela,fold2,transformer,14,14.918231142614154,0.6532743833658748
Bobcat_education_Angela,fold2,transformer,15,14.934631432827844,0.6539925576168264
Bobcat_education_Angela,fold2,transformer,16,14.952733108509912,0.6547852361124232
Bobcat_education_Angela,fold2,transformer,17,14.938870299951764,0.6541781790407122
Bobcat_education_Angela,fold2,transformer,18,14.914455203227996,0.6531090337040726
Bobcat_education_Angela,fold2,transformer,19,14.895046924421523,0.6522591386160903
Bobcat_education_Angela,fold2,transformer,20,14.876428228757646,0.6514438196407627
Bobcat_education_Angela,fold2,transformer,21,14.833747184295655,0.6495748022796715
Bobcat_education_Angela,fold2,transformer,22,14.881890464695825,0.6516830127984635
Bobcat_education_Angela,fold2,transformer,23,14.940034191890293,0.6542291462620388
Bobcat_education_Angela,fold2,transformer,24,15.038107454844582,0.6585238075907621
Bobcat_education_Angela,fold3,seasonal_naive,1,7.450030069444446,0.210433830353915
Bobcat_education_Angela,fold3,seasonal_naive,2,7.450029652777777,0.21043381858473256
Bobcat_education_Angela,fold3,seasonal_naive,3,7.46193923611111,0.21077021712479097
Bobcat_education_Angela,fold3,seasonal_naive,4,7.438057430555555,0.21009565074425587
Bobcat_education_Angela,fold3,seasonal_naive,5,7.438056458333333,0.2100956232828303
Bobcat_education_Angela,fold3,seasonal_naive,6,7.450027291666667,0.21043375189269908
Bobcat_education_Angela,fold3,seasonal_naive,7,7.4381160416666665,0.2100973062759111
Bobcat_education_Angela,fold3,seasonal_naive,8,7.426267291666666,0.2097626260364806
Bobcat_education_Angela,fold3,seasonal_naive,9,7.438176874999999,0.21009902457653903
Bobcat_education_Angela,fold3,seasonal_naive,10,7.4381764583333325,0.21009901280735666
Bobcat_education_Angela,fold3,seasonal_naive,11,7.4262668750000005,0.20976261426729825
Bobcat_education_Angela,fold3,seasonal_naive,12,7.426266597222222,0.20976260642117664
Bobcat_education_Angela,fold3,seasonal_naive,13,7.438176041666667,0.2100990010381743
Bobcat_education_Angela,fold3,seasonal_naive,14,7.438115625,0.21009729450672873
Bobcat_education_Angela,fold3,seasonal_naive,15,7.438115208333333,0.21009728273754633
Bobcat_education_Angela,fold3,seasonal_naive,16,7.450025347222221,0.2104336969698479
Bobcat_education_Angela,fold3,seasonal_naive,17,7.450086319444444,0.21043541919353667
Bobcat_education_Angela,fold3,seasonal_naive,18,7.461997291666667,0.21077185696420306
Bobcat_education_Angela,fold3,seasonal_naive,19,7.461998263888889,0.2107718844256286
Bobcat_education_Angela,fold3,seasonal_naive,20,7.473969097222221,0.21111001303549734
Bobcat_education_Angela,fold3,seasonal_naive,21,7.49785048611111,0.21178456764685008
Bobcat_education_Angela,fold3,seasonal_naive,22,7.521731458333333,0.21245911048902047
Bobcat_education_Angela,fold3,seasonal_naive,23,7.545551875,0.21313194287668447
Bobcat_education_Angela,fold3,seasonal_naive,24,7.5455515972222225,0.21313193503056288
Bobcat_education_Angela,fold3,lgbm_direct,1,6.126310736105898,0.1730440041342292
Bobcat_education_Angela,fold3,lgbm_direct,2,6.769475404608503,0.19121085762068793
Bobcat_education_Angela,fold3,lgbm_direct,3,7.305231003326116,0.20634383047056928
Bobcat_education_Angela,fold3,lgbm_direct,4,7.9424805161827,0.224343604247533
Bobcat_education_Angela,fold3,lgbm_direct,5,8.37612753081738,0.23659241417990964
Bobcat_education_Angela,fold3,lgbm_direct,6,8.877449721810958,0.2507527796964025
Bobcat_education_Angela,fold3,lgbm_direct,7,8.089482694283047,0.22849583331502335
Bobcat_education_Angela,fold3,lgbm_direct,8,8.625792763825835,0.24364446776874701
Bobcat_education_Angela,fold3,lgbm_direct,9,8.667251783271485,0.24481552079582777
Bobcat_education_Angela,fold3,lgbm_direct,10,9.049229670694617,0.2556048826120466
Bobcat_education_Angela,fold3,lgbm_direct,11,8.513130528957493,0.24046220603307789
Bobcat_education_Angela,fold3,lgbm_direct,12,8.496202653786481,0.23998406063248426
Bobcat_education_Angela,fold3,lgbm_direct,13,8.64266394168191,0.24412101169484432
Bobcat_education_Angela,fold3,lgbm_direct,14,9.511704121154454,0.26866795338410093
Bobcat_education_Angela,fold3,lgbm_direct,15,9.502937226897624,0.26842032335823846
Bobcat_education_Angela,fold3,lgbm_direct,16,9.202374708235043,0.25993062311898785
Bobcat_education_Angela,fold3,lgbm_direct,17,10.001425865314928,0.2825006522417813
Bobcat_education_Angela,fold3,lgbm_direct,18,8.407945806881642,0.23749115440579446
Bobcat_education_Angela,fold3,lgbm_direct,19,8.70487996923214,0.24587836795579374
Bobcat_education_Angela,fold3,lgbm_direct,20,9.837317070747662,0.2778652290403111
Bobcat_education_Angela,fold3,lgbm_direct,21,8.98979508620642,0.2539260910967424
Bobcat_education_Angela,fold3,lgbm_direct,22,9.150017318559057,0.2584517343152985
Bobcat_education_Angela,fold3,lgbm_direct,23,10.680675421146866,0.301686760816853
Bobcat_education_Angela,fold3,lgbm_direct,24,10.665399624634071,0.3012552800923552
Bobcat_education_Angela,fold3,lgbm_recursive,1,6.126310736105898,0.1730440041342292
Bobcat_education_Angela,fold3,lgbm_recursive,2,7.63998669681445,0.21579935241570208
Bobcat_education_Angela,fold3,lgbm_recursive,3,8.074199236427814,0.22806413618795807
Bobcat_education_Angela,fold3,lgbm_recursive,4,8.224337358688814,0.23230494325249687
Bobcat_education_Angela,fold3,lgbm_recursive,5,8.16457933215479,0.2306170157809661
Bobcat_education_Angela,fold3,lgbm_recursive,6,8.061405016589811,0.22770275017182057
Bobcat_education_Angela,fold3,lgbm_recursive,7,7.944192621033984,0.22439196442574233
Bobcat_education_Angela,fold3,lgbm_recursive,8,7.970037911286055,0.22512199146907716
Bobcat_education_Angela,fold3,lgbm_recursive,9,7.826575912435236,0.2210697584382032
Bobcat_education_Angela,fold3,lgbm_recursive,10,7.720964253640683,0.21808664754025944
Bobcat_education_Angela,fold3,lgbm_recursive,11,7.447446264254934,0.21036084809507186
Bobcat_education_Angela,fold3,lgbm_recursive,12,7.578032099144087,0.21404938051300043
Bobcat_education_Angela,fold3,lgbm_recursive,13,7.729110685980031,0.2183167519753971
Bobcat_education_Angela,fold3,lgbm_recursive,14,7.563539269750115,0.21364001550727413
Bobcat_education_Angela,fold3,lgbm_recursive,15,7.6936541405358385,0.2173152450553726
Bobcat_education_Angela,fold3,lgbm_recursive,16,7.836925467772037,0.22136209236862792
Bobcat_education_Angela,fold3,lgbm_recursive,17,7.82156224642053,0.2209281422388382
Bobcat_education_Angela,fold3,lgbm_recursive,18,8.05778708108035,0.22760055782895314
Bobcat_education_Angela,fold3,lgbm_recursive,19,8.11254517452667,0.22914725700189295
Bobcat_education_Angela,fold3,lgbm_recursive,20,8.262131736648485,0.23337248467793573
Bobcat_education_Angela,fold3,lgbm_recursive,21,8.289950866747729,0.2341582648760463
Bobcat_education_Angela,fold3,lgbm_recursive,22,8.332791844231936,0.2353683527420111
Bobcat_education_Angela,fold3,lgbm_recursive,23,8.42426181494097,0.237952016984872
Bobcat_education_Angela,fold3,lgbm_recursive,24,8.629957289395305,0.24376209911506663
Bobcat_education_Angela,fold3,lgbm_multioutput,1,6.126310736105898,0.1730440041342292
Bobcat_education_Angela,fold3,lgbm_multioutput,2,6.769475404608503,0.19121085762068793
Bobcat_education_Angela,fold3,lgbm_multioutput,3,7.305231003326116,0.20634383047056928
Bobcat_education_Angela,fold3,lgbm_multioutput,4,7.9424805161827,0.224343604247533
Bobcat_education_Angela,fold3,lgbm_multioutput,5,8.37612753081738,0.23659241417990964
Bobcat_education_Angela,fold3,lgbm_multioutput,6,8.877449721810958,0.2507527796964025
Bobcat_education_Angela,fold3,lgbm_multioutput,7,8.089482694283047,0.22849583331502335
Bobcat_education_Angela,fold3,lgbm_multioutput,8,8.625792763825835,0.24364446776874701
Bobcat_education_Angela,fold3,lgbm_multioutput,9,8.667251783271485,0.24481552079582777
Bobcat_education_Angela,fold3,lgbm_multioutput,10,9.049229670694617,0.2556048826120466
Bobcat_education_Angela,fold3,lgbm_multioutput,11,8.513130528957493,0.24046220603307789
Bobcat_education_Angela,fold3,lgbm_multioutput,12,8.496202653786481,0.23998406063248426
Bobcat_education_Angela,fold3,lgbm_multioutput,13,8.64266394168191,0.24412101169484432
Bobcat_education_Angela,fold3,lgbm_multioutput,14,9.511704121154454,0.26866795338410093
Bobcat_education_Angela,fold3,lgbm_multioutput,15,9.502937226897624,0.26842032335823846
Bobcat_education_Angela,fold3,lgbm_multioutput,16,9.202374708235043,0.25993062311898785
Bobcat_education_Angela,fold3,lgbm_multioutput,17,10.001425865314928,0.2825006522417813
Bobcat_education_Angela,fold3,lgbm_multioutput,18,8.407945806881642,0.23749115440579446
Bobcat_education_Angela,fold3,lgbm_multioutput,19,8.70487996923214,0.24587836795579374
Bobcat_education_Angela,fold3,lgbm_multioutput,20,9.837317070747662,0.2778652290403111
Bobcat_education_Angela,fold3,lgbm_multioutput,21,8.98979508620642,0.2539260910967424
Bobcat_education_Angela,fold3,lgbm_multioutput,22,9.150017318559057,0.2584517343152985
Bobcat_education_Angela,fold3,lgbm_multioutput,23,10.680675421146866,0.301686760816853
Bobcat_education_Angela,fold3,lgbm_multioutput,24,10.665399624634071,0.3012552800923552
Bobcat_education_Angela,fold3,lstm_seq2seq,1,13.340607683546278,0.3768193078322509
Bobcat_education_Angela,fold3,lstm_seq2seq,2,15.464285029561784,0.4368047782521314
Bobcat_education_Angela,fold3,lstm_seq2seq,3,17.824239119086794,0.5034641304814529
Bobcat_education_Angela,fold3,lstm_seq2seq,4,19.83342393113666,0.5602156404683236
Bobcat_education_Angela,fold3,lstm_seq2seq,5,21.364892855731117,0.6034735694788618
Bobcat_education_Angela,fold3,lstm_seq2seq,6,22.372100163461898,0.6319231850845137
Bobcat_education_Angela,fold3,lstm_seq2seq,7,22.91516580985387,0.6472626378167373
Bobcat_education_Angela,fold3,lstm_seq2seq,8,23.13701714252896,0.6535290589276284
Bobcat_education_Angela,fold3,lstm_seq2seq,9,23.097987884582942,0.6524266370355158
Bobcat_education_Angela,fold3,lstm_seq2seq,10,22.906862521748014,0.6470281028277023
Bobcat_education_Angela,fold3,lstm_seq2seq,11,22.659891454573735,0.64005214874864
Bobcat_education_Angela,fold3,lstm_seq2seq,12,22.387641007544197,0.6323621523526572
Bobcat_education_Angela,fold3,lstm_seq2seq,13,22.171526299671598,0.6262577681623207
Bobcat_education_Angela,fold3,lstm_seq2seq,14,22.030697007007596,0.6222798986497043
Bobcat_education_Angela,fold3,lstm_seq2seq,15,21.950872743494244,0.6200251794915644
Bobcat_education_Angela,fold3,lstm_seq2seq,16,21.911309769263795,0.6189076822291504
Bobcat_education_Angela,fold3,lstm_seq2seq,17,21.934531644126043,0.61956360818243
Bobcat_education_Angela,fold3,lstm_seq2seq,18,21.95874340901693,0.6202474946067967
Bobcat_education_Angela,fold3,lstm_seq2seq,19,21.937944751983217,0.6196600149557049
Bobcat_education_Angela,fold3,lstm_seq2seq,20,21.906398380944992,0.6187689549694416
Bobcat_education_Angela,fold3,lstm_seq2seq,21,21.897711298234725,0.6185235793035339
Bobcat_education_Angela,fold3,lstm_seq2seq,22,21.93575302267498,0.6195981072869932
Bobcat_education_Angela,fold3,lstm_seq2seq,23,22.000519253020816,0.6214274966723
Bobcat_education_Angela,fold3,lstm_seq2seq,24,22.112778780454,0.6245983835185657
Bobcat_education_Angela,fold3,transformer,1,11.252641731130812,0.3178425427830178
Bobcat_education_Angela,fold3,transformer,2,11.409605184366438,0.3222761384037149
Bobcat_education_Angela,fold3,transformer,3,11.499870891397265,0.3248257869692968
Bobcat_education_Angela,fold3,transformer,4,11.55231820549647,0.3263072157816363
Bobcat_education_Angela,fold3,transformer,5,11.661255194971298,0.3293842540954054
Bobcat_education_Angela,fold3,transformer,6,11.811399486842685,0.3336252354269919
Bobcat_education_Angela,fold3,transformer,7,11.845443837322659,0.3345868534347896
Bobcat_education_Angela,fold3,transformer,8,11.896753285944197,0.3360361420559271
Bobcat_education_Angela,fold3,transformer,9,11.858296728360918,0.3349498966798626
Bobcat_education_Angela,fold3,transformer,10,12.01297227321413,0.33931886795409094
Bobcat_education_Angela,fold3,transformer,11,11.968144946127998,0.3380526735823458
Bobcat_education_Angela,fold3,transformer,12,11.99223097741021,0.3387330085304594
Bobcat_education_Angela,fold3,transformer,13,12.049169120487637,0.34034128546751014
Bobcat_education_Angela,fold3,transformer,14,11.99835416498184,0.33890596431757203
Bobcat_education_Angela,fold3,transformer,15,12.081254948056538,0.3412475829632869
Bobcat_education_Angela,fold3,transformer,16,12.139107275089685,0.34288168197483365
Bobcat_education_Angela,fold3,transformer,17,12.12693940916909,0.34253798797507307
Bobcat_education_Angela,fold3,transformer,18,12.190573301179674,0.344335393289051
Bobcat_education_Angela,fold3,transformer,19,12.28471003542582,0.3469943830353705
Bobcat_education_Angela,fold3,transformer,20,12.273487195421854,0.34667738227329714
Bobcat_education_Angela,fold3,transformer,21,12.30148146111594,0.3474681093580257
Bobcat_education_Angela,fold3,transformer,22,12.308304181065028,0.34766082416305805
Bobcat_education_Angela,fold3,transformer,23,12.200990487838322,0.34462963753634357
Bobcat_education_Angela,fold3,transformer,24,12.363757142079672,0.34922715059154297
