building_id,site_id,fold,model,mae,rmse,nmae,n,skill,mean_load,zero_frac,lgbm_sec
Bobcat_education_Angela,Bobcat,fold0,seasonal_naive,13.423135821759258,27.92085413918302,2.678336860839578,17280,1.0,5.01174292824074,0.9180555555555555,8.1
Bobcat_education_Angela,Bobcat,fold0,lgbm_direct,6.468615471939467,16.289346945055783,1.2906917941639375,17280,0.4819004707866898,5.01174292824074,0.9180555555555555,8.1
Bobcat_education_Angela,Bobcat,fold0,lgbm_recursive,9.025966429897444,17.872418826501395,1.8009635687889936,17280,0.6724186173595974,5.01174292824074,0.9180555555555555,8.1
Bobcat_education_Angela,Bobcat,fold0,lgbm_multioutput,6.468615471939467,16.289346945055783,1.2906917941639375,17280,0.4819004707866898,5.01174292824074,0.9180555555555555,8.1
Bobcat_education_Angela,Bobcat,fold0,lstm_seq2seq,9.276544593903369,15.902157496304607,1.8509617765170752,15336,0.6910862496724383,5.01174292824074,0.9180555555555555,8.1
Bobcat_education_Angela,Bobcat,fold0,transformer,4.8471893084284785,13.858575273589686,0.9671663885860913,15336,0.3611070745906524,5.01174292824074,0.9180555555555555,8.1
Bobcat_education_Angela,Bobcat,fold1,seasonal_naive,29.87973840277778,39.736346431855615,0.7102064990671005,17280,1.0,42.071902245370374,0.021527777777777778,8.5
Bobcat_education_Angela,Bobcat,fold1,lgbm_direct,19.084307570946613,26.421123633218635,0.45361171119964433,17280,0.6387039710217957,42.071902245370374,0.021527777777777778,8.5
Bobcat_education_Angela,Bobcat,fold1,lgbm_recursive,14.976588362929073,21.040733008176773,0.3559760211359853,17280,0.501228898360662,42.071902245370374,0.021527777777777778,8.5
Bobcat_education_Angela,Bobcat,fold1,lgbm_multioutput,19.084307570946613,26.421123633218635,0.45361171119964433,17280,0.6387039710217957,42.071902245370374,0.021527777777777778,8.5
Bobcat_education_Angela,Bobcat,fold1,lstm_seq2seq,29.33302321110205,34.86439948447621,0.6972117172175137,17280,0.9817028119755926,42.071902245370374,0.021527777777777778,8.5
Bobcat_education_Angela,Bobcat,fold1,transformer,17.62629482904611,27.19402528844209,0.41895645046536306,17280,0.5899079366574198,42.071902245370374,0.021527777777777778,8.5
Bobcat_education_Angela,Bobcat,fold2,seasonal_naive,26.25235772569445,34.74864110001967,1.1495996168181217,17280,1.0,22.836087748842594,0.46319444444444446,8.8
Bobcat_education_Angela,Bobcat,fold2,lgbm_direct,7.807691534422301,13.740240901068901,0.34190145090934065,17280,0.2974091552462938,22.836087748842594,0.46319444444444446,8.8
Bobcat_education_Angela,Bobcat,fold2,lgbm_recursive,9.117791087679754,14.403080776917665,0.39927115309590944,17280,0.3473132273660789,22.836087748842594,0.46319444444444446,8.8
Bobcat_education_Angela,Bobcat,fold2,lgbm_multioutput,7.807691534422301,13.740240901068901,0.34190145090934065,17280,0.2974091552462938,22.836087748842594,0.46319444444444446,8.8
Bobcat_education_Angela,Bobcat,fold2,lstm_seq2seq,13.926275979216983,21.967842834999566,0.6098363315284954,17280,0.5304771527468051,22.836087748842594,0.46319444444444446,8.8
Bobcat_education_Angela,Bobcat,fold2,transformer,13.73833964871892,21.05248484859981,0.6016065361027185,17280,0.5233183164829628,22.836087748842594,0.46319444444444446,8.8
Bobcat_education_Angela,Bobcat,fold3,seasonal_naive,7.45852412037037,11.922219206714088,0.21067375363676114,17280,1.0,35.40319565972222,0.0,9.0
Bobcat_education_Angela,Bobcat,fold3,lgbm_direct,8.952607245945417,13.022555102675064,0.2528756819580185,17280,1.2003188702567145,35.40319565972222,0.0,9.0
Bobcat_education_Angela,Bobcat,fold3,lgbm_recursive,7.7738550302567715,11.608244626286922,0.21958060241157806,17280,1.0422779231919603,35.40319565972222,0.0,9.0
Bobcat_education_Angela,Bobcat,fold3,lgbm_multioutput,8.952607245945417,13.022555102675064,0.2528756819580185,17280,1.2003188702567145,35.40319565972222,0.0,9.0
Bobcat_education_Angela,Bobcat,fold3,lstm_seq2seq,21.314530605369495,26.4192905295711,0.6020510354555019,17280,2.857741057263092,35.40319565972222,0.0,9.0
Bobcat_education_Angela,Bobcat,fold3,transformer,10.423735788507283,15.32749629165948,0.29442923426164713,17280,1.3975601097861259,35.40319565972222,0.0,9.0
Bobcat_other_Howard,Bobcat,fold0,seasonal_naive,19.131049149305554,42.244669160144724,3.6213166397151855,17280,1.0,5.28289875,0.9241319444444445,8.0
Bobcat_other_Howard,Bobcat,fold0,lgbm_direct,10.589144459534777,21.61550795824096,2.0044193463928828,17280,0.5535056847584942,5.28289875,0.9241319444444445,8.0
Bobcat_other_Howard,Bobcat,fold0,lgbm_recursive,10.068393032275937,22.362541468168885,1.9058462993022414,17280,0.5262854615917085,5.28289875,0.9241319444444445,8.0
Bobcat_other_Howard,Bobcat,fold0,lgbm_multioutput,10.589144459534777,21.61550795824096,2.0044193463928828,17280,0.5535056847584942,5.28289875,0.9241319444444445,8.0
Bobcat_other_Howard,Bobcat,fold0,lstm_seq2seq,23.92673211481555,31.252640743133885,4.529091555051202,15336,1.25067537739738,5.28289875,0.9241319444444445,8.0
Bobcat_other_Howard,Bobcat,fold0,transformer,5.847474600899885,16.31173187591342,1.1068685730348105,15336,0.3056536290960365,5.28289875,0.9241319444444445,8.0
Bobcat_other_Howard,Bobcat,fold1,seasonal_naive,33.948573530092595,46.53197165160134,0.8962673155960564,17280,1.0,37.8777323900463,0.07690972222222223,8.2
Bobcat_other_Howard,Bobcat,fold1,lgbm_direct,23.297967606921482,32.55042647936949,0.6150834840642108,17280,0.686272357990823,37.8777323900463,0.07690972222222223,8.2
Bobcat_other_Howard,Bobcat,fold1,lgbm_recursive,27.33705065630554,36.651818131419645,0.7217182479352778,17280,0.8052488753930562,37.8777323900463,0.07690972222222223,8.2
Bobcat_other_Howard,Bobcat,fold1,lgbm_multioutput,23.297967606921482,32.55042647936949,0.6150834840642108,17280,0.686272357990823,37.8777323900463,0.07690972222222223,8.2
Bobcat_other_Howard,Bobcat,fold1,lstm_seq2seq,23.30639625411316,35.496686682582286,0.6153060065506385,17280,0.686520634908385,37.8777323900463,0.07690972222222223,8.2
Bobcat_other_Howard,Bobcat,fold1,transformer,22.251436516895293,34.935229883205075,0.5874542934028077,17280,0.6554454047140225,37.8777323900463,0.07690972222222223,8.2
Bobcat_other_Howard,Bobcat,fold2,seasonal_naive,43.461251990740735,107.24936022312892,1.618048296756362,17280,1.0,26.860293402777778,0.46458333333333335,8.4
Bobcat_other_Howard,Bobcat,fold2,lgbm_direct,30.406910907904503,77.15185681635482,1.1320394178851356,17280,0.6996326501220579,26.860293402777778,0.46458333333333335,8.4
Bobcat_other_Howard,Bobcat,fold2,lgbm_recursive,41.53921792027907,99.58450773015996,1.5464915925297846,17280,0.9557759157313014,26.860293402777778,0.46458333333333335,8.4
Bobcat_other_Howard,Bobcat,fold2,lgbm_multioutput,30.406910907904503,77.15185681635482,1.1320394178851356,17280,0.6996326501220579,26.860293402777778,0.46458333333333335,8.4
Bobcat_other_Howard,Bobcat,fold2,lstm_seq2seq,21.683822523608033,70.96174240996893,0.807281670324777,17280,0.49892309886120384,26.860293402777778,0.46458333333333335,8.4
Bobcat_other_Howard,Bobcat,fold2,transformer,24.960454391261912,75.50000443203965,0.9292696106097117,17280,0.5743151254956863,26.860293402777778,0.46458333333333335,8.4
Bobcat_other_Howard,Bobcat,fold3,seasonal_naive,191.00548817708332,289.5804291374545,1.256161054179983,17280,1.0,152.05493558449075,0.001388888888888889,8.6
Bobcat_other_Howard,Bobcat,fold3,lgbm_direct,135.74837680111744,216.7319597806094,0.8927587669503012,17280,0.71070406456208,152.05493558449075,0.001388888888888889,8.6
Bobcat_other_Howard,Bobcat,fold3,lgbm_recursive,144.78708434861684,218.3749769653628,0.9522024641427345,17280,0.7580257809889898,152.05493558449075,0.001388888888888889,8.6
Bobcat_other_Howard,Bobcat,fold3,lgbm_multioutput,135.74837680111744,216.7319597806094,0.8927587669503012,17280,0.71070406456208,152.05493558449075,0.001388888888888889,8.6
Bobcat_other_Howard,Bobcat,fold3,lstm_seq2seq,131.38252432107961,228.13561985861497,0.864046430430242,17280,0.6878468549514839,152.05493558449075,0.001388888888888889,8.6
Bobcat_other_Howard,Bobcat,fold3,transformer,132.66825740223143,223.3420117833864,0.8725021446509579,17280,0.6945782483445355,152.05493558449075,0.001388888888888889,8.6
Bull_assembly_Brandon,Bull,fold0,seasonal_naive,202.27619051504627,261.10413739912894,0.9527918021847667,17280,1.0,212.2984161400463,0.001388888888888889,9.0
Bull_assembly_Brandon,Bull,fold0,lgbm_direct,106.52894075248068,145.00304808560753,0.5017886741190147,17280,0.5266509146787425,212.2984161400463,0.001388888888888889,9.0
Bull_assembly_Brandon,Bull,fold0,lgbm_recursive,247.33586044928782,632.4739228085256,1.1650386514712783,17280,1.2227630934689262,212.2984161400463,0.001388888888888889,9.0
Bull_assembly_Brandon,Bull,fold0,lgbm_multioutput,106.52894075248068,145.00304808560753,0.5017886741190147,17280,0.5266509146787425,212.2984161400463,0.001388888888888889,9.0
Bull_assembly_Brandon,Bull,fold0,lstm_seq2seq,89.75750707541006,116.91503548809563,0.42278933921108475,17280,0.44373738128479073,212.2984161400463,0.001388888888888889,9.0
Bull_assembly_Brandon,Bull,fold0,transformer,77.90767069824784,101.11670735049736,0.3669724537504543,17280,0.38515492357194997,212.2984161400463,0.001388888888888889,9.0
Bull_assembly_Brandon,Bull,fold1,seasonal_naive,198.42990307291666,261.99170872829717,0.6008149551477567,17280,1.0,330.2679158912037,0.0,9.3
Bull_assembly_Brandon,Bull,fold1,lgbm_direct,124.85424715311339,171.31144001411258,0.37803928612382276,17280,0.6292108458432973,330.2679158912037,0.0,9.3
Bull_assembly_Brandon,Bull,fold1,lgbm_recursive,253.06692147803582,493.5760819673704,0.7662473685800006,17280,1.275346697040122,330.2679158912037,0.0,9.3
Bull_assembly_Brandon,Bull,fold1,lgbm_multioutput,124.85424715311339,171.31144001411258,0.37803928612382276,17280,0.6292108458432973,330.2679158912037,0.0,9.3
Bull_assembly_Brandon,Bull,fold1,lstm_seq2seq,99.78422473423494,126.9706438053703,0.3021311484797866,10152,0.5028688881512351,330.2679158912037,0.0,9.3
Bull_assembly_Brandon,Bull,fold1,transformer,85.15744007005625,117.87737943392493,0.25784351422772983,10152,0.4291562851732262,330.2679158912037,0.0,9.3
Bull_assembly_Brandon,Bull,fold2,seasonal_naive,137.32250560185187,196.215189969731,0.7521737191048178,17280,1.0,182.56754006944445,0.0,9.5
Bull_assembly_Brandon,Bull,fold2,lgbm_direct,80.5175070836948,115.27693251832049,0.44102860263696275,17280,0.5863387558419919,182.56754006944445,0.0,9.5
Bull_assembly_Brandon,Bull,fold2,lgbm_recursive,208.73544195061933,459.97673370460836,1.1433327187912004,17280,1.5200381105470042,182.56754006944445,0.0,9.5
Bull_assembly_Brandon,Bull,fold2,lgbm_multioutput,80.5175070836948,115.27693251832049,0.44102860263696275,17280,0.5863387558419919,182.56754006944445,0.0,9.5
Bull_assembly_Brandon,Bull,fold2,lstm_seq2seq,75.99903090446774,105.28543460986573,0.4162789884530376,13464,0.5534346360152844,182.56754006944445,0.0,9.5
Bull_assembly_Brandon,Bull,fold2,transformer,84.19042752715647,116.42413686151683,0.46114674873272865,13464,0.6130854309580929,182.56754006944445,0.0,9.5
Bull_assembly_Brandon,Bull,fold3,seasonal_naive,191.57523087962963,308.03957446093784,0.5974459595259981,17280,1.0,320.65700307291667,0.0,9.8
Bull_assembly_Brandon,Bull,fold3,lgbm_direct,138.52332444608749,205.1599948673391,0.4319984379526793,17280,0.7230753360444824,320.65700307291667,0.0,9.8
Bull_assembly_Brandon,Bull,fold3,lgbm_recursive,261.5125890451512,484.92338386431186,0.8155524019092881,17280,1.365064720759567,320.65700307291667,0.0,9.8
Bull_assembly_Brandon,Bull,fold3,lgbm_multioutput,138.52332444608749,205.1599948673391,0.4319984379526793,17280,0.7230753360444824,320.65700307291667,0.0,9.8
Bull_assembly_Brandon,Bull,fold3,lstm_seq2seq,91.02509621548123,142.52921027522535,0.2838706011194845,17280,0.4751402140951824,320.65700307291667,0.0,9.8
Bull_assembly_Brandon,Bull,fold3,transformer,92.67449558240254,161.93292859834224,0.28901441320253524,17280,0.48374988330632207,320.65700307291667,0.0,9.8
Bull_education_Linnie,Bull,fold0,seasonal_naive,529.984709994213,685.3922713821571,0.6562118113210128,17280,1.0,807.6427471296296,0.0,9.2
Bull_education_Linnie,Bull,fold0,lgbm_direct,295.8401738633053,417.4369444323772,0.3663007869688972,17280,0.5582051109861937,807.6427471296296,0.0,9.2
Bull_education_Linnie,Bull,fold0,lgbm_recursive,466.7007393224431,648.8989966266955,0.5778554205818132,17280,0.8805928369660686,807.6427471296296,0.0,9.2
Bull_education_Linnie,Bull,fold0,lgbm_multioutput,295.8401738633053,417.4369444323772,0.3663007869688972,17280,0.5582051109861937,807.6427471296296,0.0,9.2
Bull_education_Linnie,Bull,fold0,lstm_seq2seq,161.68268207121673,237.94549942279727,0.20019084260440473,17280,0.30507046528376675,807.6427471296296,0.0,9.2
Bull_education_Linnie,Bull,fold0,transformer,178.38022959751834,252.5002033650748,0.22086526528156597,17280,0.33657618084768165,807.6427471296296,0.0,9.2
Bull_education_Linnie,Bull,fold1,seasonal_naive,591.339787037037,772.1886472439273,0.47025237752997995,17280,1.0,1257.4945184606481,0.0,9.5
Bull_education_Linnie,Bull,fold1,lgbm_direct,345.8796181550621,482.51424324131943,0.27505457326244875,17280,0.5849084160024545,1257.4945184606481,0.0,9.5
Bull_education_Linnie,Bull,fold1,lgbm_recursive,663.8344139018247,865.6908646488391,0.527902431506781,17280,1.122593859662359,1257.4945184606481,0.0,9.5
Bull_education_Linnie,Bull,fold1,lgbm_multioutput,345.8796181550621,482.51424324131943,0.27505457326244875,17280,0.5849084160024545,1257.4945184606481,0.0,9.5
Bull_education_Linnie,Bull,fold1,lstm_seq2seq,95.4428948400523,122.18281364551942,0.07589925318870412,10152,0.16140110463102408,1257.4945184606481,0.0,9.5
Bull_education_Linnie,Bull,fold1,transformer,99.84205358195085,134.31449036117948,0.0793976054099796,10152,0.16884041251852636,1257.4945184606481,0.0,9.5
Bull_education_Linnie,Bull,fold2,seasonal_naive,728.0170055613426,929.4169972660982,0.4982641900293098,17280,1.0,1461.1064172974538,0.0,9.8
Bull_education_Linnie,Bull,fold2,lgbm_direct,341.9535321945538,455.15395413945816,0.23403738984806505,17280,0.46970541839319835,1461.1064172974538,0.0,9.8
Bull_education_Linnie,Bull,fold2,lgbm_recursive,722.0685481520541,922.9344804848816,0.49419298937009215,17280,0.9918292328835068,1461.1064172974538,0.0,9.8
Bull_education_Linnie,Bull,fold2,lgbm_multioutput,341.9535321945538,455.15395413945816,0.23403738984806505,17280,0.46970541839319835,1461.1064172974538,0.0,9.8
Bull_education_Linnie,Bull,fold2,lstm_seq2seq,143.00935619945287,219.40046215175983,0.09787744034686478,13464,0.19643683472638734,1461.1064172974538,0.0,9.8
Bull_education_Linnie,Bull,fold2,transformer,157.294862702834,240.88861196145083,0.10765462449598681,13464,0.21605932485265328,1461.1064172974538,0.0,9.8
Bull_education_Linnie,Bull,fold3,seasonal_naive,596.1568934432871,735.9479946644603,0.3225069813073033,17280,1.0,1848.5084912789355,0.0,10.1
Bull_education_Linnie,Bull,fold3,lgbm_direct,328.02982035504976,470.3241956088934,0.17745648554099655,17280,0.5502407570269177,1848.5084912789355,0.0,10.1
Bull_education_Linnie,Bull,fold3,lgbm_recursive,835.6132283764324,1076.8982093750844,0.45204727612492224,17280,1.4016666377035276,1848.5084912789355,0.0,10.1
Bull_education_Linnie,Bull,fold3,lgbm_multioutput,328.02982035504976,470.3241956088934,0.17745648554099655,17280,0.5502407570269177,1848.5084912789355,0.0,10.1
Bull_education_Linnie,Bull,fold3,lstm_seq2seq,125.66919828071313,165.1103597631954,0.06798410657760401,17280,0.21079886798737177,1848.5084912789355,0.0,10.1
Bull_education_Linnie,Bull,fold3,transformer,137.15202899913646,193.60080047991366,0.07419605030012305,17280,0.23006029202643757,1848.5084912789355,0.0,10.1
Cockatoo_lodging_Aimee,Cockatoo,fold0,seasonal_naive,2.9156047511574075,3.7840075649215716,0.4645325916520769,17280,1.0,6.276426678240741,0.01765046296296296,8.6
Cockatoo_lodging_Aimee,Cockatoo,fold0,lgbm_direct,2.4226521269499823,3.132921096661095,0.3859922613847921,17280,0.8309261143809915,6.276426678240741,0.01765046296296296,8.6
Cockatoo_lodging_Aimee,Cockatoo,fold0,lgbm_recursive,2.424222152230255,3.28226476570818,0.3862424077436615,17280,0.8314646048192614,6.276426678240741,0.01765046296296296,8.6
Cockatoo_lodging_Aimee,Cockatoo,fold0,lgbm_multioutput,2.4226521269499823,3.132921096661095,0.3859922613847921,17280,0.8309261143809915,6.276426678240741,0.01765046296296296,8.6
Cockatoo_lodging_Aimee,Cockatoo,fold0,lstm_seq2seq,5.148653236458567,6.10952598743159,0.8203160015089535,17280,1.7658954748289206,6.276426678240741,0.01765046296296296,8.6
Cockatoo_lodging_Aimee,Cockatoo,fold0,transformer,3.9130005876329204,5.300105543066343,0.6234440053603431,17280,1.3420888363141734,6.276426678240741,0.01765046296296296,8.6
Cockatoo_lodging_Aimee,Cockatoo,fold1,seasonal_naive,4.9556629952627045,9.731945311569104,0.6082903386587488,9288,1.0,8.146871124387253,0.03630514705882353,8.7
Cockatoo_lodging_Aimee,Cockatoo,fold1,lgbm_direct,5.261610071989059,9.880657707652666,0.6458442746490357,13056,1.0617368608436086,8.146871124387253,0.03630514705882353,8.7
Cockatoo_lodging_Aimee,Cockatoo,fold1,lgbm_recursive,7.14538399720528,14.23647802900613,0.8770709500750452,13056,1.4418623711975185,8.146871124387253,0.03630514705882353,8.7
Cockatoo_lodging_Aimee,Cockatoo,fold1,lgbm_multioutput,5.261610071989059,9.880657707652666,0.6458442746490357,13056,1.0617368608436086,8.146871124387253,0.03630514705882353,8.7
Cockatoo_lodging_Aimee,Cockatoo,fold1,lstm_seq2seq,4.619278649020266,5.834058103738968,0.5670003340537308,5328,0.9321212224148414,8.146871124387253,0.03630514705882353,8.7
Cockatoo_lodging_Aimee,Cockatoo,fold1,transformer,3.9828333986419815,5.621802140050322,0.4888789006026581,5328,0.8036933509097197,8.146871124387253,0.03630514705882353,8.7
Cockatoo_lodging_Aimee,Cockatoo,fold2,seasonal_naive,4.496140324074074,8.846290763544026,0.6675475089308799,17280,1.0,6.73531136574074,0.028125,8.9
Cockatoo_lodging_Aimee,Cockatoo,fold2,lgbm_direct,4.382201167113416,6.761831959924875,0.6506308215242351,17280,0.9746584517501414,6.73531136574074,0.028125,8.9
Cockatoo_lodging_Aimee,Cockatoo,fold2,lgbm_recursive,3.1149520255858745,5.0623572875826355,0.46248077578567837,17280,0.6928057847543629,6.73531136574074,0.028125,8.9
Cockatoo_lodging_Aimee,Cockatoo,fold2,lgbm_multioutput,4.382201167113416,6.761831959924875,0.6506308215242351,17280,0.9746584517501414,6.73531136574074,0.028125,8.9
Cockatoo_lodging_Aimee,Cockatoo,fold2,lstm_seq2seq,3.805275101818685,5.9889972849753805,0.5649738958133803,17280,0.8463426022190124,6.73531136574074,0.028125,8.9
Cockatoo_lodging_Aimee,Cockatoo,fold2,transformer,4.433326151190511,6.379023246133888,0.6582214110754685,17280,0.986029312175327,6.73531136574074,0.028125,8.9
Cockatoo_lodging_Aimee,Cockatoo,fold3,seasonal_naive,17.793783825231483,28.53452384143339,0.7206970289037615,17280,1.0,24.689686666666667,0.0038194444444444443,9.4
Cockatoo_lodging_Aimee,Cockatoo,fold3,lgbm_direct,12.200832119392821,19.26822037543141,0.4941671510098611,17280,0.6856794619530059,24.689686666666667,0.0038194444444444443,9.4
Cockatoo_lodging_Aimee,Cockatoo,fold3,lgbm_recursive,22.249398516797594,36.886494836473304,0.9011616395616845,17280,1.2504028786304617,24.689686666666667,0.0038194444444444443,9.4
Cockatoo_lodging_Aimee,Cockatoo,fold3,lgbm_multioutput,12.200832119392821,19.26822037543141,0.4941671510098611,17280,0.6856794619530059,24.689686666666667,0.0038194444444444443,9.4
Cockatoo_lodging_Aimee,Cockatoo,fold3,lstm_seq2seq,8.963162786626109,13.617016274807664,0.36303266653955546,17280,0.5037243834510564,24.689686666666667,0.0038194444444444443,9.4
Cockatoo_lodging_Aimee,Cockatoo,fold3,transformer,8.94746137097765,13.286408253636255,0.36239671615831154,17280,0.5028419732901442,24.689686666666667,0.0038194444444444443,9.4
Eagle_education_Raul,Eagle,fold0,seasonal_naive,96400.5188777778,155946.14848033604,0.4882331854585408,17280,1.0,197447.69865907409,0.0125,8.5
Eagle_education_Raul,Eagle,fold0,lgbm_direct,71185.34791522742,111546.73082828063,0.3605276151541307,17280,0.7384332443840926,197447.69865907409,0.0125,8.5
Eagle_education_Raul,Eagle,fold0,lgbm_recursive,79715.10037032876,145770.0537549222,0.403727675286659,17280,0.826915677408295,197447.69865907409,0.0125,8.5
Eagle_education_Raul,Eagle,fold0,lgbm_multioutput,71185.34791522742,111546.73082828063,0.3605276151541307,17280,0.7384332443840926,197447.69865907409,0.0125,8.5
Eagle_education_Raul,Eagle,fold0,lstm_seq2seq,55859.53954132813,88291.36569778535,0.28290803043381535,17280,0.5794526854378255,197447.69865907409,0.0125,8.5
Eagle_education_Raul,Eagle,fold0,transformer,83416.58612235244,118331.20856495018,0.42247433973077037,17280,0.8653126258387972,197447.69865907409,0.0125,8.5
Eagle_education_Raul,Eagle,fold1,seasonal_naive,246369.46841969906,367942.60475159995,0.6770842482904939,17280,1.0,363868.2616553761,0.005960648148148148,8.7
Eagle_education_Raul,Eagle,fold1,lgbm_direct,145717.1300069884,229228.99080944652,0.40046672206052086,17280,0.591457744101449,363868.2616553761,0.005960648148148148,8.7
Eagle_education_Raul,Eagle,fold1,lgbm_recursive,224225.14693198592,369406.5220865767,0.6162261745828005,17280,0.9101174279842602,363868.2616553761,0.005960648148148148,8.7
Eagle_education_Raul,Eagle,fold1,lgbm_multioutput,145717.1300069884,229228.99080944652,0.40046672206052086,17280,0.591457744101449,363868.2616553761,0.005960648148148148,8.7
Eagle_education_Raul,Eagle,fold1,lstm_seq2seq,120026.23871767073,216012.01157311117,0.32986179715599645,17280,0.48717984207849085,363868.2616553761,0.005960648148148148,8.7
Eagle_education_Raul,Eagle,fold1,transformer,139584.862823261,239619.01749730384,0.38361373478477073,17280,0.56656721191391,363868.2616553761,0.005960648148148148,8.7
Eagle_education_Raul,Eagle,fold2,seasonal_naive,250791.69508814238,387641.38178304257,0.7341337593522899,17280,1.0,341615.8048764988,0.009837962962962963,9.0
Eagle_education_Raul,Eagle,fold2,lgbm_direct,131482.5920646949,198176.07113116403,0.3848843940702,17280,0.5242701199435033,341615.8048764988,0.009837962962962963,9.0
Eagle_education_Raul,Eagle,fold2,lgbm_recursive,211949.77978222544,352300.170105748,0.6204331789006357,17280,0.8451228008476688,341615.8048764988,0.009837962962962963,9.0
Eagle_education_Raul,Eagle,fold2,lgbm_multioutput,131482.5920646949,198176.07113116403,0.3848843940702,17280,0.5242701199435033,341615.8048764988,0.009837962962962963,9.0
Eagle_education_Raul,Eagle,fold2,lstm_seq2seq,116230.99800722512,215108.5984099945,0.3402389361032199,17280,0.46345632763626793,341615.8048764988,0.009837962962962963,9.0
Eagle_education_Raul,Eagle,fold2,transformer,121244.98620473959,205543.70912714652,0.35491620842475996,17280,0.48344896812522936,341615.8048764988,0.009837962962962963,9.0
Eagle_education_Raul,Eagle,fold3,seasonal_naive,561631.4008273322,760812.9058335824,0.637811506096816,17280,1.0,880560.158383345,0.011979166666666667,9.5
Eagle_education_Raul,Eagle,fold3,lgbm_direct,301281.9187284857,415212.69875742326,0.34214802459564037,17280,0.5364406589173453,880560.158383345,0.011979166666666667,9.5
Eagle_education_Raul,Eagle,fold3,lgbm_recursive,490973.70177010586,656288.7681086584,0.5575697436408023,17280,0.8741920431209129,880560.158383345,0.011979166666666667,9.5
Eagle_education_Raul,Eagle,fold3,lgbm_multioutput,301281.9187284857,415212.69875742326,0.34214802459564037,17280,0.5364406589173453,880560.158383345,0.011979166666666667,9.5
Eagle_education_Raul,Eagle,fold3,lstm_seq2seq,225766.20833831307,312590.425557302,0.25638930649872477,17280,0.4019828805970245,880560.158383345,0.011979166666666667,9.5
Eagle_education_Raul,Eagle,fold3,transformer,303744.67148933734,436994.1027158945,0.34494482699171186,17280,0.5408256572582923,880560.158383345,0.011979166666666667,9.5
Eagle_health_Vincenza,Eagle,fold0,seasonal_naive,14684.790611371529,27771.647969982583,1.2027970860509827,17280,1.0,12208.867797962963,0.5533564814814815,8.6
Eagle_health_Vincenza,Eagle,fold0,lgbm_direct,11136.126290130405,20287.00115879032,0.9121342350834905,17280,0.7583442341702081,12208.867797962963,0.5533564814814815,8.6
Eagle_health_Vincenza,Eagle,fold0,lgbm_recursive,16702.357493431326,31295.377454587295,1.3680513025309438,17280,1.1373916002927167,12208.867797962963,0.5533564814814815,8.6
Eagle_health_Vincenza,Eagle,fold0,lgbm_multioutput,11136.126290130405,20287.00115879032,0.9121342350834905,17280,0.7583442341702081,12208.867797962963,0.5533564814814815,8.6
Eagle_health_Vincenza,Eagle,fold0,lstm_seq2seq,8709.724096584201,16570.992596481803,0.7133932679685016,17280,0.5931119024495733,12208.867797962963,0.5533564814814815,8.6
Eagle_health_Vincenza,Eagle,fold0,transformer,12023.737276373336,21942.348351953417,0.9848363890367856,17280,0.8187884726842792,12208.867797962963,0.5533564814814815,8.6
Eagle_health_Vincenza,Eagle,fold1,seasonal_naive,37760.007950144674,58157.20066383866,0.9109334837956005,17280,1.0,41451.99251300926,0.42488425925925927,8.9
Eagle_health_Vincenza,Eagle,fold1,lgbm_direct,23738.37167664145,36678.56638126152,0.5726714263299024,17280,0.6286643717867781,41451.99251300926,0.42488425925925927,8.9
Eagle_health_Vincenza,Eagle,fold1,lgbm_recursive,41954.767068596644,64145.989657303246,1.0121290805364687,17280,1.1110899956374585,41451.99251300926,0.42488425925925927,8.9
Eagle_health_Vincenza,Eagle,fold1,lgbm_multioutput,23738.37167664145,36678.56638126152,0.5726714263299024,17280,0.6286643717867781,41451.99251300926,0.42488425925925927,8.9
Eagle_health_Vincenza,Eagle,fold1,lstm_seq2seq,19238.271532360388,35597.58987859288,0.4641096933114292,17280,0.5094880159390083,41451.99251300926,0.42488425925925927,8.9
Eagle_health_Vincenza,Eagle,fold1,transformer,21190.588309086736,37550.68227567867,0.5112079546583026,17280,0.561191309521574,41451.99251300926,0.42488425925925927,8.9
Eagle_health_Vincenza,Eagle,fold2,seasonal_naive,38295.224414797456,60974.09077979716,1.1549859466808494,17280,1.0,33156.44188126157,0.4287037037037037,9.1
Eagle_health_Vincenza,Eagle,fold2,lgbm_direct,19373.179626460736,29985.625923127147,0.5842960983521434,17280,0.5058902231938572,33156.44188126157,0.4287037037037037,9.1
Eagle_health_Vincenza,Eagle,fold2,lgbm_recursive,42652.43829035325,64868.907549048425,1.2863997422611975,17280,1.1137795623903473,33156.44188126157,0.4287037037037037,9.1
Eagle_health_Vincenza,Eagle,fold2,lgbm_multioutput,19373.179626460736,29985.625923127147,0.5842960983521434,17280,0.5058902231938572,33156.44188126157,0.4287037037037037,9.1
Eagle_health_Vincenza,Eagle,fold2,lstm_seq2seq,15972.064361171151,31145.75206572676,0.48171828624946017,17280,0.41707718404176447,33156.44188126157,0.4287037037037037,9.1
Eagle_health_Vincenza,Eagle,fold2,transformer,18821.718117779223,34170.86765418984,0.567663990761818,17280,0.49148995482858227,33156.44188126157,0.4287037037037037,9.1
Eagle_health_Vincenza,Eagle,fold3,seasonal_naive,57887.397051973385,84118.51654633615,0.6099712176446954,17280,1.0,94901.85008318286,0.28506944444444443,9.6
Eagle_health_Vincenza,Eagle,fold3,lgbm_direct,29590.755471422515,43537.41878081079,0.3118037788039515,17280,0.5111778552567301,94901.85008318286,0.28506944444444443,9.6
Eagle_health_Vincenza,Eagle,fold3,lgbm_recursive,77257.77046229644,102864.54845060485,0.8140807623305434,17280,1.3346215998092232,94901.85008318286,0.28506944444444443,9.6
Eagle_health_Vincenza,Eagle,fold3,lgbm_multioutput,29590.755471422515,43537.41878081079,0.3118037788039515,17280,0.5111778552567301,94901.85008318286,0.28506944444444443,9.6
Eagle_health_Vincenza,Eagle,fold3,lstm_seq2seq,24426.058367849393,37614.936167283966,0.2573823202228365,17280,0.4219581396261228,94901.85008318286,0.28506944444444443,9.6
Eagle_health_Vincenza,Eagle,fold3,transformer,26252.62348324797,39259.866805687096,0.27662920649320494,17280,0.45351190103914024,94901.85008318286,0.28506944444444443,9.6
Fox_education_Theodore,Fox,fold0,seasonal_naive,129.01168239583333,146.8295440820369,0.2492870139525864,17280,1.0,517.5226753703703,0.0,8.4
Fox_education_Theodore,Fox,fold0,lgbm_direct,232.16166479616965,262.553528027661,0.448601918031941,17280,1.7995398593737564,517.5226753703703,0.0,8.4
Fox_education_Theodore,Fox,fold0,lgbm_recursive,132.0467708449533,172.18905823860328,0.25515166219615926,17280,1.0235256869204117,517.5226753703703,0.0,8.4
Fox_education_Theodore,Fox,fold0,lgbm_multioutput,232.16166479616965,262.553528027661,0.448601918031941,17280,1.7995398593737564,517.5226753703703,0.0,8.4
Fox_education_Theodore,Fox,fold0,lstm_seq2seq,260.3223586121171,290.1640155917628,0.5030163333921839,17280,2.017820043718186,517.5226753703703,0.0,8.4
Fox_education_Theodore,Fox,fold0,transformer,406.7347228746994,427.3439092595376,0.7859263801023126,17280,3.1526968358319434,517.5226753703703,0.0,8.4
Fox_education_Theodore,Fox,fold1,seasonal_naive,201.22041929398148,230.67821280081935,0.3263220622005805,17280,1.0,616.6313669907407,0.001388888888888889,8.7
Fox_education_Theodore,Fox,fold1,lgbm_direct,82.43613603600726,105.64455665022454,0.13368787325612178,17280,0.4096807686081237,616.6313669907407,0.001388888888888889,8.7
Fox_education_Theodore,Fox,fold1,lgbm_recursive,111.88425442001692,143.6371380730288,0.1814443124520731,17280,0.5560283335686469,616.6313669907407,0.001388888888888889,8.7
Fox_education_Theodore,Fox,fold1,lgbm_multioutput,82.43613603600726,105.64455665022454,0.13368787325612178,17280,0.4096807686081237,616.6313669907407,0.001388888888888889,8.7
Fox_education_Theodore,Fox,fold1,lstm_seq2seq,224.61778711530897,261.5518034286535,0.3642659117577485,17280,1.1162773037817009,616.6313669907407,0.001388888888888889,8.7
Fox_education_Theodore,Fox,fold1,transformer,354.2668838395748,375.89138414757394,0.5745197257292531,17280,1.760591122325382,616.6313669907407,0.001388888888888889,8.7
Fox_education_Theodore,Fox,fold2,seasonal_naive,208.08258289930558,239.9203499722645,0.28507169278946826,17280,1.0,729.9307092303239,0.0,8.9
Fox_education_Theodore,Fox,fold2,lgbm_direct,78.57375159448137,103.2894935862584,0.10764549374465081,17280,0.3776084980284219,729.9307092303239,0.0,8.9
Fox_education_Theodore,Fox,fold2,lgbm_recursive,119.57292053268512,152.67185837583233,0.16381407032287884,17280,0.574641658454174,729.9307092303239,0.0,8.9
Fox_education_Theodore,Fox,fold2,lgbm_multioutput,78.57375159448137,103.2894935862584,0.10764549374465081,17280,0.3776084980284219,729.9307092303239,0.0,8.9
Fox_education_Theodore,Fox,fold2,lstm_seq2seq,93.18220481306288,118.49439237947321,0.12765897315283384,17280,0.4478135724514493,729.9307092303239,0.0,8.9
Fox_education_Theodore,Fox,fold2,transformer,197.1835228925691,227.7764299427599,0.27014005630820687,17280,0.947621469058702,729.9307092303239,0.0,8.9
Fox_education_Theodore,Fox,fold3,seasonal_naive,151.09559800925928,207.53340122111348,0.1746384878505671,17280,1.0,865.190714079861,0.004166666666666667,9.1
Fox_education_Theodore,Fox,fold3,lgbm_direct,110.58634934180391,154.15443485815481,0.12781730957366272,17280,0.7318965661397169,865.190714079861,0.004166666666666667,9.1
Fox_education_Theodore,Fox,fold3,lgbm_recursive,143.49548162300908,187.72628778165915,0.165854162888951,17280,0.949699948334799,865.190714079861,0.004166666666666667,9.1
Fox_education_Theodore,Fox,fold3,lgbm_multioutput,110.58634934180391,154.15443485815481,0.12781730957366272,17280,0.7318965661397169,865.190714079861,0.004166666666666667,9.1
Fox_education_Theodore,Fox,fold3,lstm_seq2seq,162.16826056092438,204.92478895578898,0.18743643213206693,17280,1.0732824959664713,865.190714079861,0.004166666666666667,9.1
Fox_education_Theodore,Fox,fold3,transformer,269.9131806394337,310.7109814331464,0.31196957647249957,17280,1.7863735555214066,865.190714079861,0.004166666666666667,9.1
Fox_office_Essie,Fox,fold0,seasonal_naive,66.04630614583334,127.32869012376217,0.9712661273583396,17280,1.0,68.00021568287038,0.5171875,8.5
Fox_office_Essie,Fox,fold0,lgbm_direct,37.77536533487762,66.74827006730477,0.5555183164572438,17280,0.57195273345746,68.00021568287038,0.5171875,8.5
Fox_office_Essie,Fox,fold0,lgbm_recursive,123.30408316409451,194.3893425647469,1.8132895892439864,17280,1.8669338280907537,68.00021568287038,0.5171875,8.5
Fox_office_Essie,Fox,fold0,lgbm_multioutput,37.77536533487762,66.74827006730477,0.5555183164572438,17280,0.57195273345746,68.00021568287038,0.5171875,8.5
Fox_office_Essie,Fox,fold0,lstm_seq2seq,41.460966198649935,78.57950883649767,0.6097181572483479,17280,0.6277560187408843,68.00021568287038,0.5171875,8.5
Fox_office_Essie,Fox,fold0,transformer,46.29426661983631,79.50676410111306,0.6807958791739257,17280,0.7009364992739547,68.00021568287038,0.5171875,8.5
Fox_office_Essie,Fox,fold1,seasonal_naive,106.25077637731482,161.4899333736355,0.5017685282892437,17280,1.0,211.75257192708335,0.08663194444444444,8.6
Fox_office_Essie,Fox,fold1,lgbm_direct,69.57725483446863,100.43522563869038,0.3285780862129384,17280,0.6548399664148129,211.75257192708335,0.08663194444444444,8.6
Fox_office_Essie,Fox,fold1,lgbm_recursive,242.64308599668675,337.8738794479825,1.145880230820717,17280,2.2836829458546197,211.75257192708335,0.08663194444444444,8.6
Fox_office_Essie,Fox,fold1,lgbm_multioutput,69.57725483446863,100.43522563869038,0.3285780862129384,17280,0.6548399664148129,211.75257192708335,0.08663194444444444,8.6
Fox_office_Essie,Fox,fold1,lstm_seq2seq,83.95825829670376,123.83992079835907,0.3964922717709169,17280,0.7901895982251792,211.75257192708335,0.08663194444444444,8.6
Fox_office_Essie,Fox,fold1,transformer,80.13928715992115,111.32852917487598,0.37845720800745214,17280,0.754246603105588,211.75257192708335,0.08663194444444444,8.6
Fox_office_Essie,Fox,fold2,seasonal_naive,140.7062282002315,213.92207972535874,0.42419409162023763,17280,1.0,331.7024705902778,0.006944444444444444,8.9
Fox_office_Essie,Fox,fold2,lgbm_direct,73.02726702528622,105.8181052143409,0.22015894815414333,17280,0.5190052207309902,331.7024705902778,0.006944444444444444,8.9
Fox_office_Essie,Fox,fold2,lgbm_recursive,333.0687837996764,446.95609055380896,1.004119092652422,17280,2.3671218258064886,331.7024705902778,0.006944444444444444,8.9
Fox_office_Essie,Fox,fold2,lgbm_multioutput,73.02726702528622,105.8181052143409,0.22015894815414333,17280,0.5190052207309902,331.7024705902778,0.006944444444444444,8.9
Fox_office_Essie,Fox,fold2,lstm_seq2seq,101.74236731546897,137.71540934497156,0.3067277947445322,17280,0.7230836091397806,331.7024705902778,0.006944444444444444,8.9
Fox_office_Essie,Fox,fold2,transformer,76.29123702901065,106.14257249258073,0.2299990014944638,17280,0.5422022749443945,331.7024705902778,0.006944444444444444,8.9
Fox_office_Essie,Fox,fold3,seasonal_naive,88.90591618055558,128.99068460394295,0.21124679073146294,17280,1.0,420.86280162037036,0.005555555555555556,9.3
Fox_office_Essie,Fox,fold3,lgbm_direct,73.05297821857896,101.1718307909928,0.1735790807296738,17280,0.8216886047292792,420.86280162037036,0.005555555555555556,9.3
Fox_office_Essie,Fox,fold3,lgbm_recursive,393.27535095546455,512.89514606958,0.9344502518191417,17280,4.423500345655028,420.86280162037036,0.005555555555555556,9.3
Fox_office_Essie,Fox,fold3,lgbm_multioutput,73.05297821857896,101.1718307909928,0.1735790807296738,17280,0.8216886047292792,420.86280162037036,0.005555555555555556,9.3
Fox_office_Essie,Fox,fold3,lstm_seq2seq,86.31346168249625,117.55998796300996,0.20508693415093818,17280,0.9708404726093323,420.86280162037036,0.005555555555555556,9.3
Fox_office_Essie,Fox,fold3,transformer,68.67164931563767,91.79864835923527,0.1631687311191293,17280,0.7724080945994086,420.86280162037036,0.005555555555555556,9.3
Hog_education_Wayne,Hog,fold0,seasonal_naive,0.8302377430555555,4.875940272990516,1.8780497689907811,17280,1.0,0.4420744097222223,0.9282986111111111,8.0
Hog_education_Wayne,Hog,fold0,lgbm_direct,1.6686316037196744,3.8994719960835758,3.774549186794504,17280,2.0098238338075864,0.4420744097222223,0.9282986111111111,8.0
Hog_education_Wayne,Hog,fold0,lgbm_recursive,2.6655239011393976,5.034327577235072,6.029581994611,17280,3.2105549566192555,0.4420744097222223,0.9282986111111111,8.0
Hog_education_Wayne,Hog,fold0,lgbm_multioutput,1.6686316037196744,3.8994719960835758,3.774549186794504,17280,2.0098238338075864,0.4420744097222223,0.9282986111111111,8.0
Hog_education_Wayne,Hog,fold0,lstm_seq2seq,9.24410163927714,10.42473490928895,20.910736826150323,17280,11.134282579416013,0.4420744097222223,0.9282986111111111,8.0
Hog_education_Wayne,Hog,fold0,transformer,6.188976909155668,8.350343645549032,13.999853357366955,17280,7.454463448479397,0.4420744097222223,0.9282986111111111,8.0
Hog_education_Wayne,Hog,fold1,seasonal_naive,0.3027154166666667,0.7513369174622438,1.4193968957972476,17280,1.0,0.2132704513888889,0.8531828703703703,8.1
Hog_education_Wayne,Hog,fold1,lgbm_direct,3.1797275765730673,5.909300699536609,14.90936768720473,17280,10.50401598830497,0.2132704513888889,0.8531828703703703,8.1
Hog_education_Wayne,Hog,fold1,lgbm_recursive,1.6667810191619772,4.544491620118105,7.815339669923042,17280,5.506098888241769,0.2132704513888889,0.8531828703703703,8.1
Hog_education_Wayne,Hog,fold1,lgbm_multioutput,3.1797275765730673,5.909300699536609,14.90936768720473,17280,10.50401598830497,0.2132704513888889,0.8531828703703703,8.1
Hog_education_Wayne,Hog,fold1,lstm_seq2seq,11.986941834747881,17.68106310283591,56.20535689161291,17280,39.59805538396887,0.2132704513888889,0.8531828703703703,8.1
Hog_education_Wayne,Hog,fold1,transformer,7.205358701235806,9.82842168536141,33.785077371535,17280,23.802417401060033,0.2132704513888889,0.8531828703703703,8.1
Hog_education_Wayne,Hog,fold2,seasonal_naive,2.3562398726851854,11.567135003831376,1.037658273002388,17280,1.0,2.2707281712962963,0.8507523148148148,8.2
Hog_education_Wayne,Hog,fold2,lgbm_direct,4.615242223132305,12.13182855001619,2.0324943696354416,17280,1.958731908679886,2.2707281712962963,0.8507523148148148,8.2
Hog_education_Wayne,Hog,fold2,lgbm_recursive,3.745462606336721,13.051660240144491,1.6494544145275387,17280,1.5895930842000263,2.2707281712962963,0.8507523148148148,8.2
Hog_education_Wayne,Hog,fold2,lgbm_multioutput,4.615242223132305,12.13182855001619,2.0324943696354416,17280,1.958731908679886,2.2707281712962963,0.8507523148148148,8.2
Hog_education_Wayne,Hog,fold2,lstm_seq2seq,11.364423732854704,15.3542141240198,5.004748642532173,17280,4.823118335529963,2.2707281712962963,0.8507523148148148,8.2
Hog_education_Wayne,Hog,fold2,transformer,11.138967741920682,18.25348860176048,4.905460672362977,17280,4.727433684086946,2.2707281712962963,0.8507523148148148,8.2
Hog_education_Wayne,Hog,fold3,seasonal_naive,27.498918749999998,42.46956669105555,0.8587928967707367,17280,1.0,32.020431064814815,0.060127314814814814,8.6
Hog_education_Wayne,Hog,fold3,lgbm_direct,25.763094502218994,34.01177306964628,0.8045830004621142,17280,0.9368766363666207,32.020431064814815,0.060127314814814814,8.6
Hog_education_Wayne,Hog,fold3,lgbm_recursive,34.08830360771115,49.73527711205656,1.064579784660319,17280,1.2396234163829132,32.020431064814815,0.060127314814814814,8.6
Hog_education_Wayne,Hog,fold3,lgbm_multioutput,25.763094502218994,34.01177306964628,0.8045830004621142,17280,0.9368766363666207,32.020431064814815,0.060127314814814814,8.6
Hog_education_Wayne,Hog,fold3,lstm_seq2seq,23.970437467101416,32.66068242138019,0.7485982127655046,17280,0.871686544661012,32.020431064814815,0.060127314814814814,8.6
Hog_education_Wayne,Hog,fold3,transformer,14.27973874330803,22.29069006677381,0.44595710514962783,17280,0.5192836443181255,32.020431064814815,0.060127314814814814,8.6
