b,fold,h,zero_frac,base,+thermal,+holiday,hol_n,+both
Bobcat_education_Angela,fold0,1,0.9180555555555555,0.2667822345207314,0.2547963034180669,0.24696022061228173,48,0.24973927723197853
Bobcat_education_Angela,fold0,6,0.9180555555555555,0.4649615016100287,0.47738060427316176,0.4455264074184617,48,0.43951215980579444
Bobcat_education_Angela,fold0,12,0.9180555555555555,0.5681791446438421,0.5599902242409784,0.5418986781982459,48,0.5757100539921
Bobcat_education_Angela,fold0,18,0.9180555555555555,0.4702310054388716,0.45613326121165365,0.4721644410859263,48,0.4843890269228189
Bobcat_education_Angela,fold0,24,0.9180555555555555,0.5051235998549461,0.5034270427462546,0.4954885002272991,48,0.5131470212864697
Bobcat_education_Angela,fold1,1,0.004166666666666667,0.3248858156786096,0.3081532675262212,0.3208495389516828,24,0.3236981253166915
Bobcat_education_Angela,fold1,6,0.004166666666666667,0.5878309412110155,0.6420729230634064,0.6031692341748809,24,0.6019482535032182
Bobcat_education_Angela,fold1,12,0.004166666666666667,0.6302919405051084,0.7028144506642547,0.6019057324903907,24,0.611525551428525
Bobcat_education_Angela,fold1,18,0.004166666666666667,0.5804605498649069,0.599383197010038,0.6846671067937182,24,0.6686410886896131
Bobcat_education_Angela,fold1,24,0.004166666666666667,0.6875992753473994,0.6789566293274188,0.7312227323549654,24,0.6480723624268879
Bobcat_education_Angela,fold2,1,0.48055555555555557,0.20824739880772272,0.20016625473133356,0.19075749490443733,0,0.19223181033530867
Bobcat_education_Angela,fold2,6,0.48055555555555557,0.2666046991975666,0.26377346870492213,0.26788378070679403,0,0.2691348182150151
Bobcat_education_Angela,fold2,12,0.48055555555555557,0.33172585544614136,0.3302721421313977,0.31306752064276877,0,0.331402076746427
Bobcat_education_Angela,fold2,18,0.48055555555555557,0.3653390083325401,0.3882399005198738,0.37888597059476037,0,0.38749280210424214
Bobcat_education_Angela,fold2,24,0.48055555555555557,0.4324441686405225,0.4347822821628707,0.43279873584702866,0,0.4324286223771877
Bobcat_education_Angela,fold3,1,0.0,0.8223202697170781,0.8114422069999142,0.8218624670768937,0,0.8092663169574996
Bobcat_education_Angela,fold3,6,0.0,1.1915996243048605,1.1633757944843182,1.1589352365141454,0,1.1522697632354049
Bobcat_education_Angela,fold3,12,0.0,1.1440745551694127,1.1608230907967505,1.175904118866972,0,1.1643310305737118
Bobcat_education_Angela,fold3,18,0.0,1.12676880977582,1.3404484526835494,1.2090966617857097,0,1.2774904425240863
Bobcat_education_Angela,fold3,24,0.0,1.413468516809344,1.364108629276813,1.410194281713024,0,1.4015818733365766
Bobcat_other_Howard,fold0,1,0.9222222222222223,0.27714005349955856,0.285374295552536,0.29331616576962766,48,0.27854413290330743
Bobcat_other_Howard,fold0,6,0.9222222222222223,0.45598642453343813,0.4413391905543316,0.4778134121069956,48,0.4857912233958462
Bobcat_other_Howard,fold0,12,0.9222222222222223,0.5116170287893791,0.5079512387626732,0.537196856671149,48,0.5363429399682412
Bobcat_other_Howard,fold0,18,0.9222222222222223,0.6604084703720994,0.6803830783281688,0.6875807508379983,48,0.6451932358681571
Bobcat_other_Howard,fold0,24,0.9222222222222223,0.6806367995915241,0.697584393788498,0.7008948790530907,48,0.7040160739147828
Bobcat_other_Howard,fold1,1,0.0625,0.6553372305492566,0.6463527107189926,0.6728610417339169,24,0.6599847424862562
Bobcat_other_Howard,fold1,6,0.0625,0.6473767729343325,0.635481991106465,0.6380578646471377,24,0.6460258871670208
Bobcat_other_Howard,fold1,12,0.0625,0.6481442414429535,0.6612746084861727,0.6305229045744335,24,0.6499898633631579
Bobcat_other_Howard,fold1,18,0.0625,0.6312021492382414,0.6366440326092868,0.6404255995728848,24,0.6573341325040749
Bobcat_other_Howard,fold1,24,0.0625,0.638192090261064,0.6472517854320253,0.6585528501243649,24,0.674543726243977
Bobcat_other_Howard,fold2,1,0.48194444444444445,0.5512527690097826,0.5683914629023481,0.5746449352950127,0,0.5989962158756374
Bobcat_other_Howard,fold2,6,0.48194444444444445,0.6060198253966085,0.6186010170754459,0.5940872264773224,0,0.6238954610446765
Bobcat_other_Howard,fold2,12,0.48194444444444445,0.6243858569564795,0.6225125208961345,0.6115899990256921,0,0.6424827745142676
Bobcat_other_Howard,fold2,18,0.48194444444444445,0.6808701522326043,0.6815417267598056,0.6882614752469198,0,0.64469623588072
Bobcat_other_Howard,fold2,24,0.48194444444444445,0.7223222190964459,0.6798082309245234,0.7028641187907684,0,0.6779250636012751
Bobcat_other_Howard,fold3,1,0.001388888888888889,0.6704338755881231,0.6789656008620435,0.6844855448445858,0,0.6736806311629574
Bobcat_other_Howard,fold3,6,0.001388888888888889,0.7347032691688316,0.7300414222233733,0.7293084861986712,0,0.719485699924628
Bobcat_other_Howard,fold3,12,0.001388888888888889,0.7236351833425009,0.7377475411830572,0.734487915181224,0,0.7348022550937562
Bobcat_other_Howard,fold3,18,0.001388888888888889,0.7386534095912595,0.7405409312063937,0.7417740777961034,0,0.7313727021407569
Bobcat_other_Howard,fold3,24,0.001388888888888889,0.7195544916177281,0.7233830280075151,0.731800873671045,0,0.7284447625025119
Bull_assembly_Brandon,fold0,1,0.001388888888888889,0.37385409773495015,0.39525776983006333,0.38065345091291575,48,0.3804216376363266
Bull_assembly_Brandon,fold0,6,0.001388888888888889,0.3764255776301446,0.37866487587324565,0.3840273868509763,48,0.38191856088249526
Bull_assembly_Brandon,fold0,12,0.001388888888888889,0.3890030408694261,0.3855940817062587,0.393136180901793,48,0.3924387123016809
Bull_assembly_Brandon,fold0,18,0.001388888888888889,0.3745343953531433,0.3841938101174237,0.3834075436309506,48,0.38235427509468756
Bull_assembly_Brandon,fold0,24,0.001388888888888889,0.3980484359090476,0.4005605807247292,0.3976959429303858,48,0.39962632665907155
Bull_assembly_Brandon,fold1,1,0.0,0.3946993702772259,0.3771484527307849,0.380057433654169,24,0.37037444543630443
Bull_assembly_Brandon,fold1,6,0.0,0.42696943926605146,0.424315836200228,0.43248050525277265,24,0.42617623741468175
Bull_assembly_Brandon,fold1,12,0.0,0.4418012115587576,0.438716079036836,0.43870640336939276,24,0.4281930718471522
Bull_assembly_Brandon,fold1,18,0.0,0.4465505435398594,0.44736619395092575,0.44491712632016944,24,0.4454932216790898
Bull_assembly_Brandon,fold1,24,0.0,0.46296604933133445,0.456759339999559,0.45564500863979723,24,0.45579313110542596
Bull_assembly_Brandon,fold2,1,0.0,0.48070071998118485,0.48731552311153375,0.47598118283068724,0,0.4915376428666623
Bull_assembly_Brandon,fold2,6,0.0,0.5906773451040815,0.5519112549142035,0.5616501635746097,0,0.611206902625076
Bull_assembly_Brandon,fold2,12,0.0,0.6541052883634142,0.6429975922122794,0.6408467017670454,0,0.6254142109261401
Bull_assembly_Brandon,fold2,18,0.0,0.6993558676649259,0.6917061501520221,0.7023077119791064,0,0.6882042439774672
Bull_assembly_Brandon,fold2,24,0.0,0.847816270668708,0.7834511207150884,0.7811742596018217,0,0.7776297866416618
Bull_assembly_Brandon,fold3,1,0.0,0.4682070581595442,0.47786528212802787,0.4522880708487543,0,0.4634152594745057
Bull_assembly_Brandon,fold3,6,0.0,0.5995647835462413,0.5833853935971278,0.633502085532959,0,0.5914022112924084
Bull_assembly_Brandon,fold3,12,0.0,0.6464894414530443,0.6458155669172982,0.6333574417844163,0,0.6541715825470302
Bull_assembly_Brandon,fold3,18,0.0,0.6380835994477486,0.6823416708307607,0.684883004777094,0,0.6644788801711317
Bull_assembly_Brandon,fold3,24,0.0,0.7020730959421534,0.708855153137398,0.6668522327334369,0,0.6516296654881916
Bull_education_Linnie,fold0,1,0.0,0.2587831235389534,0.2600569053248289,0.26243399749592894,48,0.2595766724757552
Bull_education_Linnie,fold0,6,0.0,0.3733382437648905,0.3637546268242976,0.373731350338831,48,0.3654484109150561
Bull_education_Linnie,fold0,12,0.0,0.3957791446547023,0.3717281416934201,0.3748980613466639,48,0.36745365358239857
Bull_education_Linnie,fold0,18,0.0,0.34453168062265543,0.38044278483022514,0.350917130868211,48,0.3477234961536686
Bull_education_Linnie,fold0,24,0.0,0.3700181358785968,0.3648117795960913,0.35977043116023133,48,0.3614621005213824
Bull_education_Linnie,fold1,1,0.0,0.19575552297794377,0.19258502236729036,0.19721389038189935,24,0.19529783652534682
Bull_education_Linnie,fold1,6,0.0,0.2314610275269732,0.24369370113603353,0.24557193830816665,24,0.24515508362570332
Bull_education_Linnie,fold1,12,0.0,0.24947255155566375,0.26215164522602297,0.2484194254447621,24,0.27153839681480857
Bull_education_Linnie,fold1,18,0.0,0.24424766224978564,0.2561152185607927,0.2328721180528939,24,0.2457308834036074
Bull_education_Linnie,fold1,24,0.0,0.26528667327941796,0.26600222660511136,0.2609009629879454,24,0.2570571468239847
Bull_education_Linnie,fold2,1,0.0,0.19136696695396152,0.1936058837245388,0.1954904208445804,0,0.19970395882783062
Bull_education_Linnie,fold2,6,0.0,0.2804992936196664,0.2794932388228719,0.29995892903691845,0,0.2800907274264965
Bull_education_Linnie,fold2,12,0.0,0.28608690568670797,0.2932856329150034,0.28739544307682213,0,0.3030359671054815
Bull_education_Linnie,fold2,18,0.0,0.29918106886715384,0.2994774020177292,0.2881453268841161,0,0.2950477891342749
Bull_education_Linnie,fold2,24,0.0,0.3303225960354369,0.33954938194947826,0.3334186289075664,0,0.33380241924931037
Bull_education_Linnie,fold3,1,0.0,0.19065651693308885,0.1892787430003183,0.1963605522070735,0,0.18263862184084712
Bull_education_Linnie,fold3,6,0.0,0.20881868050748037,0.20512298813541777,0.21112683911094537,0,0.20459056555194188
Bull_education_Linnie,fold3,12,0.0,0.23883847898763813,0.24153736638088927,0.23183090137352358,0,0.23988923275539512
Bull_education_Linnie,fold3,18,0.0,0.24323208798374796,0.2503784564814955,0.24841817440372965,0,0.24649642719016895
Bull_education_Linnie,fold3,24,0.0,0.24103510317456014,0.248954277315527,0.24257073623041886,0,0.23587367115326344
Cockatoo_lodging_Aimee,fold0,1,0.018055555555555554,0.7982515768370042,0.7889867892296692,0.7933534597739578,48,0.7758025853163014
Cockatoo_lodging_Aimee,fold0,6,0.018055555555555554,0.8759781550865474,0.8517603296034435,0.9027740029378163,48,0.8447368561180478
Cockatoo_lodging_Aimee,fold0,12,0.018055555555555554,0.9571247197739087,0.9117120992635303,0.9743701124652229,48,0.9623421729864777
Cockatoo_lodging_Aimee,fold0,18,0.018055555555555554,0.8819728669300257,0.8417167074594192,0.8435086915519019,48,0.8717313023359782
Cockatoo_lodging_Aimee,fold0,24,0.018055555555555554,0.8423931038757932,0.8218709272640661,0.8490341123256127,48,0.8620995296531936
Cockatoo_lodging_Aimee,fold1,1,0.027777777777777776,0.9487100203543132,0.9671799511750236,0.9385071363637049,24,0.979795629726735
Cockatoo_lodging_Aimee,fold1,6,0.027777777777777776,1.2621561383411033,1.2906464960543993,1.2790926599451038,24,1.2995032389307197
Cockatoo_lodging_Aimee,fold1,12,0.027777777777777776,1.2381691486273618,1.2914114053700292,1.2993798176172113,24,1.2877735322371244
Cockatoo_lodging_Aimee,fold1,18,0.027777777777777776,1.1607634159621545,1.1597050502115076,1.2265871456748647,24,1.1574587600480142
Cockatoo_lodging_Aimee,fold1,24,0.027777777777777776,1.1328790336286891,1.1737777263723004,1.1559753438711113,24,1.1806470559546989
Cockatoo_lodging_Aimee,fold2,1,0.02638888888888889,0.5600579263565042,0.5614580088066026,0.5595608554114121,0,0.5480877291831456
Cockatoo_lodging_Aimee,fold2,6,0.02638888888888889,0.6076582408855812,0.6056200784195044,0.6132927388163971,0,0.6420854700284513
Cockatoo_lodging_Aimee,fold2,12,0.02638888888888889,0.6869398726803855,0.6637981900681426,0.6574542772415691,0,0.6494243814348093
Cockatoo_lodging_Aimee,fold2,18,0.02638888888888889,0.7386797893437587,0.6623597424143018,0.7255498613627258,0,0.6775641483714068
Cockatoo_lodging_Aimee,fold2,24,0.02638888888888889,0.7461803979114427,0.7649359692702514,0.8109934046526165,0,0.8394740226102247
Cockatoo_lodging_Aimee,fold3,1,0.005555555555555556,0.4856517967649173,0.4863464385549086,0.4845637198349981,0,0.49039562433296724
Cockatoo_lodging_Aimee,fold3,6,0.005555555555555556,0.6187088666445731,0.6130639822798366,0.5851620305047052,0,0.617669694348859
Cockatoo_lodging_Aimee,fold3,12,0.005555555555555556,0.6254435112057722,0.613177661666531,0.6174893272285991,0,0.5994808437719903
Cockatoo_lodging_Aimee,fold3,18,0.005555555555555556,0.6090012052759499,0.6238205182034144,0.5965114574395504,0,0.5868160451914863
Cockatoo_lodging_Aimee,fold3,24,0.005555555555555556,0.5699335919254135,0.5647945533871083,0.54724177792038,0,0.5562629930337168
Eagle_education_Raul,fold0,1,0.0125,0.38659188498780717,0.401452066275554,0.3935387589722503,48,0.3955779336563945
Eagle_education_Raul,fold0,6,0.0125,0.559102434777402,0.5675991923438038,0.5612140860511325,48,0.5642147867050253
Eagle_education_Raul,fold0,12,0.0125,0.6002386656557565,0.6031383309631327,0.6116410516859014,48,0.5978614624055587
Eagle_education_Raul,fold0,18,0.0125,0.6129775033004434,0.6215381044198666,0.6273447757078707,48,0.6275597451625895
Eagle_education_Raul,fold0,24,0.0125,0.655808754346997,0.6350156113721173,0.670804557558678,48,0.664016134992842
Eagle_education_Raul,fold1,1,0.005555555555555556,0.2982894786049662,0.3011825496282629,0.30236277265108386,24,0.2984564372172816
Eagle_education_Raul,fold1,6,0.005555555555555556,0.49669590431695854,0.4971175058837892,0.4897707479745896,24,0.4983264906970041
Eagle_education_Raul,fold1,12,0.005555555555555556,0.5276869556477667,0.5358982409830829,0.5392194515232829,24,0.5403261567987513
Eagle_education_Raul,fold1,18,0.005555555555555556,0.5316147554197466,0.5443225646575864,0.5442447650738315,24,0.5352767747884345
Eagle_education_Raul,fold1,24,0.005555555555555556,0.5346982085184819,0.5361435241464293,0.5298791949870685,24,0.5256100851482454
Eagle_education_Raul,fold2,1,0.004166666666666667,0.24524855114760077,0.24473074775018705,0.24611279157331786,0,0.24792124937290225
Eagle_education_Raul,fold2,6,0.004166666666666667,0.3638528973558783,0.391380388949973,0.3799796163591152,0,0.39666734762829137
Eagle_education_Raul,fold2,12,0.004166666666666667,0.4431534475425186,0.4402618365557441,0.43500869851840934,0,0.44231575922266425
Eagle_education_Raul,fold2,18,0.004166666666666667,0.43755297903933393,0.4306950483878445,0.42370483081904264,0,0.42477300669544316
Eagle_education_Raul,fold2,24,0.004166666666666667,0.4718027329551535,0.4666264275038915,0.4399895799551097,0,0.4719796420817199
Eagle_education_Raul,fold3,1,0.018055555555555554,0.23353869193032314,0.23245393150351773,0.22673364084446107,0,0.2324818151751245
Eagle_education_Raul,fold3,6,0.018055555555555554,0.3741612589160559,0.38060434751422495,0.37853514197481253,0,0.3810760473299671
Eagle_education_Raul,fold3,12,0.018055555555555554,0.506650110429871,0.5047045520955596,0.4940656638939846,0,0.5051423773648912
Eagle_education_Raul,fold3,18,0.018055555555555554,0.5134727032397459,0.5231884439220278,0.5107544438800797,0,0.50819366515968
Eagle_education_Raul,fold3,24,0.018055555555555554,0.5517033377872118,0.5504892071402915,0.5575538505285352,0,0.5556668279430522
Eagle_health_Vincenza,fold0,1,0.5513888888888889,0.340647430351037,0.3759168447360587,0.3365122047415015,48,0.363152651372026
Eagle_health_Vincenza,fold0,6,0.5513888888888889,0.5731164787452968,0.5957194714208965,0.6068393309079427,48,0.5915111068180299
Eagle_health_Vincenza,fold0,12,0.5513888888888889,0.6114879246363061,0.6117666596758082,0.6061254922356489,48,0.5864320181031061
Eagle_health_Vincenza,fold0,18,0.5513888888888889,0.5834917869300749,0.5953300616371592,0.5842846435687871,48,0.5899909151994474
Eagle_health_Vincenza,fold0,24,0.5513888888888889,0.7003302973534107,0.697352286051398,0.6781391981947291,48,0.6842937187777128
Eagle_health_Vincenza,fold1,1,0.42777777777777776,0.31821036868071906,0.33446241507188984,0.3233623041422393,24,0.33409763432215495
Eagle_health_Vincenza,fold1,6,0.42777777777777776,0.5328661368998759,0.5316995223512389,0.529591159841727,24,0.5238067044828653
Eagle_health_Vincenza,fold1,12,0.42777777777777776,0.5479595495189304,0.5455623529061581,0.5572740352752581,24,0.55869745222632
Eagle_health_Vincenza,fold1,18,0.42777777777777776,0.5495582163698185,0.5347207266008341,0.5395752554115322,24,0.5367009346238215
Eagle_health_Vincenza,fold1,24,0.42777777777777776,0.5312988378731012,0.5380393275143533,0.5223157603906219,24,0.5336146583019133
Eagle_health_Vincenza,fold2,1,0.425,0.2220608943965638,0.22976925336829374,0.22523041436810257,0,0.22445981137504206
Eagle_health_Vincenza,fold2,6,0.425,0.39592030734590195,0.38437401956930445,0.3928860466305778,0,0.3770689077844541
Eagle_health_Vincenza,fold2,12,0.425,0.39164760886111577,0.41494394911034815,0.403986867955741,0,0.4163676152637722
Eagle_health_Vincenza,fold2,18,0.425,0.4131339430122366,0.4009212284646407,0.40124826729597973,0,0.39977468579617254
Eagle_health_Vincenza,fold2,24,0.425,0.4336365088233834,0.4166037038426759,0.4327098781247982,0,0.43800635835067486
Eagle_health_Vincenza,fold3,1,0.2902777777777778,0.23573608427136652,0.2359581529572469,0.2363681573218087,0,0.23451635284924666
Eagle_health_Vincenza,fold3,6,0.2902777777777778,0.42268679031504436,0.41004971175835225,0.4252467960200833,0,0.42173642088461477
Eagle_health_Vincenza,fold3,12,0.2902777777777778,0.4741599040389813,0.47504229445704393,0.47717589538518673,0,0.47616954670834033
Eagle_health_Vincenza,fold3,18,0.2902777777777778,0.4625036531223183,0.4778534924153712,0.48140959561892027,0,0.4678835789394538
Eagle_health_Vincenza,fold3,24,0.2902777777777778,0.45915714209336117,0.4685703099513695,0.463389200935851,0,0.4598571609311621
Fox_education_Theodore,fold0,1,0.0,0.5045187057616259,0.4903841736779641,0.5727500408647579,48,0.4758458484365812
Fox_education_Theodore,fold0,6,0.0,2.1048487049115163,2.219470335336863,2.405173608586836,48,2.0619288638506355
Fox_education_Theodore,fold0,12,0.0,2.34289267220625,2.6813877904915957,2.616982195472802,48,2.66750923796552
Fox_education_Theodore,fold0,18,0.0,2.493176910877532,2.732763057168896,2.561156038811635,48,2.6688314839248624
Fox_education_Theodore,fold0,24,0.0,1.6766313829289705,1.59449655276757,2.0749901708842353,48,1.9391505557491018
Fox_education_Theodore,fold1,1,0.001388888888888889,0.22382937257579116,0.22690734707647545,0.22232547000544792,24,0.22964514524061364
Fox_education_Theodore,fold1,6,0.001388888888888889,0.4006288874835179,0.3679527752924552,0.3795199855033153,24,0.3296718383877362
Fox_education_Theodore,fold1,12,0.001388888888888889,0.35127013557564973,0.33598465092853896,0.3344389427357414,24,0.33976047254139197
Fox_education_Theodore,fold1,18,0.001388888888888889,0.3838565179293585,0.37834980048731287,0.3821169909735893,24,0.430841688727661
Fox_education_Theodore,fold1,24,0.001388888888888889,0.424098618780252,0.4330157320419055,0.4201839063467486,24,0.43938272895438274
Fox_education_Theodore,fold2,1,0.0,0.22952798209843642,0.22801175352450262,0.23250935655798316,0,0.23220064138693702
Fox_education_Theodore,fold2,6,0.0,0.3975674094103523,0.3887467019717332,0.3862479744380733,0,0.39535289508266785
Fox_education_Theodore,fold2,12,0.0,0.449964694778145,0.40728628128312205,0.4251578675755512,0,0.44985740348531555
Fox_education_Theodore,fold2,18,0.0,0.4557658237965646,0.49047880220736717,0.4635420064483624,0,0.4537167979091289
Fox_education_Theodore,fold2,24,0.0,0.43040184484298266,0.43522192671174137,0.42913247230504553,0,0.42877361044538986
Fox_education_Theodore,fold3,1,0.004166666666666667,0.48379809147597885,0.47868707413232636,0.4865868790868155,0,0.4884664898173298
Fox_education_Theodore,fold3,6,0.004166666666666667,0.8147428995668176,0.8131196286381946,0.795519351725074,0,0.7911688892608351
Fox_education_Theodore,fold3,12,0.004166666666666667,0.8040876344940148,0.7594846585181576,0.7772460613031232,0,0.7952730033162486
Fox_education_Theodore,fold3,18,0.004166666666666667,0.7438538180188335,0.7382415631794635,0.7464317821436472,0,0.7456473204385035
Fox_education_Theodore,fold3,24,0.004166666666666667,0.6898610395815937,0.7007091652730938,0.6907668830929891,0,0.6750939351189239
Fox_office_Essie,fold0,1,0.5194444444444445,0.38723680216596723,0.3716486722318846,0.3698536664680542,48,0.38920929844186153
Fox_office_Essie,fold0,6,0.5194444444444445,0.5930639258228587,0.5836765314285929,0.6019081313446969,48,0.5778635191895358
Fox_office_Essie,fold0,12,0.5194444444444445,0.6412438676753139,0.619250212463051,0.5981868683250829,48,0.6099220757552456
Fox_office_Essie,fold0,18,0.5194444444444445,0.6051474467014228,0.5802166458012258,0.5665186598360197,48,0.5669694142714868
Fox_office_Essie,fold0,24,0.5194444444444445,0.5774064479253037,0.5875658180998065,0.5858843115885913,48,0.5737229547956553
Fox_office_Essie,fold1,1,0.09305555555555556,0.46099219996341656,0.4537439446597212,0.4419669042363549,24,0.4451709108514351
Fox_office_Essie,fold1,6,0.09305555555555556,0.6279415247132587,0.6158807352470914,0.641934924599501,24,0.6542870310611846
Fox_office_Essie,fold1,12,0.09305555555555556,0.7556517949881447,0.7782648155211187,0.7635451545595505,24,0.7813745850810715
Fox_office_Essie,fold1,18,0.09305555555555556,0.6962096326530183,0.6994247164977209,0.6901902263386969,24,0.6823392533515228
Fox_office_Essie,fold1,24,0.09305555555555556,0.6720172411035501,0.652717465978393,0.6514751689368413,24,0.6429105640311502
Fox_office_Essie,fold2,1,0.006944444444444444,0.36605859181033645,0.3592987600158301,0.35565961328891,0,0.34284133447705384
Fox_office_Essie,fold2,6,0.006944444444444444,0.4584929603744375,0.44884943706022407,0.4679930685071056,0,0.4599982449093843
Fox_office_Essie,fold2,12,0.006944444444444444,0.5180301747181224,0.5130239297181174,0.5036160850165953,0,0.5031240261740326
Fox_office_Essie,fold2,18,0.006944444444444444,0.5274206882346293,0.5098321427730682,0.5295710734224568,0,0.5426324391679963
Fox_office_Essie,fold2,24,0.006944444444444444,0.503271484761859,0.5064965738439916,0.4755087602661552,0,0.4814569380318867
Fox_office_Essie,fold3,1,0.005555555555555556,0.6269295085385146,0.6018828959034337,0.6146712214306495,0,0.602031321896921
Fox_office_Essie,fold3,6,0.005555555555555556,0.7905411509355678,0.7926813817188755,0.8062827034245792,0,0.7647589695602696
Fox_office_Essie,fold3,12,0.005555555555555556,0.9314547060119832,0.9557627820678161,0.9563127046939995,0,0.945675536408905
Fox_office_Essie,fold3,18,0.005555555555555556,0.8456746620703834,0.8962476175566005,0.8519303070293471,0,0.8936378054039348
Fox_office_Essie,fold3,24,0.005555555555555556,0.857277810198618,0.8775765677753556,0.8333755943611589,0,0.8240370376638624
Hog_education_Wayne,fold0,1,0.9305555555555556,2.4482502142625093,2.498216098647518,2.4075281818954415,48,2.7073464674496104
Hog_education_Wayne,fold0,6,0.9305555555555556,4.947998333150713,4.379706457753319,3.860022940727336,48,5.022332717998889
Hog_education_Wayne,fold0,12,0.9305555555555556,6.130095581866233,6.340907835053736,7.015781516657316,48,6.473506027724709
Hog_education_Wayne,fold0,18,0.9305555555555556,3.7314497118615657,3.759107398169477,3.681244245201462,48,3.635041128991207
Hog_education_Wayne,fold0,24,0.9305555555555556,4.405885077363521,4.738396766801195,4.540089549964102,48,4.095445233528272
Hog_education_Wayne,fold1,1,0.8527777777777777,4.463520953010271,4.105833741925847,4.018314909000612,24,4.141291864636259
Hog_education_Wayne,fold1,6,0.8527777777777777,7.650851747669376,7.003702586692934,7.1002416158675175,24,6.634742413655988
Hog_education_Wayne,fold1,12,0.8527777777777777,7.872922647114613,7.853097129123909,7.921482721525725,24,8.884082754694456
Hog_education_Wayne,fold1,18,0.8527777777777777,6.913967565237598,8.063362047160158,7.962452411072779,24,7.3473573968574
Hog_education_Wayne,fold1,24,0.8527777777777777,8.086155827474728,9.981865586067604,7.781754413889661,24,7.330946632124763
Hog_education_Wayne,fold2,1,0.8541666666666666,0.6920776001699086,0.696877848962467,0.6931308700526828,0,0.7081848940349231
Hog_education_Wayne,fold2,6,0.8541666666666666,1.19843170813951,1.2895001846393193,1.2167907740319637,0,1.2710420152496174
Hog_education_Wayne,fold2,12,0.8541666666666666,1.4145318041559705,1.2031356284838888,1.2555073271045802,0,1.2554367739912615
Hog_education_Wayne,fold2,18,0.8541666666666666,0.9102513582254086,0.9452044378634211,0.931813942292999,0,0.9332920386984028
Hog_education_Wayne,fold2,24,0.8541666666666666,0.8315570026710392,0.8167739713904015,0.8495471800498812,0,0.8289682727613221
Hog_education_Wayne,fold3,1,0.07222222222222222,0.3433047394990023,0.3395951562800408,0.3381733289021653,0,0.3347447310652887
Hog_education_Wayne,fold3,6,0.07222222222222222,0.5409960483753405,0.550598090193882,0.5410288035064461,0,0.5385154465880225
Hog_education_Wayne,fold3,12,0.07222222222222222,0.5907164889933791,0.5972597025330665,0.5931740522205476,0,0.5994848292891133
Hog_education_Wayne,fold3,18,0.07222222222222222,0.5297029779041971,0.5409040566871238,0.5294515636733135,0,0.5394685171946625
Hog_education_Wayne,fold3,24,0.07222222222222222,0.49388368789978265,0.46730374659326146,0.5027061728844348,0,0.4875437010262905
Hog_office_Bryan,fold0,1,0.6541666666666667,0.5002249841354506,0.48007754971189126,0.492023606016871,48,0.48497393266652056
Hog_office_Bryan,fold0,6,0.6541666666666667,0.922302460940535,0.8486491892541411,0.798343541765671,48,0.7789606567742272
Hog_office_Bryan,fold0,12,0.6541666666666667,1.1061421669633518,1.1452037370151253,0.9959244888160514,48,0.9158727921772654
Hog_office_Bryan,fold0,18,0.6541666666666667,1.1102261926020975,1.0909435716205138,0.9444585038468488,48,0.94158415874435
Hog_office_Bryan,fold0,24,0.6541666666666667,1.0806014054894193,1.03746052592178,1.0036307452538302,48,0.9779370420001657
Hog_office_Bryan,fold1,1,0.5888888888888889,0.588865559083085,0.5718663919760453,0.5926371319690589,24,0.6024894434137326
Hog_office_Bryan,fold1,6,0.5888888888888889,0.9706316627332742,0.9659195251093979,1.0182105910203396,24,0.9768056854491902
Hog_office_Bryan,fold1,12,0.5888888888888889,1.1315894562135527,1.098082695015006,1.1139032945678615,24,1.0917991168646006
Hog_office_Bryan,fold1,18,0.5888888888888889,1.005602212725495,1.0202911105600745,1.094634745835127,24,1.071569840558732
Hog_office_Bryan,fold1,24,0.5888888888888889,1.000782175962668,1.0166910013921058,0.9936660946388527,24,0.9968245925433262
Hog_office_Bryan,fold2,1,0.6111111111111112,0.4362092603163469,0.43414085356229837,0.442361813660865,0,0.4268214473573303
Hog_office_Bryan,fold2,6,0.6111111111111112,0.7299499949558116,0.6966388597917363,0.7123409417854203,0,0.7088484254991082
Hog_office_Bryan,fold2,12,0.6111111111111112,0.8950472931249842,0.8572148668520346,0.8529061143467528,0,0.8700746837774869
Hog_office_Bryan,fold2,18,0.6111111111111112,0.817245787410674,0.8436857331065412,0.825823112930556,0,0.8223279220497856
Hog_office_Bryan,fold2,24,0.6111111111111112,0.7512986443095008,0.7574314419130229,0.739307499442777,0,0.7756345291158702
Hog_office_Bryan,fold3,1,0.12777777777777777,0.6835416224256307,0.700226307800802,0.7418426066817699,0,0.713004397892034
Hog_office_Bryan,fold3,6,0.12777777777777777,1.3466536158602878,1.2757492791865443,1.2356054165796038,0,1.3339604589757768
Hog_office_Bryan,fold3,12,0.12777777777777777,1.4646711914838146,1.5089604682220352,1.5990958254822054,0,1.5076649684786747
Hog_office_Bryan,fold3,18,0.12777777777777777,1.0562322123752188,1.1082007401763363,1.114660993640678,0,1.0545208207438463
Hog_office_Bryan,fold3,24,0.12777777777777777,1.0273641159477345,0.9671230363690789,1.0353393534014528,0,1.0278912740140067
Moose_education_Marlon,fold3,1,0.34305555555555556,1.0926800671837058,1.142716738399777,1.050500388545339,0,1.1944407786200757
Moose_education_Marlon,fold3,6,0.34305555555555556,2.332959175189988,2.4467668470856165,2.2049320896982576,0,2.4792926796941117
Moose_education_Marlon,fold3,12,0.34305555555555556,2.3030074641476217,2.622544262564994,2.0697425120228425,0,2.0399713758638223
Moose_education_Marlon,fold3,18,0.34305555555555556,1.80944868123331,1.9409451531876654,1.7044102185886472,0,1.817407306705116
Moose_education_Marlon,fold3,24,0.34305555555555556,1.6652729319550044,1.381911205880237,1.4510594243199268,0,1.6450823037231337
