local_date,method,mae,day_ape,true_kwh,n_steps,trip_day,fold
2024-03-01,sn_day,60.94219641361598,0.08205620554884302,7330.883505662584,96,False,3
2024-03-01,sn_week,40.81271317214931,0.053998374646245545,7330.883505662584,96,False,3
2024-03-01,lgbm_lagged,32.91805679523642,0.029206151518605165,7330.883505662584,96,False,3
2024-03-01,lgbm_perfect,32.50630122452153,0.01161615457537672,7330.883505662584,96,False,3
2024-03-02,sn_day,51.80305582973032,0.08635791137207785,6748.12916528,96,False,3
2024-03-02,sn_week,30.00069078552083,0.06084007747220132,6748.12916528,96,False,3
2024-03-02,lgbm_lagged,19.901034620051202,0.007106998992239092,6748.12916528,96,False,3
2024-03-02,lgbm_perfect,20.91853671264798,0.023799147534516812,6748.12916528,96,False,3
2024-03-03,sn_day,26.860638623993054,0.061538419243796806,6356.9335249186115,96,False,3
2024-03-03,sn_week,32.93956273159723,0.12211759440045511,6356.9335249186115,96,False,3
2024-03-03,lgbm_lagged,19.53536827215614,0.05191571828525872,6356.9335249186115,96,False,3
2024-03-03,lgbm_perfect,18.545729689491775,0.04431154094494926,6356.9335249186115,96,False,3
2024-03-04,sn_day,35.59817323773148,0.06536044871981092,6801.481401264722,96,False,3
2024-03-04,sn_week,27.411698802094907,0.03593911228545689,6801.481401264722,96,False,3
2024-03-04,lgbm_lagged,19.752324308461386,0.025642038825983142,6801.481401264722,96,False,3
2024-03-04,lgbm_perfect,19.000966840128317,0.013844343902391545,6801.481401264722,96,False,3
2024-03-05,sn_day,53.08174503424769,0.13820529967994866,7892.229319510556,96,False,3
2024-03-05,sn_week,36.9492309465625,0.006098993690984819,7892.229319510556,96,False,3
2024-03-05,lgbm_lagged,34.20402919809087,0.054434266911731845,7892.229319510556,96,False,3
2024-03-05,lgbm_perfect,32.46645797640533,0.04248976814985906,7892.229319510556,96,False,3
2024-03-06,sn_day,43.97492253574074,0.021830016856290043,7723.622509927223,96,False,3
2024-03-06,sn_week,58.53857263952927,0.008547463847144405,7723.622509927223,96,False,3
2024-03-06,lgbm_lagged,35.011557850348474,0.03388739755651947,7723.622509927223,96,False,3
2024-03-06,lgbm_perfect,34.017028050619,0.0434313107105389,7723.622509927223,96,False,3
2024-03-07,sn_day,56.457621736620375,0.027677676543807934,7943.479568043889,96,False,3
2024-03-07,sn_week,59.227375438237495,0.0013912767687466866,7943.479568043889,96,False,3
2024-03-07,lgbm_lagged,51.47962817581154,0.0347943111226284,7943.479568043889,96,False,3
2024-03-07,lgbm_perfect,53.999462710219,0.012642301797437397,7943.479568043889,96,False,3
2024-03-08,sn_day,64.31013568319445,0.005254555162227101,7985.439500393333,96,False,3
2024-03-08,sn_week,47.43584779824884,0.08196868747155472,7985.439500393333,96,False,3
2024-03-08,lgbm_lagged,36.200190766326635,0.036074502995977205,7985.439500393333,96,False,3
2024-03-08,lgbm_perfect,30.775830979977087,0.03586924548496496,7985.439500393333,96,False,3
2024-03-09,sn_day,49.78619794119013,0.13771732713232407,7018.825599255881,96,False,3
2024-03-09,sn_week,37.17925444843551,0.03856719762414088,7018.825599255881,96,False,3
2024-03-09,lgbm_lagged,34.461101630395675,0.0327807266702978,7018.825599255881,96,False,3
2024-03-09,lgbm_perfect,32.49199459947383,0.006775179652470445,7018.825599255881,96,False,3
2024-03-10,sn_day,59.73128832274107,0.18797194210281748,5908.241895706667,96,False,3
2024-03-10,sn_week,26.87147384901621,0.07594334103652645,5908.241895706667,96,False,3
2024-03-10,lgbm_lagged,22.50377355500193,0.0704482182793602,5908.241895706667,96,False,3
2024-03-10,lgbm_perfect,23.272763542896797,0.07260273526355653,5908.241895706667,96,False,3
2024-03-11,sn_day,41.16757686658565,0.056180847231195305,6259.930070685833,96,False,3
2024-03-11,sn_week,35.47629008280092,0.08651076361298028,6259.930070685833,96,False,3
2024-03-11,lgbm_lagged,23.66082132734355,0.057321212516725846,6259.930070685833,96,False,3
2024-03-11,lgbm_perfect,22.751953763064762,0.04080586538364973,6259.930070685833,96,False,3
2024-03-12,sn_day,41.382449777604165,0.11264601316258413,7054.602969663334,96,False,3
2024-03-12,sn_week,49.120231893125,0.11873472588737274,7054.602969663334,96,False,3
2024-03-12,lgbm_lagged,27.445354321699508,0.04477235829262084,7054.602969663334,96,False,3
2024-03-12,lgbm_perfect,28.991544210922736,0.06890257046023504,7054.602969663334,96,False,3
2024-03-13,sn_day,50.15126084004629,0.12926126618292824,8101.859599995,96,False,3
2024-03-13,sn_week,36.80498129893519,0.046685219041318664,8101.859599995,96,False,3
2024-03-13,lgbm_lagged,48.03938064712536,0.13970822026169938,8101.859599995,96,False,3
2024-03-13,lgbm_perfect,42.747757404797234,0.11955022791686767,8101.859599995,96,False,3
2024-03-14,sn_day,36.83987602149306,0.002213827803208334,8119.835517621389,96,False,3
2024-03-14,sn_week,68.93452882978009,0.02171915295510336,8119.835517621389,96,False,3
2024-03-14,lgbm_lagged,32.94741309465192,0.021945539697518963,8119.835517621389,96,False,3
2024-03-14,lgbm_perfect,32.882568445397624,0.02345659294424694,8119.835517621389,96,False,3
2024-03-15,sn_day,72.81161063703705,0.25975673286756246,6445.558341361945,96,False,3
2024-03-15,sn_week,64.90068197440972,0.23890578247500766,6445.558341361945,96,False,3
2024-03-15,lgbm_lagged,53.44597174967297,0.19438675095686067,6445.558341361945,96,False,3
2024-03-15,lgbm_perfect,57.68961401962855,0.20904229062518123,6445.558341361945,96,False,3
2024-03-16,sn_day,30.238192905925928,0.09809481719031742,5869.764833108056,96,False,3
2024-03-16,sn_week,61.17419848478968,0.19575925080790563,5869.764833108056,96,False,3
2024-03-16,lgbm_lagged,24.773765107226797,0.07722441972128521,5869.764833108056,96,False,3
2024-03-16,lgbm_perfect,22.24554783032144,0.0648667693172655,5869.764833108056,96,False,3
2024-03-17,sn_day,24.279819694872685,0.02045683300591741,5752.095182525,96,False,3
2024-03-17,sn_week,22.304838836342594,0.02714605864938459,5752.095182525,96,False,3
2024-03-17,lgbm_lagged,16.70165379461051,0.01804715476282528,5752.095182525,96,False,3
2024-03-17,lgbm_perfect,15.22850727516049,0.002963404295848882,5752.095182525,96,False,3
2024-03-18,sn_day,48.548463956504634,0.1416715787125186,6701.508466767223,96,False,3
2024-03-18,sn_week,25.669308807604168,0.06589238800057878,6701.508466767223,96,False,3
2024-03-18,lgbm_lagged,21.674168283452406,0.0010391009702591892,6701.508466767223,96,False,3
2024-03-18,lgbm_perfect,21.64447699623093,0.008233973336986689,6701.508466767223,96,False,3
2024-03-19,sn_day,65.27802639344097,0.14494555162201908,7837.52248699464,96,False,3
2024-03-19,sn_week,53.12665033135764,0.09989375068849368,7837.52248699464,96,False,3
2024-03-19,lgbm_lagged,43.7577048044275,0.07226207528753653,7837.52248699464,96,False,3
2024-03-19,lgbm_perfect,44.57630474852956,0.06890551227555464,7837.52248699464,96,False,3
2024-03-20,sn_day,64.02906871570833,0.0951263705201898,7156.728846983917,96,False,3
2024-03-20,sn_week,46.98883284446644,0.13206183624092352,7156.728846983917,96,False,3
2024-03-20,lgbm_lagged,44.27259077804657,0.1347304526029822,7156.728846983917,96,False,3
2024-03-20,lgbm_perfect,52.21058355859026,0.16484964230642854,7156.728846983917,96,False,3
2024-03-21,sn_day,44.89400758338426,0.030579676191944166,7382.482779885417,96,False,3
2024-03-21,sn_week,47.82119737272569,0.0998786938921132,7382.482779885417,96,False,3
2024-03-21,lgbm_lagged,31.598116775117976,0.052840626825483065,7382.482779885417,96,False,3
2024-03-21,lgbm_perfect,27.93950799679506,0.029144366119244557,7382.482779885417,96,False,3
2024-03-22,sn_day,36.41991761141782,0.05488297375550294,7811.183773950555,96,False,3
2024-03-22,sn_week,62.22702648774307,0.17482951011123588,7811.183773950555,96,False,3
2024-03-22,lgbm_lagged,30.416160417300418,0.07737432565090312,7811.183773950555,96,False,3
2024-03-22,lgbm_perfect,25.564270717568025,0.04976691650777365,7811.183773950555,96,False,3
2024-03-23,sn_day,51.75346367449074,0.14880833543051636,6799.379437844444,96,False,3
2024-03-23,sn_week,45.341495898506935,0.13672050710426245,6799.379437844444,96,False,3
2024-03-23,lgbm_lagged,26.801987322156293,0.010706698988700643,6799.379437844444,96,False,3
2024-03-23,lgbm_perfect,27.754395905607456,0.02154635951475979,6799.379437844444,96,False,3
2024-03-24,sn_day,38.45672156907407,0.09754459598338014,6195.082607784445,96,False,3
2024-03-24,sn_week,28.30633717523148,0.07150629835069636,6195.082607784445,96,False,3
2024-03-24,lgbm_lagged,21.42267759617896,0.010972140644624213,6195.082607784445,96,False,3
2024-03-24,lgbm_perfect,21.190519059338328,0.016584056593385407,6195.082607784445,96,False,3
2024-03-25,sn_day,46.636953707777785,0.12299611863730134,7063.916978518333,96,False,3
2024-03-25,sn_week,34.85545825541667,0.05130418616940287,7063.916978518333,96,False,3
2024-03-25,lgbm_lagged,25.11039620083029,0.007992462020877066,7063.916978518333,96,False,3
2024-03-25,lgbm_perfect,23.59020025688669,0.011424748079656913,7063.916978518333,96,False,3
2024-03-26,sn_day,36.0208036284375,0.05667420669823963,7488.311067795278,96,False,3
2024-03-26,sn_week,42.657192579702546,0.046634203098373274,7488.311067795278,96,False,3
2024-03-26,lgbm_lagged,24.778510155694004,0.046918407036036495,7488.311067795278,96,False,3
2024-03-26,lgbm_perfect,24.29870379550165,0.017005175430666254,7488.311067795278,96,False,3
2024-03-27,sn_day,69.70446034597107,0.12145577299257931,8523.54478874975,96,False,3
2024-03-27,sn_week,88.4876116988287,0.1603576886895576,8523.54478874975,96,False,3
2024-03-27,lgbm_lagged,56.428612832544985,0.0765072058203367,8523.54478874975,96,False,3
2024-03-27,lgbm_perfect,52.31409853293055,0.03828702720067279,8523.54478874975,96,False,3
2024-03-28,sn_day,84.12938794408102,0.15601676548094082,7373.201707160083,96,False,3
2024-03-28,sn_week,58.08326837481713,0.001258757469814071,7373.201707160083,96,False,3
2024-03-28,lgbm_lagged,51.805611392861955,0.13840233552767947,7373.201707160083,96,False,3
2024-03-28,lgbm_perfect,51.17840152896741,0.13007010897190352,7373.201707160083,96,False,3
2024-03-29,sn_day,63.85111229109606,0.15184409494490225,6401.215007759167,96,False,3
2024-03-29,sn_week,60.25562961447917,0.22026580336425342,6401.215007759167,96,False,3
2024-03-29,lgbm_lagged,52.079483359291565,0.19198857944459888,6401.215007759167,96,False,3
2024-03-29,lgbm_perfect,77.3972917013356,0.2890467077682392,6401.215007759167,96,False,3
2024-03-30,sn_day,21.295023567256944,0.009015668775884708,6344.019429871667,96,False,3
2024-03-30,sn_week,39.540453122430556,0.07177783942915637,6344.019429871667,96,False,3
2024-03-30,lgbm_lagged,23.435881566880294,0.05633294549197542,6344.019429871667,96,False,3
2024-03-30,lgbm_perfect,22.67647966370585,0.012230645943045971,6344.019429871667,96,False,3
2024-03-31,sn_day,23.02232973833333,0.001574111611141328,6354.021368685555,96,False,3
2024-03-31,sn_week,39.304633367268515,0.025013885172688592,6354.021368685555,96,False,3
2024-03-31,lgbm_lagged,35.1614687510769,0.08673662376632792,6354.021368685555,96,False,3
2024-03-31,lgbm_perfect,35.990947966755385,0.027797329413784155,6354.021368685555,96,False,3
2024-04-01,sn_day,78.62216732592593,0.21922017715100692,8157.756203543611,96,False,4
2024-04-01,sn_week,64.05253406358796,0.129973599930236,8157.756203543611,96,False,4
2024-04-01,lgbm_lagged,72.38620365640234,0.19623564109452996,8157.756203543611,96,False,4
2024-04-01,lgbm_perfect,55.75730332257272,0.12576165545064405,8157.756203543611,96,False,4
2024-04-02,sn_day,91.45150401940509,0.07857703033058354,8853.432649362334,96,False,4
2024-04-02,sn_week,118.4790561625648,0.1623094493531148,8853.432649362334,96,False,4
2024-04-02,lgbm_lagged,118.69355568879446,0.20616878283752724,8853.432649362334,96,False,4
2024-04-02,lgbm_perfect,119.76696246382937,0.20840842852250174,8853.432649362334,96,False,4
2024-04-03,sn_day,87.11920216615277,0.045661578771385,9277.036795777778,96,False,4
2024-04-03,sn_week,139.48884710567015,0.08265418544619796,9277.036795777778,96,False,4
2024-04-03,lgbm_lagged,121.69715388449443,0.1997807168604402,9277.036795777778,96,False,4
2024-04-03,lgbm_perfect,113.18980757987954,0.2025807423609226,9277.036795777778,96,False,4
2024-04-04,sn_day,122.33790985768171,0.12553726006935614,8242.318690725639,96,False,4
2024-04-04,sn_week,68.04349841381251,0.10550541604999593,8242.318690725639,96,False,4
2024-04-04,lgbm_lagged,60.9401242474082,0.08697065820478021,8242.318690725639,96,False,4
2024-04-04,lgbm_perfect,54.647197369841145,0.08145932793375167,8242.318690725639,96,False,4
2024-04-05,sn_day,75.67830316890858,0.12271343116815943,9395.240943561666,96,False,4
2024-04-05,sn_week,124.41092722077546,0.3081233981801382,9395.240943561666,96,False,4
2024-04-05,lgbm_lagged,95.6773400986947,0.21982317535537907,9395.240943561666,96,False,4
2024-04-05,lgbm_perfect,86.33527915392908,0.2033160245901211,9395.240943561666,96,False,4
2024-04-06,sn_day,79.07545042755788,0.19844085920136026,7839.553259075834,96,False,4
2024-04-06,sn_week,63.61623273197916,0.19245076389330465,7839.553259075834,96,False,4
2024-04-06,lgbm_lagged,52.424031077978775,0.08747109886614927,7839.553259075834,96,False,4
2024-04-06,lgbm_perfect,45.00074637768546,0.08775889146811035,7839.553259075834,96,False,4
2024-04-07,sn_day,38.072303216469905,0.009961144152158463,7918.429880575,96,False,4
2024-04-07,sn_week,66.30153387920139,0.1956219175378317,7918.429880575,96,False,4
2024-04-07,lgbm_lagged,58.591572637725506,0.1472861784235037,7918.429880575,96,False,4
2024-04-07,lgbm_perfect,52.280927843692716,0.13974248959185478,7918.429880575,96,False,4
2024-04-08,sn_day,151.73817539814817,0.30673513484568077,11421.940269268334,96,False,4
2024-04-08,sn_week,136.65506710561343,0.2857819239790001,11421.940269268334,96,False,4
2024-04-08,lgbm_lagged,175.8843677544953,0.34928173025541565,11421.940269268334,96,False,4
2024-04-08,lgbm_perfect,145.49826221313938,0.28892369923374084,11421.940269268334,96,False,4
2024-04-09,sn_day,54.2512877105787,0.08958440829907055,12545.853095429444,96,False,4
2024-04-09,sn_week,169.4674503022639,0.2943140189814823,12545.853095429444,96,False,4
2024-04-09,lgbm_lagged,218.48748976481997,0.38563877426976434,12545.853095429444,96,False,4
2024-04-09,lgbm_perfect,197.91378782336963,0.3639043707265534,12545.853095429444,96,False,4
2024-04-10,sn_day,146.60205600302083,0.3258001145092315,9462.854134745277,96,False,4
2024-04-10,sn_week,130.141314180544,0.019636500396346988,9462.854134745277,96,False,4
2024-04-10,lgbm_lagged,85.43630882336636,0.16019156384869201,9462.854134745277,96,False,4
2024-04-10,lgbm_perfect,82.93055668545865,0.17841004709898958,9462.854134745277,96,False,4
2024-04-11,sn_day,76.0293930762963,0.0906759698150697,10406.470983529167,96,False,4
2024-04-11,sn_week,101.25544309655902,0.20796217048304258,10406.470983529167,96,False,4
2024-04-11,lgbm_lagged,119.4745772991108,0.27313452023538215,10406.470983529167,96,False,4
2024-04-11,lgbm_perfect,109.91730075571809,0.25319110028086894,10406.470983529167,96,False,4
2024-04-12,sn_day,254.59931158983912,0.11996830567655345,9291.754892334027,96,True,4
2024-04-12,sn_week,232.62597603093866,0.011137406488522223,9291.754892334027,96,True,4
2024-04-12,lgbm_lagged,216.06812853949336,0.16926520532046382,9291.754892334027,96,True,4
2024-04-12,lgbm_perfect,216.33908584405765,0.14129434256324766,9291.754892334027,96,True,4
2024-04-13,sn_day,220.47221523143637,0.16813862964511622,7954.325502579166,96,False,4
2024-04-13,sn_week,28.92382466138889,0.014428909587131862,7954.325502579166,96,False,4
2024-04-13,lgbm_lagged,51.67718840530723,0.03963992777634516,7954.325502579166,96,False,4
2024-04-13,lgbm_perfect,40.94637824021125,0.07031160644948783,7954.325502579166,96,False,4
2024-04-14,sn_day,41.92837693575231,0.030939504386675438,7715.608402562222,96,False,4
2024-04-14,sn_week,41.0111807375,0.026287165889008143,7715.608402562222,96,False,4
2024-04-14,lgbm_lagged,60.548653562546626,0.13833339056341343,7715.608402562222,96,False,4
2024-04-14,lgbm_perfect,45.643003739394516,0.10060179874828937,7715.608402562222,96,False,4
2024-04-15,sn_day,152.63944471363428,0.3084963837523068,11157.72675843611,96,False,4
2024-04-15,sn_week,34.38906739599537,0.02367986925584619,11157.72675843611,96,False,4
2024-04-15,lgbm_lagged,162.10071397884005,0.32197914611840095,11157.72675843611,96,False,4
2024-04-15,lgbm_perfect,141.2669337735686,0.2753764678449499,11157.72675843611,96,False,4
2024-04-16,sn_day,168.33947070574075,0.3539708923256864,8240.743447055,96,False,4
2024-04-16,sn_week,189.57102660324074,0.5224176284620248,8240.743447055,96,False,4
2024-04-16,lgbm_lagged,35.29080009014218,0.0763956624685847,8240.743447055,96,False,4
2024-04-16,lgbm_perfect,45.89358633878859,0.11647750362896513,8240.743447055,96,False,4
2024-04-17,sn_day,52.12744352576389,0.08446301463988262,9000.994584411666,96,False,4
2024-04-17,sn_week,63.24974708734953,0.05131205735124877,9000.994584411666,96,False,4
2024-04-17,lgbm_lagged,47.755815215148,0.10705234838612848,9000.994584411666,96,False,4
2024-04-17,lgbm_perfect,48.906635529919356,0.11313617320238917,9000.994584411666,96,False,4
2024-04-18,sn_day,58.89024859561804,0.13121303191111763,7956.940320255167,96,False,4
2024-04-18,sn_week,108.00700563782873,0.30784831413633723,7956.940320255167,96,False,4
2024-04-18,lgbm_lagged,28.240690239478084,0.03365747149458791,7956.940320255167,96,False,4
2024-04-18,lgbm_perfect,29.02739576532961,0.023338063431877838,7956.940320255167,96,False,4
2024-04-19,sn_day,37.61875433696065,0.08279921320735961,7348.491043585,96,False,4
2024-04-19,sn_week,214.39634867464235,0.26444392967525426,7348.491043585,96,False,4
2024-04-19,lgbm_lagged,30.285211367122667,0.07197918324406997,7348.491043585,96,False,4
2024-04-19,lgbm_perfect,29.25638646852299,0.05832342575094652,7348.491043585,96,False,4
2024-04-20,sn_day,57.65863274633102,0.21954741461236268,6025.5886368475,96,False,4
2024-04-20,sn_week,80.36403607215279,0.3200910287730416,6025.5886368475,96,False,4
2024-04-20,lgbm_lagged,28.297755511301165,0.09188007007523523,6025.5886368475,96,False,4
2024-04-20,lgbm_perfect,31.32637642449068,0.10851865182383238,6025.5886368475,96,False,4
2024-04-21,sn_day,24.96532115040509,0.055899038936646855,5706.595436355001,96,False,4
2024-04-21,sn_week,87.01682555594907,0.35205105892182315,5706.595436355001,96,False,4
2024-04-21,lgbm_lagged,20.495880963764268,0.07746863778434178,5706.595436355001,96,False,4
2024-04-21,lgbm_perfect,24.167824587909923,0.09189796082946934,5706.595436355001,96,False,4
2024-04-22,sn_day,30.40939971630787,0.0846218000420459,6234.1395464925,96,False,4
2024-04-22,sn_week,205.3721409177662,0.7897781522573966,6234.1395464925,96,False,4
2024-04-22,lgbm_lagged,27.11511156611247,0.07601644754378765,6234.1395464925,96,False,4
2024-04-22,lgbm_perfect,27.489172897416676,0.07966921554284645,6234.1395464925,96,False,4
2024-04-23,sn_day,57.505179674525465,0.17538652596009638,7560.074802016667,96,False,4
2024-04-23,sn_week,45.797915248101845,0.09003464421499682,7560.074802016667,96,False,4
2024-04-23,lgbm_lagged,27.92751287523514,0.011967366083725103,7560.074802016667,96,False,4
2024-04-23,lgbm_perfect,26.517344274233068,0.02804523695528315,7560.074802016667,96,False,4
2024-04-24,sn_day,39.98833345872685,0.00021016073104951707,7561.663966843889,96,False,4
2024-04-24,sn_week,65.9669607475926,0.19034575245328303,7561.663966843889,96,False,4
2024-04-24,lgbm_lagged,27.23901052761546,0.049198238913297415,7561.663966843889,96,False,4
2024-04-24,lgbm_perfect,21.91065782404733,0.014537253587736006,7561.663966843889,96,False,4
2024-04-25,sn_day,65.52649201296296,0.12426126930010273,8634.611787468333,96,False,4
2024-04-25,sn_week,67.38513465464582,0.07848314248437795,8634.611787468333,96,False,4
2024-04-25,lgbm_lagged,61.809586570372346,0.14438924513243417,8634.611787468333,96,False,4
2024-04-25,lgbm_perfect,59.43294975754628,0.13525447414502184,8634.611787468333,96,False,4
2024-04-26,sn_day,55.58458302158565,0.0002748683682872245,8636.985821668055,96,False,4
2024-04-26,sn_week,58.81305752496528,0.1491833846537691,8636.985821668055,96,False,4
2024-04-26,lgbm_lagged,34.93591248721493,0.05814078341540439,8636.985821668055,96,False,4
2024-04-26,lgbm_perfect,32.67344522620491,0.04426531597274403,8636.985821668055,96,False,4
2024-04-27,sn_day,39.81229243771991,0.0029555726616628526,8662.58873210389,96,False,4
2024-04-27,sn_week,109.87500396901622,0.3044124772406157,8662.58873210389,96,False,4
2024-04-27,lgbm_lagged,71.04415376562036,0.1966788885233456,8662.58873210389,96,False,4
2024-04-27,lgbm_perfect,65.41513357256122,0.18093659571550116,8662.58873210389,96,False,4
2024-04-28,sn_day,32.51215796702546,0.00467759854171376,8622.257274052501,96,False,4
2024-04-28,sn_week,121.48590990406251,0.3381552817348404,8622.257274052501,96,False,4
2024-04-28,lgbm_lagged,84.15395889225094,0.23421470381719903,8622.257274052501,96,False,4
2024-04-28,lgbm_perfect,73.93913143020255,0.20580911679185152,8622.257274052501,96,False,4
2024-04-29,sn_day,166.92318277346067,0.3058728051588826,12421.725208484444,96,False,4
2024-04-29,sn_week,257.8160692496644,0.49812611035427035,12421.725208484444,96,False,4
2024-04-29,lgbm_lagged,211.8491579465074,0.4022212570560265,12421.725208484444,96,False,4
2024-04-29,lgbm_perfect,187.64365959062562,0.3566588288538922,12421.725208484444,96,False,4
2024-04-30,sn_day,55.27609371091436,0.02288987769781451,12712.717763293056,96,False,4
2024-04-30,sn_week,215.87856214832178,0.40531403726701376,12712.717763293056,96,False,4
2024-04-30,lgbm_lagged,213.96737649567453,0.39601398143510824,12712.717763293056,96,False,4
2024-04-30,lgbm_perfect,195.75621444335903,0.3662847172809098,12712.717763293056,96,False,4
2024-05-01,sn_day,142.34308008090278,0.34312113329469673,9465.05676082139,96,False,5
2024-05-01,sn_week,83.99839817049768,0.20109681770279436,9465.05676082139,96,False,5
2024-05-01,lgbm_lagged,50.11691980235938,0.03720495728424398,9465.05676082139,96,False,5
2024-05-01,lgbm_perfect,54.94542616601563,0.07905134037587662,9465.05676082139,96,False,5
2024-05-02,sn_day,80.77648414918865,0.09782083707773512,10491.327166283638,96,False,5
2024-05-02,sn_week,94.64698967445486,0.1769762156290673,10491.327166283638,96,False,5
2024-05-02,lgbm_lagged,78.75646265252693,0.07362432912727392,10491.327166283638,96,False,5
2024-05-02,lgbm_perfect,79.66858075046693,0.10644157671577102,10491.327166283638,96,False,5
2024-05-03,sn_day,69.92919145254908,0.020750116049253222,10278.056305190183,96,False,5
2024-05-03,sn_week,87.53383304847615,0.15966739574032346,10278.056305190183,96,False,5
2024-05-03,lgbm_lagged,106.00346067216746,0.14656722928915641,10278.056305190183,96,False,5
2024-05-03,lgbm_perfect,110.61850675008931,0.11116832531795735,10278.056305190183,96,False,5
2024-05-04,sn_day,63.95855776800162,0.04453330300478855,9839.855058353332,96,False,5
2024-05-04,sn_week,53.96341742881945,0.11964264913130276,9839.855058353332,96,False,5
2024-05-04,lgbm_lagged,66.34362572654773,0.13126459265519458,9839.855058353332,96,False,5
2024-05-04,lgbm_perfect,44.42101075287309,0.0767674690967095,9839.855058353332,96,False,5
2024-05-05,sn_day,42.97652864282407,0.02189461623000896,9629.031117371665,96,False,5
2024-05-05,sn_week,55.32631727556713,0.10455608991675715,9629.031117371665,96,False,5
2024-05-05,lgbm_lagged,54.26483228639555,0.030048546224100022,9629.031117371665,96,False,5
2024-05-05,lgbm_perfect,61.110629953579824,0.07481098171553277,9629.031117371665,96,False,5
2024-05-06,sn_day,150.7067960053125,0.2597008714297852,13006.946443350278,96,False,5
2024-05-06,sn_week,47.64395192140048,0.04499297643875706,13006.946443350278,96,False,5
2024-05-06,lgbm_lagged,41.67833661331516,0.01246278584526134,13006.946443350278,96,False,5
2024-05-06,lgbm_perfect,39.394891252902376,0.04613285028918351,13006.946443350278,96,False,5
2024-05-07,sn_day,90.53742693961806,0.19172860185757462,10914.352834257777,96,False,5
2024-05-07,sn_week,82.23891559876157,0.16477064250576567,10914.352834257777,96,False,5
2024-05-07,lgbm_lagged,44.60612446920339,0.028970904116306196,10914.352834257777,96,False,5
2024-05-07,lgbm_perfect,86.00684952087288,0.036143731812128405,10914.352834257777,96,False,5
2024-05-08,sn_day,59.77960234429398,0.08055407084421988,10100.700306214723,96,False,5
2024-05-08,sn_week,59.32633680877314,0.06293064105686189,10100.700306214723,96,False,5
2024-05-08,lgbm_lagged,123.9237223256877,0.038610144552389425,10100.700306214723,96,False,5
2024-05-08,lgbm_perfect,119.3278639167548,0.005344213070600952,10100.700306214723,96,False,5
2024-05-09,sn_day,105.49351291216435,0.199178257794454,12612.919672231112,96,False,5
2024-05-09,sn_week,91.66955848674654,0.16820788216216265,12612.919672231112,96,False,5
2024-05-09,lgbm_lagged,140.73688591065118,0.2670981937270106,12612.919672231112,96,False,5
2024-05-09,lgbm_perfect,109.72989128930082,0.20753373159725416,12612.919672231112,96,False,5
2024-05-10,sn_day,119.61264270629862,0.07831823086449065,11696.843576612166,96,False,5
2024-05-10,sn_week,132.4539697048095,0.12129659272000931,11696.843576612166,96,False,5
2024-05-10,lgbm_lagged,166.85727107826395,0.3167315712648284,11696.843576612166,96,False,5
2024-05-10,lgbm_perfect,170.92409871359214,0.27739810117794345,11696.843576612166,96,False,5
2024-05-14,sn_day,253.05303787523727,0.5627359154673068,10559.557649002172,96,False,5
2024-05-14,sn_week,131.04076490199282,0.033599436363618104,10559.557649002172,96,False,5
2024-05-14,lgbm_lagged,172.69883983005866,0.2454733186520177,10559.557649002172,96,False,5
2024-05-14,lgbm_perfect,157.47791921590877,0.2117643779573322,10559.557649002172,96,False,5
2024-05-15,sn_day,133.4723404074442,0.051167929295978236,11129.005832578056,96,False,5
2024-05-15,sn_week,76.28956457476852,0.09239868698362641,11129.005832578056,96,False,5
2024-05-15,lgbm_lagged,145.67074759366758,0.2527949728529924,11129.005832578056,96,False,5
2024-05-15,lgbm_perfect,91.72695040192082,0.13251451520252172,11129.005832578056,96,False,5
2024-05-16,sn_day,57.1750327936227,0.008487258447201239,11035.34599903,96,False,5
2024-05-16,sn_week,70.1966502343287,0.14295643048616505,11035.34599903,96,False,5
2024-05-16,lgbm_lagged,154.71099097281038,0.2291881524633468,11035.34599903,96,False,5
2024-05-16,lgbm_perfect,104.56224146926934,0.0837924011884412,11035.34599903,96,False,5
2024-05-17,sn_day,127.927153028044,0.3406449602530405,8231.370964126945,96,False,5
2024-05-17,sn_week,162.85577507681944,0.42100794965845445,8231.370964126945,96,False,5
2024-05-17,lgbm_lagged,82.25831196057338,0.03603029546747521,8231.370964126945,96,False,5
2024-05-17,lgbm_perfect,60.82858397021061,0.05757972530454397,8231.370964126945,96,False,5
2024-05-20,sn_day,108.54380108959492,0.19073493435194253,11069.472314017221,96,False,5
2024-05-20,sn_week,268.83987523150375,0.5828784627236252,11069.472314017221,96,False,5
2024-05-20,lgbm_lagged,52.857445583036565,0.02211360798909393,11069.472314017221,96,False,5
2024-05-20,lgbm_perfect,43.68671409747711,0.07560606301133148,11069.472314017221,96,False,5
2024-05-21,sn_day,140.66890847598378,0.21784797389300403,14152.58408152861,96,False,5
2024-05-21,sn_week,176.03930533193497,0.25387776619648655,14152.58408152861,96,False,5
2024-05-21,lgbm_lagged,146.01035574192653,0.1379244858785531,14152.58408152861,96,False,5
2024-05-21,lgbm_perfect,135.92447843126504,0.03533871092455647,14152.58408152861,96,False,5
2024-05-22,sn_day,111.3424485151794,0.12881053298875958,12537.608099790417,96,False,5
2024-05-22,sn_week,69.25503452984374,0.11235015929680466,12537.608099790417,96,False,5
2024-05-22,lgbm_lagged,191.6679160098348,0.331068379204161,12537.608099790417,96,False,5
2024-05-22,lgbm_perfect,101.5044593253504,0.08910617572324478,12537.608099790417,96,False,5
2024-05-23,sn_day,90.17967201280673,0.1129017858345644,14133.280734406111,96,False,5
2024-05-23,sn_week,136.5556117519213,0.21919431118597166,14133.280734406111,96,False,5
2024-05-23,lgbm_lagged,197.88043535997113,0.29757666651132686,14133.280734406111,96,False,5
2024-05-23,lgbm_perfect,153.8556045091341,0.1808997486393364,14133.280734406111,96,False,5
2024-05-24,sn_day,118.5836253108912,0.1470705935564897,12321.195237501388,96,False,5
2024-05-24,sn_week,170.4093447239352,0.33193405303135326,12321.195237501388,96,False,5
2024-05-24,lgbm_lagged,91.08995941609453,0.15702086554274397,12321.195237501388,96,False,5
2024-05-24,lgbm_perfect,132.76309318609586,0.21943764042373345,12321.195237501388,96,False,5
2024-05-25,sn_day,90.11871475902778,0.04929433114348092,12960.0523496625,96,False,5
2024-05-25,sn_week,201.24760467239582,0.3726792440204363,12960.0523496625,96,False,5
2024-05-25,lgbm_lagged,185.80666135871013,0.31776452997194804,12960.0523496625,96,False,5
2024-05-25,lgbm_perfect,156.55800279112498,0.252561701135504,12960.0523496625,96,False,5
2024-05-26,sn_day,106.9662090780787,0.24114074535259827,10442.0488958975,96,False,5
2024-05-26,sn_week,66.27761822608797,0.14210924233346603,10442.0488958975,96,False,5
2024-05-26,lgbm_lagged,59.663731713332346,0.034614067891117255,10442.0488958975,96,False,5
2024-05-26,lgbm_perfect,46.5835688965845,0.037530128848772513,10442.0488958975,96,False,5
2024-05-27,sn_day,257.04446182442126,0.3644380845972884,16429.632806555277,96,False,5
2024-05-27,sn_week,223.44067819174768,0.3262495611222303,16429.632806555277,96,False,5
2024-05-27,lgbm_lagged,193.51524749171475,0.20802015871976948,16429.632806555277,96,False,5
2024-05-27,lgbm_perfect,103.2432834125782,0.06275018883943606,16429.632806555277,96,False,5
2024-05-28,sn_day,148.95803845447918,0.1633443718024359,19637.270404730556,96,False,5
2024-05-28,sn_week,229.24575298052082,0.2792998319094645,19637.270404730556,96,False,5
2024-05-28,lgbm_lagged,315.2952931837899,0.38534311950952566,19637.270404730556,96,False,5
2024-05-28,lgbm_perfect,232.91695536936587,0.28466313360527773,19637.270404730556,96,False,5
2024-05-29,sn_day,100.96445219630787,0.09408841457418532,17948.522389183054,96,False,5
2024-05-29,sn_week,234.39954961749422,0.3014685093327574,17948.522389183054,96,False,5
2024-05-29,lgbm_lagged,314.5902918394491,0.41975595299338136,17948.522389183054,96,False,5
2024-05-29,lgbm_perfect,188.19081456331483,0.251206814472995,17948.522389183054,96,False,5
2024-05-30,sn_day,62.164560659965275,0.03966785657599393,18689.911102203332,96,False,5
2024-05-30,sn_week,189.8595986582176,0.24380160734205125,18689.911102203332,96,False,5
2024-05-30,lgbm_lagged,355.63762221201114,0.45667969667774644,18689.911102203332,96,False,5
2024-05-30,lgbm_perfect,211.2451762423914,0.2712631537995765,18689.911102203332,96,False,5
2024-06-02,sn_day,60.733535615370364,0.02590759051953947,12474.731590540556,96,False,6
2024-06-02,sn_week,85.16989297561342,0.16294400243323995,12474.731590540556,96,False,6
2024-06-02,lgbm_lagged,50.96436466386183,0.0253728966800479,12474.731590540556,96,False,6
2024-06-02,lgbm_perfect,52.56501895119004,0.05666968309262675,12474.731590540556,96,False,6
2024-06-03,sn_day,329.9325162002546,0.38641384528577244,20330.855731825555,96,False,6
2024-06-03,sn_week,181.44492718929396,0.19188680381826595,20330.855731825555,96,False,6
2024-06-03,lgbm_lagged,234.78109842992072,0.2175909042267224,20330.855731825555,96,False,6
2024-06-03,lgbm_perfect,220.25403866986673,0.21718008529544716,20330.855731825555,96,False,6
2024-06-04,sn_day,132.87624588113428,0.0771569525814691,22030.675518114444,96,False,6
2024-06-04,sn_week,148.0598214322685,0.10863966070472694,22030.675518114444,96,False,6
2024-06-04,lgbm_lagged,278.08503598549504,0.30294308761273503,22030.675518114444,96,False,6
2024-06-04,lgbm_perfect,304.04814338651323,0.3312270400095687,22030.675518114444,96,False,6
2024-06-05,sn_day,140.71824312454862,0.13049915548875254,25337.152525134166,96,False,6
2024-06-05,sn_week,307.85958899796293,0.29161248994423017,25337.152525134166,96,False,6
2024-06-05,lgbm_lagged,381.0316911979915,0.36092297978947313,25337.152525134166,96,False,6
2024-06-05,lgbm_perfect,312.70010013078405,0.29619754610128907,25337.152525134166,96,False,6
2024-06-06,sn_day,99.75613525699073,0.06848779552150104,27200.022075200835,96,False,6
2024-06-06,sn_week,354.58795720822917,0.31287147302562135,27200.022075200835,96,False,6
2024-06-06,lgbm_lagged,311.15787965817003,0.27455084746437447,27200.022075200835,96,False,6
2024-06-06,lgbm_perfect,335.4839595291393,0.29601501816574893,27200.022075200835,96,False,6
2024-06-08,sn_day,251.02438988247684,0.27447893304701954,21336.982876284164,96,False,6
2024-06-08,sn_week,355.7942103272801,0.4002000234693818,21336.982876284164,96,False,6
2024-06-08,lgbm_lagged,77.8611179906672,0.03954880890511528,21336.982876284164,96,False,6
2024-06-08,lgbm_perfect,147.3691994876342,0.1630989093937442,21336.982876284164,96,False,6
2024-06-09,sn_day,99.25044550126158,0.10407473988177118,19325.668911299443,96,False,6
2024-06-09,sn_week,285.45572169828705,0.3544993631114751,19325.668911299443,96,False,6
2024-06-09,lgbm_lagged,103.43912373377651,0.04762596655440455,19325.668911299443,96,False,6
2024-06-09,lgbm_perfect,98.84931908667075,0.04734691599201678,19325.668911299443,96,False,6
2024-06-10,sn_day,261.55563909222224,0.22502800867062592,24937.248219962778,96,False,6
2024-06-10,sn_week,195.95334794993053,0.18471935826703248,24937.248219962778,96,False,6
2024-06-10,lgbm_lagged,162.97311119653943,0.1460614736606157,24937.248219962778,96,False,6
2024-06-10,lgbm_perfect,225.50933322224046,0.18791606655488124,24937.248219962778,96,False,6
2024-06-11,sn_day,77.92539578310185,0.016062445273942284,24543.027188884444,96,False,6
2024-06-11,sn_week,115.55743007969907,0.10236519119808685,24543.027188884444,96,False,6
2024-06-11,lgbm_lagged,146.83622530676254,0.04941214999836349,24543.027188884444,96,False,6
2024-06-11,lgbm_perfect,229.86353837276815,0.2207375599893023,24543.027188884444,96,False,6
2024-06-12,sn_day,143.16725993630786,0.12385967779006549,21838.15975776028,96,False,6
2024-06-12,sn_week,168.13680280942128,0.16022379203130904,21838.15975776028,96,False,6
2024-06-12,lgbm_lagged,80.03586738412697,0.05591365717600551,21838.15975776028,96,False,6
2024-06-12,lgbm_perfect,270.8915484177333,0.2977081051765501,21838.15975776028,96,False,6
2024-06-13,sn_day,110.51169756422685,0.04912075710001936,20815.677899773276,96,False,6
2024-06-13,sn_week,282.10475809698147,0.3067084438070161,20815.677899773276,96,False,6
2024-06-13,lgbm_lagged,218.59116993407346,0.2252953104476031,20815.677899773276,96,False,6
2024-06-13,lgbm_perfect,290.27423234494836,0.31483666512896125,20815.677899773276,96,False,6
2024-06-14,sn_day,118.16858190600927,0.026839238071293323,21389.76283683972,96,False,6
2024-06-14,sn_week,242.69210229247687,0.2713341133345142,21389.76283683972,96,False,6
2024-06-14,lgbm_lagged,252.53044643620387,0.28334726105660496,21389.76283683972,96,False,6
2024-06-14,lgbm_perfect,257.1761921717853,0.2885599367886575,21389.76283683972,96,False,6
2024-06-15,sn_day,111.12820836145833,0.03487973910930539,20668.83912062028,96,False,6
2024-06-15,sn_week,64.93407781907409,0.03232613848144528,20668.83912062028,96,False,6
2024-06-15,lgbm_lagged,189.56657457286826,0.22011868993696565,20668.83912062028,96,False,6
2024-06-15,lgbm_perfect,187.2561918059757,0.21662737974158336,20668.83912062028,96,False,6
2024-06-16,sn_day,35.32529408159722,0.029645377216291464,21300.29438240472,96,False,6
2024-06-16,sn_week,89.81200874209492,0.09270413993603929,21300.29438240472,96,False,6
2024-06-16,lgbm_lagged,76.77490633911799,0.06254905764449839,21300.29438240472,96,False,6
2024-06-16,lgbm_perfect,86.65385108207619,0.09045029736266208,21300.29438240472,96,False,6
2024-06-17,sn_day,242.12307660632405,0.18750504644229704,26215.909759360722,96,False,6
2024-06-17,sn_week,132.70075978598842,0.04877425773642596,26215.909759360722,96,False,6
2024-06-17,lgbm_lagged,200.56712561224717,0.06584482550673756,26215.909759360722,96,False,6
2024-06-17,lgbm_perfect,190.45190385281862,0.13571833777597372,26215.909759360722,96,False,6
2024-06-18,sn_day,237.08577385421987,0.08631132069269264,28692.387629488556,96,True,6
2024-06-18,sn_week,299.0447418783241,0.14461537653072878,28692.387629488556,96,True,6
2024-06-18,lgbm_lagged,297.6463131283261,0.1611999669682559,28692.387629488556,96,True,6
2024-06-18,lgbm_perfect,329.9082023078649,0.20853705584902515,28692.387629488556,96,True,6
2024-06-19,sn_day,264.66364480174076,0.10373947038709294,32013.44551218911,96,False,6
2024-06-19,sn_week,439.97689731717827,0.31784413054054406,32013.44551218911,96,False,6
2024-06-19,lgbm_lagged,373.5893498121242,0.25759354256592426,32013.44551218911,96,False,6
2024-06-19,lgbm_perfect,379.1869489632033,0.2575572090848369,32013.44551218911,96,False,6
2024-06-20,sn_day,160.47955486547684,0.06218190271339576,34136.092707971664,96,False,6
2024-06-20,sn_week,558.8950169267847,0.39021498219354567,34136.092707971664,96,False,6
2024-06-20,lgbm_lagged,432.1767805316993,0.3038497352785368,34136.092707971664,96,False,6
2024-06-20,lgbm_perfect,414.97826249293075,0.29152593095697776,34136.092707971664,96,False,6
2024-06-21,sn_day,149.18523767874998,0.1139980076837201,30642.866928415,96,False,6
2024-06-21,sn_week,385.5460038156366,0.301966004460076,30642.866928415,96,False,6
2024-06-21,lgbm_lagged,277.1210897680738,0.2164631831448176,30642.866928415,96,False,6
2024-06-21,lgbm_perfect,294.37382809192417,0.22755095323858296,30642.866928415,96,False,6
2024-06-22,sn_day,261.8762285066088,0.2062834855188036,25402.70781808472,96,False,6
2024-06-22,sn_week,197.2445290610185,0.18635291683724758,25402.70781808472,96,False,6
2024-06-22,lgbm_lagged,61.08157292367195,0.050007232364905084,25402.70781808472,96,False,6
2024-06-22,lgbm_perfect,188.3660605553106,0.1779647069793486,25402.70781808472,96,False,6
2024-06-23,sn_day,119.88684173578706,0.12738046865000657,22532.506571187503,96,False,6
2024-06-23,sn_week,63.169466441574066,0.05468597933788783,22532.506571187503,96,False,6
2024-06-23,lgbm_lagged,82.49664130367246,0.08060552470581284,22532.506571187503,96,False,6
2024-06-23,lgbm_perfect,63.59849259899594,0.05760764789374509,22532.506571187503,96,False,6
2024-06-24,sn_day,238.38958060746532,0.1775621064940801,27397.213514974446,96,False,6
2024-06-24,sn_week,132.01890348547917,0.04311766066896041,27397.213514974446,96,False,6
2024-06-24,lgbm_lagged,200.28345071185853,0.09745581614363695,27397.213514974446,96,False,6
2024-06-24,lgbm_perfect,201.758639508933,0.11415684785836168,27397.213514974446,96,False,6
2024-06-25,sn_day,95.05858120599538,0.051578520947152005,28887.17107328167,96,False,6
2024-06-25,sn_week,220.5088837275139,0.006742904775929116,28887.17107328167,96,False,6
2024-06-25,lgbm_lagged,267.18180530857575,0.16116008811016422,28887.17107328167,96,False,6
2024-06-25,lgbm_perfect,275.2563363033277,0.22583314517907574,28887.17107328167,96,False,6
2024-06-26,sn_day,116.39541881604167,0.07974919139398369,31390.54136452167,96,False,6
2024-06-26,sn_week,103.8542606804537,0.01984368923217947,31390.54136452167,96,False,6
2024-06-26,lgbm_lagged,303.19139312449465,0.22353019025323498,31390.54136452167,96,False,6
2024-06-26,lgbm_perfect,339.25943152941505,0.2551746734602879,31390.54136452167,96,False,6
2024-06-27,sn_day,96.86036658086805,0.047260542285905836,29973.95595178639,96,False,6
2024-06-27,sn_week,173.42236484105322,0.13885843973615433,29973.95595178639,96,False,6
2024-06-27,lgbm_lagged,236.02019719531472,0.17977136356289788,29973.95595178639,96,False,6
2024-06-27,lgbm_perfect,298.358962478489,0.2387848443115479,29973.95595178639,96,False,6
2024-06-28,sn_day,61.12134802167824,0.009736697758891643,29684.92283019278,96,False,6
2024-06-28,sn_week,80.57627688935185,0.032270392067446634,29684.92283019278,96,False,6
2024-06-28,lgbm_lagged,244.31348436691152,0.17663136358790293,29684.92283019278,96,False,6
2024-06-28,lgbm_perfect,300.14258058123556,0.2423078380182387,29684.92283019278,96,False,6
2024-06-29,sn_day,239.1093566299537,0.18104491282952362,25134.45721473389,96,False,6
2024-06-29,sn_week,42.28202557561344,0.010672623683855787,25134.45721473389,96,False,6
2024-06-29,lgbm_lagged,50.019352102687634,0.03125600219418024,25134.45721473389,96,False,6
2024-06-29,lgbm_perfect,181.62298236902362,0.1734253315922549,25134.45721473389,96,False,6
2024-06-30,sn_day,64.13317324914352,0.02880324374724148,24430.771741335,96,False,6
2024-06-30,sn_week,85.07049752403935,0.0776997628337617,24430.771741335,96,False,6
2024-06-30,lgbm_lagged,64.05651290277119,0.012461098174015268,24430.771741335,96,False,6
2024-06-30,lgbm_perfect,112.32888556972648,0.11032518527100398,24430.771741335,96,False,6
2024-07-01,sn_day,217.60389687138886,0.15224761774153933,28818.287335566114,96,False,7
2024-07-01,sn_week,84.19086926606481,0.04931152930930244,28818.287335566114,96,False,7
2024-07-01,lgbm_lagged,64.91526257910122,0.020890657663255024,28818.287335566114,96,False,7
2024-07-01,lgbm_perfect,62.711209065362766,0.0037730240646479166,28818.287335566114,96,False,7
2024-07-02,sn_day,126.87579318988425,0.10341293225228737,26117.40944230389,96,False,7
2024-07-02,sn_week,146.19589625662036,0.10605039665578135,26117.40944230389,96,False,7
2024-07-02,lgbm_lagged,134.96458743967398,0.11821615181456564,26117.40944230389,96,False,7
2024-07-02,lgbm_perfect,48.78518992836407,0.01721477376447735,26117.40944230389,96,False,7
2024-07-03,sn_day,119.67638390197918,0.11799526586543067,23360.930264840277,96,False,7
2024-07-03,sn_week,334.5671291533912,0.34371966392821607,23360.930264840277,96,False,7
2024-07-03,lgbm_lagged,109.36303966003396,0.10967423926269956,23360.930264840277,96,False,7
2024-07-03,lgbm_perfect,97.81086878027752,0.09188356832184648,23360.930264840277,96,False,7
2024-07-04,sn_day,88.33520180650463,0.06942344788275229,25103.71684273528,96,False,7
2024-07-04,sn_week,204.77981574171295,0.1940047021547129,25103.71684273528,96,False,7
2024-07-04,lgbm_lagged,76.52610549066104,0.016465381738531626,25103.71684273528,96,False,7
2024-07-04,lgbm_perfect,57.299322762782744,0.011152281867785347,25103.71684273528,96,False,7
2024-07-05,sn_day,54.789964212847224,0.021838016679126424,25664.171446847497,96,False,7
2024-07-05,sn_week,168.242209217419,0.1566678819798478,25664.171446847497,96,False,7
2024-07-05,lgbm_lagged,61.78042627493486,0.00838549300835966,25664.171446847497,96,False,7
2024-07-05,lgbm_perfect,68.19933336187096,0.025503939045216386,25664.171446847497,96,False,7
2024-07-06,sn_day,155.11749331258102,0.15775682764516868,22167.151887195,96,False,7
2024-07-06,sn_week,126.63032341106481,0.133860468076324,22167.151887195,96,False,7
2024-07-06,lgbm_lagged,73.91312559908299,0.07444621635441591,22167.151887195,96,False,7
2024-07-06,lgbm_perfect,65.28102172329015,0.03441698808024852,22167.151887195,96,False,7
2024-07-07,sn_day,55.497766522175915,0.03600827966508314,21396.693754572225,96,False,7
2024-07-07,sn_week,126.41991611511571,0.14180125310782785,21396.693754572225,96,False,7
2024-07-07,lgbm_lagged,91.03670508990069,0.10147074254875396,21396.693754572225,96,False,7
2024-07-07,lgbm_perfect,64.91371558036532,0.07083138402424179,21396.693754572225,96,False,7
2024-07-08,sn_day,346.9739212982408,0.27741539787360053,29611.333664745554,96,False,7
2024-07-08,sn_week,83.0075300007639,0.026781851103303046,29611.333664745554,96,False,7
2024-07-08,lgbm_lagged,91.08169025800787,0.042769295437660344,29611.333664745554,96,False,7
2024-07-08,lgbm_perfect,115.63295382700697,0.009373599643340542,29611.333664745554,96,False,7
2024-07-09,sn_day,82.24386349019676,0.0596792420737963,31490.673172046947,96,False,7
2024-07-09,sn_week,228.18332399496526,0.17063032283834104,31490.673172046947,96,False,7
2024-07-09,lgbm_lagged,62.28869990150681,0.02451718052555923,31490.673172046947,96,False,7
2024-07-09,lgbm_perfect,82.75499112074539,0.05554032847826144,31490.673172046947,96,False,7
2024-07-10,sn_day,173.0174343201736,0.11649995098016376,35643.09159573111,96,False,7
2024-07-10,sn_week,511.75672212045134,0.3445874300186081,35643.09159573111,96,False,7
2024-07-10,lgbm_lagged,113.70674826528456,0.07436911624415422,35643.09159573111,96,False,7
2024-07-10,lgbm_perfect,77.17094962424527,0.007934067233784514,35643.09159573111,96,False,7
2024-07-11,sn_day,103.41513030546294,0.0037533816866028935,35509.80972621,96,False,7
2024-07-11,sn_week,433.5872034781134,0.29304839884269834,35509.80972621,96,False,7
2024-07-11,lgbm_lagged,104.49150657565127,0.03071080458900536,35509.80972621,96,False,7
2024-07-11,lgbm_perfect,92.14566571960923,0.02709243564981684,35509.80972621,96,False,7
2024-07-12,sn_day,163.08759179800927,0.11496677298649084,31848.312063233334,96,False,7
2024-07-12,sn_week,257.67252568274307,0.19417483112158396,31848.312063233334,96,False,7
2024-07-12,lgbm_lagged,100.82279391705701,0.01277108904987959,31848.312063233334,96,False,7
2024-07-12,lgbm_perfect,103.19755433572182,0.03682263690755809,31848.312063233334,96,False,7
2024-07-13,sn_day,294.7277699815509,0.24661486543076974,25547.835940676112,96,False,7
2024-07-13,sn_week,142.27933408858794,0.1323276093259445,25547.835940676112,96,False,7
2024-07-13,lgbm_lagged,45.8736712438126,0.006117975645779036,25547.835940676112,96,False,7
2024-07-13,lgbm_perfect,48.88772965965335,0.018448528737076995,25547.835940676112,96,False,7
2024-07-14,sn_day,52.274772188125006,0.03493290724508799,24685.49967039167,96,False,7
2024-07-14,sn_week,137.0335798258102,0.133228249771428,24685.49967039167,96,False,7
2024-07-14,lgbm_lagged,36.41916148188875,0.008867176263075859,24685.49967039167,96,False,7
2024-07-14,lgbm_perfect,37.22009469345439,0.0007076889296995961,24685.49967039167,96,False,7
2024-07-15,sn_day,421.35198584015046,0.277046794692527,34145.36305969194,96,False,7
2024-07-15,sn_week,191.44303522440973,0.13278609417683232,34145.36305969194,96,False,7
2024-07-15,lgbm_lagged,182.7956463999905,0.11316121115859956,34145.36305969194,96,False,7
2024-07-15,lgbm_perfect,181.95723004961374,0.08306536455270637,34145.36305969194,96,False,7
2024-07-16,sn_day,246.1654383794653,0.09858314382600054,37879.65892341922,96,False,7
2024-07-16,sn_week,327.79784087335423,0.16866534527907967,37879.65892341922,96,False,7
2024-07-16,lgbm_lagged,231.61735394699656,0.09665928164341359,37879.65892341922,96,False,7
2024-07-16,lgbm_perfect,193.53925041336947,0.046006658972848176,37879.65892341922,96,False,7
2024-07-17,sn_day,196.6538326802639,0.01469213395822697,38444.49052821555,96,False,7
2024-07-17,sn_week,162.2697791915741,0.07286867101095837,38444.49052821555,96,False,7
2024-07-17,lgbm_lagged,216.75039491647786,0.06253107526664636,38444.49052821555,96,False,7
2024-07-17,lgbm_perfect,254.73997508995447,0.03404119380022757,38444.49052821555,96,False,7
2024-07-18,sn_day,259.60919561741895,0.16368034101781595,33036.985478838615,96,False,7
2024-07-18,sn_week,139.84531693040512,0.0748501781119018,33036.985478838615,96,False,7
2024-07-18,lgbm_lagged,195.29399227699787,0.08290164127487085,33036.985478838615,96,False,7
2024-07-18,lgbm_perfect,194.46251398741754,0.08679622487049153,33036.985478838615,96,False,7
2024-07-19,sn_day,334.4633722215509,0.32030254643475653,25022.28414846972,96,False,7
2024-07-19,sn_week,284.66695604528934,0.2727979537863681,25022.28414846972,96,False,7
2024-07-19,lgbm_lagged,198.94657761138737,0.1895990065108561,25022.28414846972,96,False,7
2024-07-19,lgbm_perfect,208.26381111612577,0.1698980940399046,25022.28414846972,96,False,7
2024-07-20,sn_day,354.3999287575463,0.5149700347368852,16516.685858288613,96,False,7
2024-07-20,sn_week,376.29792009947914,0.5467894806424118,16516.685858288613,96,False,7
2024-07-20,lgbm_lagged,162.45390487573272,0.2359736151115562,16516.685858288613,96,False,7
2024-07-20,lgbm_perfect,106.28962993620208,0.1544469114661219,16516.685858288613,96,False,7
2024-07-21,sn_day,65.5249945767361,0.07178380929076762,15410.464046119723,96,False,7
2024-07-21,sn_week,386.4598176779977,0.6018660824563133,15410.464046119723,96,False,7
2024-07-21,lgbm_lagged,39.13534875345784,0.009990553035135859,15410.464046119723,96,False,7
2024-07-21,lgbm_perfect,162.07426163550736,0.2524117552599982,15410.464046119723,96,False,7
2024-07-22,sn_day,322.1944671350463,0.3307030243700846,23024.852355885836,96,False,7
2024-07-22,sn_week,463.35461265858794,0.48297858904460556,23024.852355885836,96,False,7
2024-07-22,lgbm_lagged,153.38643960326274,0.12849370984831937,23024.852355885836,96,False,7
2024-07-22,lgbm_perfect,230.85544535184454,0.23566547887285572,23024.852355885836,96,False,7
2024-07-23,sn_day,92.10762933697917,0.07465810009070627,24882.53515607889,96,False,7
2024-07-23,sn_week,566.5495763254954,0.5223392104467734,24882.53515607889,96,False,7
2024-07-23,lgbm_lagged,157.76834197484052,0.11334721857697512,24882.53515607889,96,False,7
2024-07-23,lgbm_perfect,254.5295689377001,0.24348694088920222,24882.53515607889,96,False,7
2024-07-24,sn_day,73.3475248444097,0.05882103044836866,23500.22755549361,96,False,7
2024-07-24,sn_week,627.0641927570255,0.63591992619784,23500.22755549361,96,False,7
2024-07-24,lgbm_lagged,165.44811739144563,0.1664039820513354,23500.22755549361,96,False,7
2024-07-24,lgbm_perfect,279.607785373608,0.2855541221088248,23500.22755549361,96,False,7
2024-07-25,sn_day,139.95569746972222,0.15900214473719287,20276.25890271528,96,False,7
2024-07-25,sn_week,531.6969406718055,0.6293432450901726,20276.25890271528,96,False,7
2024-07-25,lgbm_lagged,178.40670742979287,0.20532797124305965,20276.25890271528,96,False,7
2024-07-25,lgbm_perfect,252.87622608492902,0.29931702170293184,20276.25890271528,96,False,7
2024-07-26,sn_day,75.79104174386575,0.04534543357062813,19396.706822028056,96,False,7
2024-07-26,sn_week,236.86897465854167,0.29002744528019175,19396.706822028056,96,False,7
2024-07-26,lgbm_lagged,137.6103548529494,0.15912743536686869,19396.706822028056,96,False,7
2024-07-26,lgbm_perfect,160.2431456488084,0.1894293516182323,19396.706822028056,96,False,7
2024-07-27,sn_day,147.42818639788194,0.1902661751003236,16296.108574532223,96,False,7
2024-07-27,sn_week,77.68403270957175,0.013535580150779691,16296.108574532223,96,False,7
2024-07-27,lgbm_lagged,155.3315190464728,0.22876359960815715,16296.108574532223,96,False,7
2024-07-27,lgbm_perfect,153.9263807056187,0.2264625480739157,16296.108574532223,96,False,7
2024-07-28,sn_day,38.4206073859375,0.007994740751704359,16427.44171223528,96,False,7
2024-07-28,sn_week,53.42127224083333,0.061907245445168936,16427.44171223528,96,False,7
2024-07-28,lgbm_lagged,101.03068274204036,0.14175501325700898,16427.44171223528,96,False,7
2024-07-28,lgbm_perfect,153.737207747972,0.224605452911345,16427.44171223528,96,False,7
2024-07-29,sn_day,122.1368183673727,0.10419857050710624,18338.262444540556,96,False,7
2024-07-29,sn_week,195.63624675197914,0.2555634660327655,18338.262444540556,96,False,7
2024-07-29,lgbm_lagged,235.09968964205476,0.3076841422939228,18338.262444540556,96,False,7
2024-07-29,lgbm_perfect,261.0366207197935,0.34162881659162575,18338.262444540556,96,False,7
2024-07-30,sn_day,53.12615830510416,0.0057242053923230625,18233.8879249575,96,False,7
2024-07-30,sn_week,277.0269679633912,0.364631353361622,18233.8879249575,96,False,7
2024-07-30,lgbm_lagged,204.07059924862594,0.2660420389222269,18233.8879249575,96,False,7
2024-07-30,lgbm_perfect,218.00426200351833,0.28572967322121984,18233.8879249575,96,False,7
2024-07-31,sn_day,99.93290373174767,0.08297510145922316,19883.743564621112,96,False,7
2024-07-31,sn_week,156.06129412001158,0.18188144396044517,19883.743564621112,96,False,7
2024-07-31,lgbm_lagged,148.78359306070445,0.093258448338697,19883.743564621112,96,False,7
2024-07-31,lgbm_perfect,118.83331862800719,0.07593538738299542,19883.743564621112,96,False,7
2024-08-01,sn_day,111.3866437354514,0.09988798958715808,22090.299134550278,96,False,8
2024-08-01,sn_week,98.16611021729166,0.08211931494389561,22090.299134550278,96,False,8
2024-08-01,lgbm_lagged,77.83617511163185,0.042289854298816855,22090.299134550278,96,False,8
2024-08-01,lgbm_perfect,66.65827586383938,0.0004369409183425827,22090.299134550278,96,False,8
2024-08-02,sn_day,103.0761269024074,0.0230282526530882,21593.048947829167,96,False,8
2024-08-02,sn_week,108.47444806902779,0.1017152385986657,21593.048947829167,96,False,8
2024-08-02,lgbm_lagged,76.1813339497643,0.0452533034499474,21593.048947829167,96,False,8
2024-08-02,lgbm_perfect,64.42856599487277,0.03557391398779282,21593.048947829167,96,False,8
2024-08-03,sn_day,246.630076666794,0.37574105626632803,15695.576467297778,96,False,8
2024-08-03,sn_week,63.87745900020834,0.03826123293309248,15695.576467297778,96,False,8
2024-08-03,lgbm_lagged,145.97509029184172,0.22171035590396138,15695.576467297778,96,False,8
2024-08-03,lgbm_perfect,160.4288886303182,0.2442321388338933,15695.576467297778,96,False,8
2024-08-04,sn_day,113.23479573677082,0.18733452693339286,13219.16958638083,96,False,8
2024-08-04,sn_week,133.6780052439352,0.24269846187311186,13219.16958638083,96,False,8
2024-08-04,lgbm_lagged,114.9888467560731,0.20846521212165228,13219.16958638083,96,False,8
2024-08-04,lgbm_perfect,86.50713009352516,0.15620022307930634,13219.16958638083,96,False,8
2024-08-05,sn_day,227.79313770892364,0.28853795646221697,18580.287882467775,96,False,8
2024-08-05,sn_week,72.30892184043981,0.01302592508028859,18580.287882467775,96,False,8
2024-08-05,lgbm_lagged,83.38976056224261,0.05861301494155071,18580.287882467775,96,False,8
2024-08-05,lgbm_perfect,70.11480215859437,0.0593324479367809,18580.287882467775,96,False,8
2024-08-06,sn_day,119.5913454760347,0.016980264437505572,18901.235865662387,96,False,8
2024-08-06,sn_week,113.44702283317592,0.03530710613041176,18901.235865662387,96,False,8
2024-08-06,lgbm_lagged,110.83522633399213,0.012516841923696275,18901.235865662387,96,False,8
2024-08-06,lgbm_perfect,108.45528467436425,0.011520395916269686,18901.235865662387,96,False,8
2024-08-07,sn_day,117.91488542178705,0.06095044580071048,20128.049452916388,96,False,8
2024-08-07,sn_week,72.21469697792826,0.012137583866074893,20128.049452916388,96,False,8
2024-08-07,lgbm_lagged,77.2382171143632,0.04579108360186607,20128.049452916388,96,False,8
2024-08-07,lgbm_perfect,67.25739794572844,0.029583644884960694,20128.049452916388,96,False,8
2024-08-08,sn_day,86.00385743759261,0.009851138890497843,20328.306422896945,96,False,8
2024-08-08,sn_week,97.69569739840279,0.08667680794444826,20328.306422896945,96,False,8
2024-08-08,lgbm_lagged,52.367019799766446,0.01924132217435114,20328.306422896945,96,False,8
2024-08-08,lgbm_perfect,54.78381803944499,0.035535404414382986,20328.306422896945,96,False,8
2024-08-09,sn_day,183.37792388667822,0.2744447215558033,15950.716479943334,96,False,8
2024-08-09,sn_week,235.09718616190972,0.35373536198079786,15950.716479943334,96,False,8
2024-08-09,lgbm_lagged,133.3413878219147,0.1901809406275413,15950.716479943334,96,False,8
2024-08-09,lgbm_perfect,127.04397597329437,0.18485528167877907,15950.716479943334,96,False,8
2024-08-12,sn_day,293.9796693848994,0.4275642119305878,15894.834315508333,96,False,8
2024-08-12,sn_week,151.93922199381942,0.1689513406465199,15894.834315508333,96,False,8
2024-08-12,lgbm_lagged,105.38633586820062,0.019358446453279443,15894.834315508333,96,False,8
2024-08-12,lgbm_perfect,158.25696774202052,0.1869323975459092,15894.834315508333,96,False,8
2024-08-13,sn_day,315.47361159045136,0.31366217090015075,23158.907525693056,96,False,8
2024-08-13,sn_week,201.61371935491204,0.18384596317020152,23158.907525693056,96,False,8
2024-08-13,lgbm_lagged,179.62215245497552,0.16405284494204245,23158.907525693056,96,False,8
2024-08-13,lgbm_perfect,136.76402991556202,0.0814668661882709,23158.907525693056,96,False,8
2024-08-14,sn_day,59.3510671289352,0.010588972099356811,23406.761065552502,96,False,8
2024-08-14,sn_week,149.45182234430555,0.14007540827429393,23406.761065552502,96,False,8
2024-08-14,lgbm_lagged,122.25547002582691,0.11767814283251725,23406.761065552502,96,False,8
2024-08-14,lgbm_perfect,67.69822399495258,0.030779791851548416,23406.761065552502,96,False,8
2024-08-15,sn_day,59.30234606393518,0.04779679313539599,24581.68686768639,96,False,8
2024-08-15,sn_week,177.67393158006948,0.17303045424358907,24581.68686768639,96,False,8
2024-08-15,lgbm_lagged,126.66964097308731,0.1209757198113074,24581.68686768639,96,False,8
2024-08-15,lgbm_perfect,90.47456287305154,0.08295793621614239,24581.68686768639,96,False,8
2024-08-21,sn_day,210.08474764173607,0.19772924689679386,20318.08466635611,96,False,8
2024-08-21,sn_week,130.62852436739584,0.15201612011740487,20318.08466635611,96,False,8
2024-08-21,lgbm_lagged,142.43137388664476,0.1188021273083152,20318.08466635611,96,False,8
2024-08-21,lgbm_perfect,139.01652789822649,0.06712639641066076,20318.08466635611,96,False,8
2024-08-22,sn_day,113.7561591348264,0.11122180424267548,18284.4546325325,96,False,8
2024-08-22,sn_week,262.39199203875,0.3444036128892562,18284.4546325325,96,False,8
2024-08-22,lgbm_lagged,69.34717392091956,0.07999505566190891,18284.4546325325,96,False,8
2024-08-22,lgbm_perfect,67.60610159143171,0.08392709269243226,18284.4546325325,96,False,8
2024-08-27,sn_day,66.58148524336805,0.045782178938464854,24325.65737605611,96,False,8
2024-08-27,sn_week,340.3164762693518,0.3299007367037487,24325.65737605611,96,False,8
2024-08-27,lgbm_lagged,177.21418838754542,0.17269462151887338,24325.65737605611,96,False,8
2024-08-27,lgbm_perfect,143.93734429919172,0.13220860142861318,24325.65737605611,96,False,8
2024-08-28,sn_day,80.87263696725697,0.05322047433369983,25693.05389122861,96,False,8
2024-08-28,sn_week,223.9570510363542,0.20919931307611,25693.05389122861,96,False,8
2024-08-28,lgbm_lagged,156.53787153091744,0.14275727927692733,25693.05389122861,96,False,8
2024-08-28,lgbm_perfect,93.56890362596828,0.06436600414153075,25693.05389122861,96,False,8
2024-08-29,sn_day,72.59874275366899,0.06310634423838679,24167.90571373667,96,False,8
2024-08-29,sn_week,245.1437950501736,0.24344066676245374,24167.90571373667,96,False,8
2024-08-29,lgbm_lagged,52.04236765548239,0.04597584299677044,24167.90571373667,96,False,8
2024-08-29,lgbm_perfect,35.99706505378313,0.00019873165882525483,24167.90571373667,96,False,8
2024-08-30,sn_day,93.96499080458334,0.10062616308194618,21958.323838188888,96,False,8
2024-08-30,sn_week,150.17081169587962,0.11309057969162553,21958.323838188888,96,False,8
2024-08-30,lgbm_lagged,72.62296873580878,0.032748680843068985,21958.323838188888,96,False,8
2024-08-30,lgbm_perfect,52.94273989155479,0.02771330151990442,21958.323838188888,96,False,8
2024-08-31,sn_day,214.91660525956016,0.2996655389286321,16895.365138549445,96,False,8
2024-08-31,sn_week,46.3987649808912,0.04920195114722213,16895.365138549445,96,False,8
2024-08-31,lgbm_lagged,36.99155927394659,0.003938055596390033,16895.365138549445,96,False,8
2024-08-31,lgbm_perfect,39.11476592779915,0.011117147648876105,16895.365138549445,96,False,8
2024-09-01,sn_day,69.53138631882638,0.09330246560335348,15453.514164742612,96,False,9
2024-09-01,sn_week,39.984894245261565,0.018501848044479356,15453.514164742612,96,False,9
2024-09-01,lgbm_lagged,47.64842575537165,0.031608069267554384,15453.514164742612,96,False,9
2024-09-01,lgbm_perfect,47.01456495085298,0.0003921249532934757,15453.514164742612,96,False,9
2024-09-02,sn_day,300.3146339065116,0.2912644430146487,21804.344388300553,96,False,9
2024-09-02,sn_week,63.773512288252306,0.06455738195570125,21804.344388300553,96,False,9
2024-09-02,lgbm_lagged,64.15045602430534,0.04710348507473241,21804.344388300553,96,False,9
2024-09-02,lgbm_perfect,57.80509636160483,0.02515880323444783,21804.344388300553,96,False,9
2024-09-03,sn_day,71.99354002885417,0.06656272369346264,23359.196104291947,96,False,9
2024-09-03,sn_week,64.01503919086805,0.04137390976338395,23359.196104291947,96,False,9
2024-09-03,lgbm_lagged,92.70037351762487,0.0932353774612622,23359.196104291947,96,False,9
2024-09-03,lgbm_perfect,57.85612662504696,0.052766283329422806,23359.196104291947,96,False,9
2024-09-04,sn_day,51.71958758224537,0.025107131700955975,23960.782629426947,96,False,9
2024-09-04,sn_week,117.76649778101853,0.07229610520627192,23960.782629426947,96,False,9
2024-09-04,lgbm_lagged,50.92387096561575,0.011137406884251737,23960.782629426947,96,False,9
2024-09-04,lgbm_perfect,55.25467594638982,0.004971009117186528,23960.782629426947,96,False,9
2024-09-05,sn_day,58.758079833726846,0.00382611450658662,24052.8114402025,96,False,9
2024-09-05,sn_week,91.1010923727199,0.004785065305995744,24052.8114402025,96,False,9
2024-09-05,lgbm_lagged,51.267884761269904,0.0041053321899015135,24052.8114402025,96,False,9
2024-09-05,lgbm_perfect,50.133457322475124,0.013748928309010222,24052.8114402025,96,False,9
2024-09-06,sn_day,133.10809694059026,0.14761575793137102,20958.941417429447,96,False,9
2024-09-06,sn_week,82.94260512671296,0.04768286722383577,20958.941417429447,96,False,9
2024-09-06,lgbm_lagged,72.52951235598212,0.0689314406274835,20958.941417429447,96,False,9
2024-09-06,lgbm_perfect,69.67378973142687,0.07096524337937335,20958.941417429447,96,False,9
2024-09-07,sn_day,151.51832328115742,0.1873227127680981,17652.27026489389,96,False,9
2024-09-07,sn_week,44.73926669099537,0.04287862779042915,17652.27026489389,96,False,9
2024-09-07,lgbm_lagged,56.44895682182899,0.0688284584366689,17652.27026489389,96,False,9
2024-09-07,lgbm_perfect,68.37684854798289,0.08479659820550894,17652.27026489389,96,False,9
2024-09-08,sn_day,67.92244482479167,0.08908931281639716,16208.2852684,96,False,9
2024-09-08,sn_week,47.771700880886584,0.04656699281625467,16208.2852684,96,False,9
2024-09-08,lgbm_lagged,64.89873674871826,0.0783266417650196,16208.2852684,96,False,9
2024-09-08,lgbm_perfect,61.74251701079726,0.04258481389740632,16208.2852684,96,False,9
2024-09-09,sn_day,77.49852961222221,0.029123350107060013,15749.604036011668,96,False,9
2024-09-09,sn_week,265.0026857923611,0.3844376238567424,15749.604036011668,96,False,9
2024-09-09,lgbm_lagged,222.23798741530467,0.32008988786565573,15749.604036011668,96,False,9
2024-09-09,lgbm_perfect,76.84381678880489,0.09791273469008809,15749.604036011668,96,False,9
2024-09-10,sn_day,155.70694487673612,0.14092767929831404,18333.269104919444,96,False,9
2024-09-10,sn_week,209.41362497385413,0.27414243311488157,18333.269104919444,96,False,9
2024-09-10,lgbm_lagged,102.63170034245358,0.12329758124197758,18333.269104919444,96,False,9
2024-09-10,lgbm_perfect,77.57470753224466,0.08910066906151366,18333.269104919444,96,False,9
2024-09-11,sn_day,42.896475692557885,0.010398408920638648,18525.90908319306,96,False,9
2024-09-11,sn_week,226.45306442641206,0.2933660918785613,18525.90908319306,96,False,9
2024-09-11,lgbm_lagged,48.56731745321963,0.04619663471752588,18525.90908319306,96,False,9
2024-09-11,lgbm_perfect,48.78327292758376,0.05013202159498316,18525.90908319306,96,False,9
2024-09-12,sn_day,100.79990117885416,0.10919427854025533,16702.131846166667,96,False,9
2024-09-12,sn_week,306.2783164181597,0.4401042730196683,16702.131846166667,96,False,9
2024-09-12,lgbm_lagged,125.65284336105874,0.17022679135968877,16702.131846166667,96,False,9
2024-09-12,lgbm_perfect,60.60852237799772,0.017421983378562947,16702.131846166667,96,False,9
2024-09-13,sn_day,184.5355235645139,0.3344672904069958,12515.954468297778,96,False,9
2024-09-13,sn_week,354.6080828852084,0.6745779533248775,12515.954468297778,96,False,9
2024-09-13,lgbm_lagged,140.6740459192292,0.24459572737956425,12515.954468297778,96,False,9
2024-09-13,lgbm_perfect,59.34604310469661,0.010538541669837522,12515.954468297778,96,False,9
2024-09-14,sn_day,101.73001656234953,0.20968146015378641,10346.487799115834,96,False,9
2024-09-14,sn_week,304.4076027407523,0.7061123163362139,10346.487799115834,96,False,9
2024-09-14,lgbm_lagged,59.98063198624255,0.10052683286506989,10346.487799115834,96,False,9
2024-09-14,lgbm_perfect,40.61614300797299,0.0032816697915528173,10346.487799115834,96,False,9
2024-09-15,sn_day,59.015347166504625,0.05760807453694956,9782.9130168525,96,False,9
2024-09-15,sn_week,267.72384381447915,0.6567953983112039,9782.9130168525,96,False,9
2024-09-15,lgbm_lagged,46.25914353222941,0.06122083199996723,9782.9130168525,96,False,9
2024-09-15,lgbm_perfect,66.91019404432411,0.15583256267949133,9782.9130168525,96,False,9
2024-09-16,sn_day,80.29735029208334,0.07693622974933656,10598.306782418611,96,False,9
2024-09-16,sn_week,214.83334411211808,0.48604907928674745,10598.306782418611,96,False,9
2024-09-16,lgbm_lagged,91.09535651060207,0.1858922129578605,10598.306782418611,96,False,9
2024-09-16,lgbm_perfect,59.49843716467368,0.09114395442711595,10598.306782418611,96,False,9
2024-09-17,sn_day,76.9318930871875,0.11459325708968371,11969.986525720557,96,False,9
2024-09-17,sn_week,265.8026571455093,0.531603153063352,11969.986525720557,96,False,9
2024-09-17,lgbm_lagged,50.43142874955933,0.06016376046238088,11969.986525720557,96,False,9
2024-09-17,lgbm_perfect,91.11244918128307,0.17880961362972522,11969.986525720557,96,False,9
2024-09-18,sn_day,95.62347200763888,0.13008153655241728,13759.894781727222,96,False,9
2024-09-18,sn_week,198.58392922774306,0.3463699669996735,13759.894781727222,96,False,9
2024-09-18,lgbm_lagged,70.99820003354682,0.04900783630232079,13759.894781727222,96,False,9
2024-09-18,lgbm_perfect,78.26391583571643,0.1265749888637458,13759.894781727222,96,False,9
2024-09-19,sn_day,59.98035113116899,0.041512306191106456,13211.456744134166,96,False,9
2024-09-19,sn_week,172.4630347735764,0.26421576133777575,13211.456744134166,96,False,9
2024-09-19,lgbm_lagged,49.60789475748504,0.010881830412857767,13211.456744134166,96,False,9
2024-09-19,lgbm_perfect,54.86806591489546,0.002652761077449205,13211.456744134166,96,False,9
2024-09-20,sn_day,63.33869155234953,0.058798715409808924,12477.779347343334,96,False,9
2024-09-20,sn_week,88.20620283180556,0.003059448311415409,12477.779347343334,96,False,9
2024-09-20,lgbm_lagged,51.133577212835235,0.05320624673851954,12477.779347343334,96,False,9
2024-09-20,lgbm_perfect,43.87010904066903,0.040847591239024955,12477.779347343334,96,False,9
2024-09-21,sn_day,97.53218363855324,0.18455008291532152,10533.771030291944,96,False,9
2024-09-21,sn_week,53.53142064796296,0.017779314799755978,10533.771030291944,96,False,9
2024-09-21,lgbm_lagged,51.702039475200195,0.05423255459763429,10533.771030291944,96,False,9
2024-09-21,lgbm_perfect,47.80467673630833,0.05642949030843892,10533.771030291944,96,False,9
2024-09-22,sn_day,42.38588648762732,0.029364179462144622,10233.279183851111,96,False,9
2024-09-22,sn_week,55.34789140892361,0.04400995603729079,10233.279183851111,96,False,9
2024-09-22,lgbm_lagged,45.75083849121173,0.09332340636313967,10233.279183851111,96,False,9
2024-09-22,lgbm_perfect,43.64701051019291,0.06595054691190572,10233.279183851111,96,False,9
2024-09-23,sn_day,104.18183002216436,0.16029972181776195,12186.82361997528,96,False,9
2024-09-23,sn_week,81.89630600365741,0.13034707706386667,12186.82361997528,96,False,9
2024-09-23,lgbm_lagged,52.40680832728477,0.01917235955137355,12186.82361997528,96,False,9
2024-09-23,lgbm_perfect,61.64115880117294,0.07606889639481577,12186.82361997528,96,False,9
2024-09-24,sn_day,46.94313905545138,0.0016939917393294047,12166.214153699999,96,False,9
2024-09-24,sn_week,55.77629544828704,0.016128898069722487,12166.214153699999,96,False,9
2024-09-24,lgbm_lagged,41.13959646085308,0.029077110604942724,12166.214153699999,96,False,9
2024-09-24,lgbm_perfect,42.55698938962103,0.06102867707267029,12166.214153699999,96,False,9
2024-09-25,sn_day,53.532134914942134,0.01966968306619907,12410.321239225279,96,False,9
2024-09-25,sn_week,73.68177052140045,0.10874606035469479,12410.321239225279,96,False,9
2024-09-25,lgbm_lagged,43.86002555881421,0.002337984099100191,12410.321239225279,96,False,9
2024-09-25,lgbm_perfect,62.018925793533406,0.10198865863484131,12410.321239225279,96,False,9
2024-09-26,sn_day,95.07756423997684,0.10340610115876016,13841.630257873056,96,False,9
2024-09-26,sn_week,96.03382645525464,0.045527405515000646,13841.630257873056,96,False,9
2024-09-26,lgbm_lagged,95.22220850466447,0.11293028997780076,13841.630257873056,96,False,9
2024-09-26,lgbm_perfect,49.36653457493569,0.01574409932954823,13841.630257873056,96,False,9
2024-09-27,sn_day,126.80175849030093,0.21644388146197371,11378.765982395833,96,False,9
2024-09-27,sn_week,58.34433019697917,0.09658458277881733,11378.765982395833,96,False,9
2024-09-27,lgbm_lagged,67.25781735743134,0.11140965250156544,11378.765982395833,96,False,9
2024-09-27,lgbm_perfect,84.86370665731657,0.17240246598620879,11378.765982395833,96,False,9
2024-09-28,sn_day,179.67745895270832,0.604666379065303,7091.047790895834,96,False,9
2024-09-28,sn_week,143.4468016415046,0.4855027551522369,7091.047790895834,96,False,9
2024-09-28,lgbm_lagged,89.51384133575175,0.28220920403783173,7091.047790895834,96,False,9
2024-09-28,lgbm_perfect,36.921543816501526,0.11348741327014111,7091.047790895834,96,False,9
2024-09-29,sn_day,40.041366270678246,0.14083359984595037,6215.672287223444,96,False,9
2024-09-29,sn_week,167.4002873594861,0.6463672328552479,6215.672287223444,96,False,9
2024-09-29,lgbm_lagged,32.03165839124118,0.11139738951719878,6215.672287223444,96,False,9
2024-09-29,lgbm_perfect,17.73950711052384,0.03159672371427468,6215.672287223444,96,False,9
2024-09-30,sn_day,50.64252500417361,0.12436737785115112,7098.493283598611,96,False,9
2024-09-30,sn_week,212.01376401569442,0.7168183631494708,7098.493283598611,96,False,9
2024-09-30,lgbm_lagged,29.475932208661874,0.06909051583322619,7098.493283598611,96,False,9
2024-09-30,lgbm_perfect,23.106725372793203,0.04792694748597773,7098.493283598611,96,False,9
2024-10-01,sn_day,29.319889839120364,0.02286601097860519,6939.807567569167,96,False,10
2024-10-01,sn_week,217.76694108878473,0.7531054046159245,6939.807567569167,96,False,10
2024-10-01,lgbm_lagged,43.4059591332661,0.14195441938137215,6939.807567569167,96,False,10
2024-10-01,lgbm_perfect,35.70143484724402,0.11384542810951384,6939.807567569167,96,False,10
2024-10-02,sn_day,26.746811081655096,0.051867849909520536,6597.60403188111,96,False,10
2024-10-02,sn_week,242.1965503060069,0.8810345663752794,6597.60403188111,96,False,10
2024-10-02,lgbm_lagged,40.06689713949911,0.14207437355857322,6597.60403188111,96,False,10
2024-10-02,lgbm_perfect,32.52827786410669,0.11300293711937705,6597.60403188111,96,False,10
2024-10-03,sn_day,27.581612376319445,0.08384539926076261,7201.409048819445,96,False,10
2024-10-03,sn_week,276.6758837105671,0.922072494985154,7201.409048819445,96,False,10
2024-10-03,lgbm_lagged,36.13463055341783,0.10974251310590201,7201.409048819445,96,False,10
2024-10-03,lgbm_perfect,22.57104372021536,0.05738362592424279,7201.409048819445,96,False,10
2024-10-04,sn_day,29.086803563564818,0.0339875696637238,7454.778864815001,96,False,10
2024-10-04,sn_week,163.99200611957176,0.526372034467881,7454.778864815001,96,False,10
2024-10-04,lgbm_lagged,21.053727770060277,0.006948317209442379,7454.778864815001,96,False,10
2024-10-04,lgbm_perfect,19.310273874227025,0.001497627173524778,7454.778864815001,96,False,10
2024-10-05,sn_day,29.691151673888886,0.05030314491922301,7097.740210411666,96,False,10
2024-10-05,sn_week,22.304402347395833,0.0009428944026460032,7097.740210411666,96,False,10
2024-10-05,lgbm_lagged,19.5073110199684,0.029041412499146702,7097.740210411666,96,False,10
2024-10-05,lgbm_perfect,23.474687566679446,0.06785872021444746,7097.740210411666,96,False,10
2024-10-06,sn_day,29.07064313959491,0.08704080479107255,6529.414700100278,96,False,10
2024-10-06,sn_week,21.0362706949375,0.04805061820809389,6529.414700100278,96,False,10
2024-10-06,lgbm_lagged,19.400066127394336,0.021186006519081667,6529.414700100278,96,False,10
2024-10-06,lgbm_perfect,19.000907014355892,0.038546083619489586,6529.414700100278,96,False,10
2024-10-07,sn_day,63.09762184804398,0.1557920622339849,7734.367811535555,96,False,10
2024-10-07,sn_week,37.504059852719905,0.08221415679101247,7734.367811535555,96,False,10
2024-10-07,lgbm_lagged,37.19249700810817,0.10198223368268149,7734.367811535555,96,False,10
2024-10-07,lgbm_perfect,19.390954976481954,0.026684391079838072,7734.367811535555,96,False,10
2024-10-08,sn_day,74.45394191826388,0.1779293447246402,9408.397881499444,96,False,10
2024-10-08,sn_week,107.40285996186344,0.26238158133006706,9408.397881499444,96,False,10
2024-10-08,lgbm_lagged,61.376135154089894,0.11352739101108208,9408.397881499444,96,False,10
2024-10-08,lgbm_perfect,45.72032383404403,0.09015241089615252,9408.397881499444,96,False,10
2024-10-09,sn_day,55.03732657393519,0.10571843572956022,8508.855037125,96,False,10
2024-10-09,sn_week,81.13963138037036,0.22461905825224518,8508.855037125,96,False,10
2024-10-09,lgbm_lagged,65.68716382709884,0.1846816021545569,8508.855037125,96,False,10
2024-10-09,lgbm_perfect,53.173325436262694,0.1497576493917021,8508.855037125,96,False,10
2024-10-10,sn_day,62.99822782950232,0.12474181502725384,9721.5372369125,96,False,10
2024-10-10,sn_week,109.0193808991088,0.259231449376563,9721.5372369125,96,False,10
2024-10-10,lgbm_lagged,57.84410112432133,0.015821900755638836,9721.5372369125,96,False,10
2024-10-10,lgbm_perfect,48.726220884082544,0.07141578669582634,9721.5372369125,96,False,10
2024-10-11,sn_day,88.75077312092593,0.2534526866540307,7755.807092219166,96,False,10
2024-10-11,sn_week,40.76970570262731,0.03881326905437929,7755.807092219166,96,False,10
2024-10-11,lgbm_lagged,41.685367827928275,0.1121011790068466,7755.807092219166,96,False,10
2024-10-11,lgbm_perfect,45.751639815784436,0.1323937692014974,7755.807092219166,96,False,10
2024-10-12,sn_day,70.8909667408912,0.27435754778430377,6086.052619772222,96,False,10
2024-10-12,sn_week,42.72725633398147,0.16623050338945441,6086.052619772222,96,False,10
2024-10-12,lgbm_lagged,53.953926495792366,0.21133275771747945,6086.052619772222,96,False,10
2024-10-12,lgbm_perfect,24.001249766656894,0.0922631141825245,6086.052619772222,96,False,10
2024-10-13,sn_day,16.19884881580787,0.000756739831763545,6090.661666056722,96,False,10
2024-10-13,sn_week,22.458113122532406,0.07203700650271351,6090.661666056722,96,False,10
2024-10-13,lgbm_lagged,12.648846855504635,0.02827914596109323,6090.661666056722,96,False,10
2024-10-13,lgbm_perfect,12.699051305917834,0.02830707927494705,6090.661666056722,96,False,10
2024-10-14,sn_day,76.3884377713507,0.03197996399031634,6291.875621875862,96,True,10
2024-10-14,sn_week,82.65568123357524,0.22926266766055817,6291.875621875862,96,True,10
2024-10-14,lgbm_lagged,69.03301365395016,0.14931692645693123,6291.875621875862,96,True,10
2024-10-14,lgbm_perfect,62.55608880941052,0.11699387353458408,6291.875621875862,96,True,10
2024-10-16,sn_day,317.2189172055163,0.07456492083309248,13053.512182687222,80,False,10
2024-10-16,sn_week,278.6815978621806,0.4269833190668699,13053.512182687222,80,False,10
2024-10-16,lgbm_lagged,197.3452367009558,0.2697402460877513,13053.512182687222,80,False,10
2024-10-16,lgbm_perfect,196.07447696653927,0.27134678957412256,13053.512182687222,80,False,10
2024-10-17,sn_day,32.93146298320602,0.04016405740919619,15993.34634104639,96,False,10
2024-10-17,sn_week,261.325379338912,0.39215114650756366,15993.34634104639,96,False,10
2024-10-17,lgbm_lagged,205.27071212942204,0.3080341653367713,15993.34634104639,96,False,10
2024-10-17,lgbm_perfect,202.56774595252455,0.303978029312314,15993.34634104639,96,False,10
2024-10-18,sn_day,44.67083945501157,0.03222610257166826,16525.912078787776,96,False,10
2024-10-18,sn_week,365.4210411070255,0.5306881063360905,16525.912078787776,96,False,10
2024-10-18,lgbm_lagged,208.28133288247759,0.3024796432020068,16525.912078787776,96,False,10
2024-10-18,lgbm_perfect,211.26363584981416,0.30681073675223514,16525.912078787776,96,False,10
2024-10-19,sn_day,76.81254660562801,0.11482339889875175,14823.793701417151,96,False,10
2024-10-19,sn_week,376.5978809203827,0.5894402780854677,14823.793701417151,96,False,10
2024-10-19,lgbm_lagged,120.50762771081038,0.14805209560767466,14823.793701417151,96,False,10
2024-10-19,lgbm_perfect,135.52634656021573,0.17360916496151407,14823.793701417151,96,False,10
2024-10-20,sn_day,311.9251874263172,0.20423956258142528,12309.671731462346,96,True,10
2024-10-20,sn_week,369.739422529849,0.5052133152755347,12309.671731462346,96,True,10
2024-10-20,lgbm_lagged,330.0814793109508,0.35681638142415306,12309.671731462346,96,True,10
2024-10-20,lgbm_perfect,342.4827493820007,0.41700322423850283,12309.671731462346,96,True,10
2024-10-21,sn_day,349.7976641688374,0.24658394313705506,16338.478081708334,96,False,10
2024-10-21,sn_week,418.60843582635306,0.6149044243649657,16338.478081708334,96,False,10
2024-10-21,lgbm_lagged,168.99574207855696,0.23012990835810004,16338.478081708334,96,False,10
2024-10-21,lgbm_perfect,172.7634030845329,0.23655698788877477,16338.478081708334,96,False,10
2024-10-22,sn_day,66.89663932765276,0.03708260027519336,14581.535968315278,80,False,10
2024-10-22,sn_week,348.25745986605796,0.17154282604790222,14581.535968315278,80,False,10
2024-10-22,lgbm_lagged,128.19663293949782,0.17583419636732475,14581.535968315278,80,False,10
2024-10-22,lgbm_perfect,136.5349717166892,0.1868714514150892,14581.535968315278,80,False,10
2024-10-23,sn_day,71.82173068777777,0.10775752161874104,15546.234921255556,96,False,10
2024-10-23,sn_week,54.475043612152774,0.012559070527691646,15546.234921255556,96,False,10
2024-10-23,lgbm_lagged,140.60128976552093,0.217057761667992,15546.234921255556,96,False,10
2024-10-23,lgbm_perfect,126.7661861769639,0.19569937567889403,15546.234921255556,96,False,10
2024-10-24,sn_day,57.28620408452546,0.06348302395935895,16600.056719720276,96,False,10
2024-10-24,sn_week,34.68098028761574,0.0365486931109781,16600.056719720276,96,False,10
2024-10-24,lgbm_lagged,177.85098076897296,0.25713306951443216,16600.056719720276,96,False,10
2024-10-24,lgbm_perfect,184.2342974207701,0.26636192952556315,16600.056719720276,96,False,10
2024-10-25,sn_day,34.64552561668981,0.0011676931373042234,16580.69555530861,96,False,10
2024-10-25,sn_week,43.02564240195602,0.003304051771416517,16580.69555530861,96,False,10
2024-10-25,lgbm_lagged,162.86056050275675,0.23573519211108945,16580.69555530861,96,False,10
2024-10-25,lgbm_perfect,164.69793705938784,0.23839473297365754,16580.69555530861,96,False,10
2024-10-26,sn_day,47.64335030893519,0.05749330279794879,15679.244030613612,96,False,10
2024-10-26,sn_week,49.368756241102545,0.05455941163529316,15679.244030613612,96,False,10
2024-10-26,lgbm_lagged,123.63459779279775,0.18924575325402496,15679.244030613612,96,False,10
2024-10-26,lgbm_perfect,143.17221811345019,0.21915171598922625,15679.244030613612,96,False,10
2024-10-27,sn_day,30.905276018356364,0.025961447142409583,15282.488512881946,96,False,10
2024-10-27,sn_week,301.5592129481083,0.19452439168619348,15282.488512881946,96,False,10
2024-10-27,lgbm_lagged,130.29165523436328,0.19198815787274887,15282.488512881946,96,False,10
2024-10-27,lgbm_perfect,125.94655572370044,0.1908151924257629,15282.488512881946,96,False,10
2024-10-28,sn_day,84.48798722370358,0.11068143410506488,17156.787352436666,96,False,10
2024-10-28,sn_week,49.32260167450232,0.03957027495444307,17156.787352436666,96,False,10
2024-10-28,lgbm_lagged,131.597553467896,0.18408698658731962,17156.787352436666,96,False,10
2024-10-28,lgbm_perfect,154.9549658579119,0.21673333167746847,17156.787352436666,96,False,10
2024-10-29,sn_day,46.80013084244214,0.03287302742520624,17739.953324598056,96,False,10
2024-10-29,sn_week,34.02023504052084,0.03012947193745731,17739.953324598056,96,False,10
2024-10-29,lgbm_lagged,154.89638703641992,0.20955597914225688,17739.953324598056,96,False,10
2024-10-29,lgbm_perfect,129.80021582253275,0.17526350249547928,17739.953324598056,96,False,10
2024-10-30,sn_day,35.50128052684027,0.003924825229315231,17670.599310606667,96,False,10
2024-10-30,sn_week,95.42486854549769,0.12165409009827483,17670.599310606667,96,False,10
2024-10-30,lgbm_lagged,140.61688014441813,0.1909841915458028,17670.599310606667,96,False,10
2024-10-30,lgbm_perfect,174.50029547439712,0.23700424743781642,17670.599310606667,96,False,10
2024-10-31,sn_day,56.25624648064815,0.005228246023118885,17578.693575827223,96,False,10
2024-10-31,sn_week,48.867614313692116,0.051972777061578934,17578.693575827223,96,False,10
2024-10-31,lgbm_lagged,104.40562436048465,0.14254386845318887,17578.693575827223,96,False,10
2024-10-31,lgbm_perfect,182.65850538163943,0.24938167960260682,17578.693575827223,96,False,10
2024-11-01,sn_day,52.70389324957176,0.07313544879701249,16380.684838556943,96,False,11
2024-11-01,sn_week,36.09241800416667,0.008767237325977463,16380.684838556943,96,False,11
2024-11-01,lgbm_lagged,21.37595335207674,0.016679280854275412,16380.684838556943,96,False,11
2024-11-01,lgbm_perfect,21.4254375670706,0.0032298685224627656,16380.684838556943,96,False,11
2024-11-02,sn_day,41.03655508378472,0.05598461735812333,15512.238122879444,96,False,11
2024-11-02,sn_week,23.825617705624996,0.010919599558883393,15512.238122879444,96,False,11
2024-11-02,lgbm_lagged,21.483507481010047,0.01674216678718809,15512.238122879444,96,False,11
2024-11-02,lgbm_perfect,20.372332643260307,0.00997214966506184,15512.238122879444,96,False,11
2024-11-03,sn_day,90.86513171162615,0.04004236832467999,14915.00596063875,96,False,11
2024-11-03,sn_week,83.42531986579293,0.022986485147868118,14915.00596063875,96,False,11
2024-11-03,lgbm_lagged,80.7708991465595,0.008845486299740355,14915.00596063875,96,False,11
2024-11-03,lgbm_perfect,118.5634412317175,0.10138906297765309,14915.00596063875,96,False,11
2024-11-04,sn_day,65.61375357781135,0.02011873914042277,15221.23807894328,96,False,11
2024-11-04,sn_week,115.25969810352085,0.12716109316830032,15221.23807894328,96,False,11
2024-11-04,lgbm_lagged,93.70699646741191,0.02038245303489806,15221.23807894328,96,False,11
2024-11-04,lgbm_perfect,83.11707142091682,0.024810885735615018,15221.23807894328,96,False,11
2024-11-05,sn_day,84.88471374312734,0.039431193313643906,15846.067426915,96,False,11
2024-11-05,sn_week,85.9827899764236,0.11951772301979711,15846.067426915,96,False,11
2024-11-05,lgbm_lagged,73.67106376542398,0.09643947061196438,15846.067426915,96,False,11
2024-11-05,lgbm_perfect,105.72766120996546,0.13781194599958155,15846.067426915,96,False,11
2024-11-06,sn_day,53.71686177297454,0.03107216798877146,16354.228770601943,96,False,11
2024-11-06,sn_week,66.5825865082986,0.08049114137201058,16354.228770601943,96,False,11
2024-11-06,lgbm_lagged,75.33700624367778,0.10612062016983448,16354.228770601943,96,False,11
2024-11-06,lgbm_perfect,111.90295175205853,0.16000420087184447,16354.228770601943,96,False,11
2024-11-07,sn_day,40.5085082283449,0.03833796925076257,15750.390773442221,96,False,11
2024-11-07,sn_week,76.32882160557871,0.11607983755347992,15750.390773442221,96,False,11
2024-11-07,lgbm_lagged,34.133541821505084,0.020253917585971493,15750.390773442221,96,False,11
2024-11-07,lgbm_perfect,47.65370932210174,0.05289381272139653,15750.390773442221,96,False,11
2024-11-12,sn_day,89.093763333669,0.16747095123085864,10462.077832086667,96,False,11
2024-11-12,sn_week,224.3328997845139,0.5146195317258976,10462.077832086667,96,False,11
2024-11-12,lgbm_lagged,49.96325499609532,0.08753273268650638,10462.077832086667,96,False,11
2024-11-12,lgbm_perfect,47.02726351142953,0.09630824245540874,10462.077832086667,96,False,11
2024-11-13,sn_day,93.87711701558392,0.23564902965463966,8466.868488547098,96,False,11
2024-11-13,sn_week,328.6400117522853,0.9315557803601017,8466.868488547098,96,False,11
2024-11-13,lgbm_lagged,75.51156361140067,0.13678862081962953,8466.868488547098,96,False,11
2024-11-13,lgbm_perfect,75.39844188294272,0.10155362976555328,8466.868488547098,96,False,11
2024-11-14,sn_day,140.86441714416029,0.3738368673230258,6162.935855000833,96,False,11
2024-11-14,sn_week,399.4772882683912,1.5556635902127351,6162.935855000833,96,False,11
2024-11-14,lgbm_lagged,228.51777698211708,0.8899048727110382,6162.935855000833,96,False,11
2024-11-14,lgbm_perfect,209.27952978326607,0.8149863689921057,6162.935855000833,96,False,11
2024-11-18,sn_day,130.8003098887991,0.10132437240373161,7970.835098321322,96,False,11
2024-11-18,sn_week,96.34466115921573,0.0927316395656181,7970.835098321322,96,False,11
2024-11-18,lgbm_lagged,217.72791721064064,0.4686100022009517,7970.835098321322,96,False,11
2024-11-18,lgbm_perfect,219.17005903451835,0.46735893507638165,7970.835098321322,96,False,11
2024-11-19,sn_day,272.9939886129889,0.38851434672917823,13035.195602195277,96,True,11
2024-11-19,sn_week,256.85199702068286,0.1973977106776417,13035.195602195277,96,True,11
2024-11-19,lgbm_lagged,240.97277386726296,0.3693839687255665,13035.195602195277,96,True,11
2024-11-19,lgbm_perfect,244.4175025325952,0.38215409806643086,13035.195602195277,96,True,11
2024-11-20,sn_day,262.3413883978102,0.19833129645207095,16260.077940557832,96,False,11
2024-11-20,sn_week,337.10288508907234,0.47928487676999254,16260.077940557832,96,False,11
2024-11-20,lgbm_lagged,151.5420918940823,0.1725536630818824,16260.077940557832,96,False,11
2024-11-20,lgbm_perfect,181.65928295508004,0.2256422545740593,16260.077940557832,96,False,11
2024-11-21,sn_day,218.67511318768288,0.3813181958709828,11771.420943532223,96,False,11
2024-11-21,sn_week,233.68687868880784,0.47644928470703934,11771.420943532223,96,False,11
2024-11-21,lgbm_lagged,159.21330997139577,0.2985490099799215,11771.420943532223,96,False,11
2024-11-21,lgbm_perfect,147.74159628666112,0.2956996810898469,11771.420943532223,96,False,11
2024-11-22,sn_day,85.81430297376157,0.1655863583397466,10099.140968241389,96,False,11
2024-11-22,sn_week,73.69720304623611,0.06630672503806986,10099.140968241389,96,False,11
2024-11-22,lgbm_lagged,80.07018014414584,0.16070035292522522,10099.140968241389,96,False,11
2024-11-22,lgbm_perfect,76.04865256070441,0.16264278031975793,10099.140968241389,96,False,11
2024-11-23,sn_day,112.0794211305139,0.3541722632916307,7457.7963542785,96,False,11
2024-11-23,sn_week,61.209011387171294,0.01859666001546763,7457.7963542785,96,False,11
2024-11-23,lgbm_lagged,23.49602279855783,0.03865615629561251,7457.7963542785,96,False,11
2024-11-23,lgbm_perfect,27.768433945916556,0.06395031320719002,7457.7963542785,96,False,11
2024-11-24,sn_day,21.808960515270826,0.011223119860800273,7375.025558459444,96,False,11
2024-11-24,sn_week,88.98758642457176,0.028722656257941865,7375.025558459444,96,False,11
2024-11-24,lgbm_lagged,14.14547195622523,0.00880033297722243,7375.025558459444,96,False,11
2024-11-24,lgbm_perfect,13.733348930056101,0.010165179869176585,7375.025558459444,96,False,11
2024-11-25,sn_day,55.854730782071755,0.1070031584229445,8258.73644237639,96,False,11
2024-11-25,sn_week,81.10172448410002,0.0348602169428507,8258.73644237639,96,False,11
2024-11-25,lgbm_lagged,38.25577392563722,0.054923999922421106,8258.73644237639,96,False,11
2024-11-25,lgbm_perfect,38.41930409984845,0.043584852692581284,8258.73644237639,96,False,11
2024-11-26,sn_day,60.762258773842596,0.06519989838847183,8834.762028950277,96,False,11
2024-11-26,sn_week,212.90210639305556,0.4754438839983202,8834.762028950277,96,False,11
2024-11-26,lgbm_lagged,51.71597407978754,0.0765250470781702,8834.762028950277,96,False,11
2024-11-26,lgbm_perfect,60.18660999289538,0.06089348801347038,8834.762028950277,96,False,11
2024-11-27,sn_day,73.82827552775463,0.09650880712941431,9778.470558058612,96,False,11
2024-11-27,sn_week,304.91085491123613,0.662844699896101,9778.470558058612,96,False,11
2024-11-27,lgbm_lagged,45.018232684465126,0.05183336042416623,9778.470558058612,96,False,11
2024-11-27,lgbm_perfect,53.884437970706614,0.09276459835796537,9778.470558058612,96,False,11
2024-11-28,sn_day,62.78008718055556,0.006281936809635099,9717.426300089166,96,False,11
2024-11-28,sn_week,143.7615000458912,0.211372289329759,9717.426300089166,96,False,11
2024-11-28,lgbm_lagged,56.43579869837517,0.011272113289483509,9717.426300089166,96,False,11
2024-11-28,lgbm_perfect,55.862996494250694,0.007589229954084176,9717.426300089166,96,False,11
2024-11-29,sn_day,62.075643309768516,0.09282881347382303,8891.993128548611,96,False,11
2024-11-29,sn_week,123.45291345407406,0.13575672205786035,8891.993128548611,96,False,11
2024-11-29,lgbm_lagged,54.07803912944663,0.018463562144537645,8891.993128548611,96,False,11
2024-11-29,lgbm_perfect,55.13763672476083,0.02611796438805773,8891.993128548611,96,False,11
2024-11-30,sn_day,67.61904126559027,0.11605783426049883,7967.322889176667,96,False,11
2024-11-30,sn_week,37.51937230990046,0.06395203784075838,7967.322889176667,96,False,11
2024-11-30,lgbm_lagged,22.893122061334754,0.020956264399423958,7967.322889176667,96,False,11
2024-11-30,lgbm_perfect,23.23939708559274,0.018928589057321542,7967.322889176667,96,False,11
2024-12-01,sn_day,93.50832750088081,0.044650809127286153,7626.780948777194,96,True,12
2024-12-01,sn_week,86.01679412071879,0.03300939046349739,7626.780948777194,96,True,12
2024-12-01,lgbm_lagged,99.05804763563312,0.09352580140934648,7626.780948777194,96,True,12
2024-12-01,lgbm_perfect,97.00262662362991,0.08790952821735913,7626.780948777194,96,True,12
2024-12-02,sn_day,105.45515847167944,0.014449598476227402,7518.1467469977215,96,False,12
2024-12-02,sn_week,67.6697126687176,0.09850694862725498,7518.1467469977215,96,False,12
2024-12-02,lgbm_lagged,74.2621088890145,0.21507260738828626,7518.1467469977215,96,False,12
2024-12-02,lgbm_perfect,55.06013836073752,0.14296225230186213,7518.1467469977215,96,False,12
2024-12-03,sn_day,59.16350628531482,0.015669626456850355,7637.828669185277,96,False,12
2024-12-03,sn_week,64.7864430169676,0.15671120832992924,7637.828669185277,96,False,12
2024-12-03,lgbm_lagged,43.13791614343159,0.10251592339453106,7637.828669185277,96,False,12
2024-12-03,lgbm_perfect,36.07600636118526,0.0705315838979649,7637.828669185277,96,False,12
2024-12-04,sn_day,60.23509590360161,0.0254589171994532,7837.35935198995,96,False,12
2024-12-04,sn_week,92.22627793860163,0.24767413600549065,7837.35935198995,96,False,12
2024-12-04,lgbm_lagged,51.82268578163442,0.075443743259687,7837.35935198995,96,False,12
2024-12-04,lgbm_perfect,49.53621703802839,0.05592608851139243,7837.35935198995,96,False,12
2024-12-05,sn_day,50.78459712864791,0.01842224276217326,7695.589337025278,96,False,12
2024-12-05,sn_week,86.15636478805557,0.2627267223494318,7695.589337025278,96,False,12
2024-12-05,lgbm_lagged,28.336044411385263,0.06919785308549392,7695.589337025278,96,False,12
2024-12-05,lgbm_perfect,30.58328179946803,0.0740489377523934,7695.589337025278,96,False,12
2024-12-06,sn_day,25.646826303078708,0.006615886030161125,7746.841557865834,96,False,12
2024-12-06,sn_week,62.135504793888884,0.14782173639785307,7746.841557865834,96,False,12
2024-12-06,lgbm_lagged,20.265859706799485,0.023731570682709452,7746.841557865834,96,False,12
2024-12-06,lgbm_perfect,21.660831657111085,0.0329846253980636,7746.841557865834,96,False,12
2024-12-07,sn_day,27.102882811631943,0.061573798025691975,7297.506374284444,96,False,12
2024-12-07,sn_week,33.241682080347225,0.09178704074210574,7297.506374284444,96,False,12
2024-12-07,lgbm_lagged,20.448557336118593,0.03059362256912288,7297.506374284444,96,False,12
2024-12-07,lgbm_perfect,19.382025914194525,0.016908839881465184,7297.506374284444,96,False,12
2024-12-08,sn_day,29.8074951133912,0.08121746235364148,6749.3419486575,96,False,12
2024-12-08,sn_week,100.11547384478128,0.1300036369166661,6749.3419486575,96,False,12
2024-12-08,lgbm_lagged,15.935436027525432,0.02609289362445966,6749.3419486575,96,False,12
2024-12-08,lgbm_perfect,20.043854304878845,0.05053239321458141,6749.3419486575,96,False,12
2024-12-09,sn_day,51.91260813166667,0.1392790975239917,7841.498828763057,96,False,12
2024-12-09,sn_week,52.687270451472216,0.0412360045989246,7841.498828763057,96,False,12
2024-12-09,lgbm_lagged,20.49954645724201,0.023194966472411045,7841.498828763057,96,False,12
2024-12-09,lgbm_perfect,22.992093826075422,0.014026306894715795,7841.498828763057,96,False,12
2024-12-10,sn_day,37.54357912086805,0.06772088907100014,8411.106434583888,96,False,12
2024-12-10,sn_week,44.55382315396991,0.0919353204495344,8411.106434583888,96,False,12
2024-12-10,lgbm_lagged,36.20270887694268,0.027656118116496615,8411.106434583888,96,False,12
2024-12-10,lgbm_perfect,23.909442164557152,0.025224147178236837,8411.106434583888,96,False,12
2024-12-11,sn_day,28.794499594733796,0.03377729883301313,8705.142638881389,96,False,12
2024-12-11,sn_week,53.26305238394884,0.09968628004043245,8705.142638881389,96,False,12
2024-12-11,lgbm_lagged,33.783086128786415,0.0795246366546843,8705.142638881389,96,False,12
2024-12-11,lgbm_perfect,29.82025594249144,0.06326022631874616,8705.142638881389,96,False,12
2024-12-12,sn_day,39.730249637488434,0.041927060927242264,9086.095936815,96,False,12
2024-12-12,sn_week,59.65132153987269,0.1530367508178814,9086.095936815,96,False,12
2024-12-12,lgbm_lagged,54.33543560268225,0.1399807738518683,9086.095936815,96,False,12
2024-12-12,lgbm_perfect,33.71378427997309,0.08112130252803057,9086.095936815,96,False,12
2024-12-13,sn_day,36.028466474270836,0.06992727999211308,8492.2556015975,96,False,12
2024-12-13,sn_week,39.77351393884259,0.08777574282990783,8492.2556015975,96,False,12
2024-12-13,lgbm_lagged,35.77470664275174,0.07918716349670882,8492.2556015975,96,False,12
2024-12-13,lgbm_perfect,25.25435399974892,0.04018834299303464,8492.2556015975,96,False,12
2024-12-14,sn_day,58.245727702671296,0.17574973634588661,7222.842871298944,96,False,12
2024-12-14,sn_week,31.939191702266204,0.010337135157984175,7222.842871298944,96,False,12
2024-12-14,lgbm_lagged,23.723459646960283,0.010259432318391729,7222.842871298944,96,False,12
2024-12-14,lgbm_perfect,26.602414926123526,0.03905367434481108,7222.842871298944,96,False,12
2024-12-15,sn_day,36.934734468493055,0.09350982761637613,6605.192462735556,96,False,12
2024-12-15,sn_week,17.682236816516205,0.02182366172298405,6605.192462735556,96,False,12
2024-12-15,lgbm_lagged,14.662712569047699,0.021106140691875674,6605.192462735556,96,False,12
2024-12-15,lgbm_perfect,18.450776858508924,0.056741404146254365,6605.192462735556,96,False,12
2024-12-16,sn_day,75.2037048119074,0.17910428247117038,8046.323450948668,96,False,12
2024-12-16,sn_week,40.2181037784699,0.02545567841440212,8046.323450948668,96,False,12
2024-12-16,lgbm_lagged,44.783072792791955,0.10195939469397332,8046.323450948668,96,False,12
2024-12-16,lgbm_perfect,38.2084022801545,0.072871975295949,8046.323450948668,96,False,12
2024-12-17,sn_day,74.60591898331482,0.13490978063247486,9301.137928517333,96,False,12
2024-12-17,sn_week,60.93144888525,0.09569060267395937,9301.137928517333,96,False,12
2024-12-17,lgbm_lagged,47.533847355747184,0.06243321705910208,9301.137928517333,96,False,12
2024-12-17,lgbm_perfect,57.11058264836208,0.10249212548236641,9301.137928517333,96,False,12
2024-12-18,sn_day,53.6423160984213,0.014981424169212191,9442.601547562223,96,False,12
2024-12-18,sn_week,42.40027518663195,0.07809912395077413,9442.601547562223,96,False,12
2024-12-18,lgbm_lagged,29.591209793664984,0.030559339424948845,9442.601547562223,96,False,12
2024-12-18,lgbm_perfect,30.191751241182157,0.026674574442048096,9442.601547562223,96,False,12
2024-12-19,sn_day,46.882297446956024,0.056046388260547156,8941.464742960277,96,False,12
2024-12-19,sn_week,34.70542093278935,0.016175335698616074,8941.464742960277,96,False,12
2024-12-19,lgbm_lagged,26.738942831099006,0.004120787049433271,8941.464742960277,96,False,12
2024-12-19,lgbm_perfect,27.412918002670153,0.0012435929121944137,8941.464742960277,96,False,12
2024-12-20,sn_day,35.78602426247685,0.04589337286887958,8549.116931904722,96,False,12
2024-12-20,sn_week,35.992747406550926,0.0066511349371089976,8549.116931904722,96,False,12
2024-12-20,lgbm_lagged,24.042529474332554,0.0067853960241033295,8549.116931904722,96,False,12
2024-12-20,lgbm_perfect,21.84991951977828,0.005517139759226641,8549.116931904722,96,False,12
2024-12-21,sn_day,63.18290912815045,0.13964014144939754,7501.593372300778,96,False,12
2024-12-21,sn_week,51.6565294541551,0.03715883908492093,7501.593372300778,96,False,12
2024-12-21,lgbm_lagged,41.96437830670802,0.007148296419690378,7501.593372300778,96,False,12
2024-12-21,lgbm_perfect,40.62404146201919,0.01718283330424129,7501.593372300778,96,False,12
2024-12-22,sn_day,55.63867317662269,0.09506814108385821,6850.343910905834,96,False,12
2024-12-22,sn_week,22.934670976076386,0.035786735871755834,6850.343910905834,96,False,12
2024-12-22,lgbm_lagged,25.427384136912284,0.05637555818224599,6850.343910905834,96,False,12
2024-12-22,lgbm_perfect,27.06465073143667,0.06562048819029584,6850.343910905834,96,False,12
2024-12-23,sn_day,34.29660998818287,0.008362946136222448,6908.116113868889,96,False,12
2024-12-23,sn_week,65.64230610276388,0.16476378195130337,6908.116113868889,96,False,12
2024-12-23,lgbm_lagged,43.100426722468434,0.13526423461627926,6908.116113868889,96,False,12
2024-12-23,lgbm_perfect,57.991989415454476,0.19622170867383298,6908.116113868889,96,False,12
2024-12-24,sn_day,27.619198467800928,0.04507812102791875,6610.143275293333,96,False,12
2024-12-24,sn_week,122.83055474439351,0.40710080570902357,6610.143275293333,96,False,12
2024-12-24,lgbm_lagged,22.7315793309817,0.042925399349652,6610.143275293333,96,False,12
2024-12-24,lgbm_perfect,22.351970582332665,0.0634151209576291,6610.143275293333,96,False,12
2024-12-25,sn_day,20.468223507604165,0.005415390145729462,6574.5395784475,96,False,12
2024-12-25,sn_week,119.50258204644676,0.43623769161216014,6574.5395784475,96,False,12
2024-12-25,lgbm_lagged,25.65416425592967,0.07237948873142175,6574.5395784475,96,False,12
2024-12-25,lgbm_perfect,17.4147073056764,0.04051722984345932,6574.5395784475,96,False,12
2024-12-26,sn_day,22.672975413194447,0.005547891645737677,6611.2178989975,96,False,12
2024-12-26,sn_week,97.09361849844908,0.3524686191807605,6611.2178989975,96,False,12
2024-12-26,lgbm_lagged,73.4816495818447,0.24982847496422134,6611.2178989975,96,False,12
2024-12-26,lgbm_perfect,79.13249058744462,0.24717578045548771,6611.2178989975,96,False,12
2024-12-27,sn_day,26.87530548268518,0.03943312853717315,6360.407146443056,96,False,12
2024-12-27,sn_week,91.19624106090278,0.3441147296184746,6360.407146443056,96,False,12
2024-12-27,lgbm_lagged,50.20169337572438,0.1842776076900514,6360.407146443056,96,False,12
2024-12-27,lgbm_perfect,55.248740965533585,0.20625024948645274,6360.407146443056,96,False,12
2024-12-28,sn_day,32.416676725687495,0.01477907093145729,6267.775251419889,96,False,12
2024-12-28,sn_week,72.9589517302037,0.19685104704438508,6267.775251419889,96,False,12
2024-12-28,lgbm_lagged,31.46536199634649,0.07872191957734281,6267.775251419889,96,False,12
2024-12-28,lgbm_perfect,29.014292657932316,0.06761586166007398,6267.775251419889,96,False,12
2024-12-29,sn_day,30.658897289344907,0.012889896677448416,6188.0124108058335,96,False,12
2024-12-29,sn_week,32.90222154891204,0.10703461081354683,6188.0124108058335,96,False,12
2024-12-29,lgbm_lagged,20.519402684144193,0.05428297495865954,6188.0124108058335,96,False,12
2024-12-29,lgbm_perfect,24.350575605601566,0.0803762627669237,6188.0124108058335,96,False,12
2024-12-30,sn_day,48.9536079442265,0.018303863571195737,6303.388779053841,96,False,12
2024-12-30,sn_week,52.47361459007141,0.0959368612681098,6303.388779053841,96,False,12
2024-12-30,lgbm_lagged,79.87264441471643,0.22413079575663114,6303.388779053841,96,False,12
2024-12-30,lgbm_perfect,84.35509326949001,0.23626860098792835,6303.388779053841,96,False,12
2024-12-31,sn_day,53.80101804169178,0.008371874094969187,6251.055727542222,96,False,12
2024-12-31,sn_week,26.100611013125004,0.05744430435469772,6251.055727542222,96,False,12
2024-12-31,lgbm_lagged,149.91554527236647,0.5755784691990645,6251.055727542222,96,False,12
2024-12-31,lgbm_perfect,157.08186623902722,0.6030924941408132,6251.055727542222,96,False,12
