month,adj_baseline,actual,avoided,avoided_pct,builder,injected,report_start,experiment
2024-07-01 00:00:00+02:00,765.7903510009289,761.7684322319978,4.021918768931073,0.005251984128128815,frozen_towt,0.0,2024-07-01,placebo_A
2024-08-01 00:00:00+02:00,705.8011307230786,535.4109746249821,170.39015609809644,0.24141383270884714,frozen_towt,0.0,2024-07-01,placebo_A
2024-09-01 00:00:00+02:00,463.0023051981844,430.57985804261915,32.42244715556524,0.07002653505512693,frozen_towt,0.0,2024-07-01,placebo_A
2024-10-01 00:00:00+02:00,266.5787061521109,374.8594270837749,-108.280720931664,-0.406186684955544,frozen_towt,0.0,2024-07-01,placebo_A
2024-11-01 00:00:00+01:00,212.64934586714293,308.1333324087013,-95.48398654155835,-0.449020833580245,frozen_towt,0.0,2024-07-01,placebo_A
2024-12-01 00:00:00+01:00,220.9472816323743,232.3396396340968,-11.3923580017225,-0.05156143093300331,frozen_towt,0.0,2024-07-01,placebo_A
total,2634.7691205738197,2643.091664026172,-8.32254345235242,-0.0031587372826579487,frozen_towt,0.0,2024-07-01,placebo_A
2024-10-01 00:00:00+02:00,277.02485747388897,374.8594270837749,-97.83456960988593,-0.3531617000077596,frozen_towt,0.0,2024-10-01,placebo_B
2024-11-01 00:00:00+01:00,215.27964955790742,308.1333324087013,-92.85368285079386,-0.4313165830652164,frozen_towt,0.0,2024-10-01,placebo_B
2024-12-01 00:00:00+01:00,220.32506582484865,232.3396396340968,-12.014573809248162,-0.05453112547257497,frozen_towt,0.0,2024-10-01,placebo_B
total,712.629572856645,915.3323991265729,-202.70282626992787,-0.28444346683140564,frozen_towt,0.0,2024-10-01,placebo_B
2024-07-01 00:00:00+02:00,765.7903510009289,723.6800106203979,42.110340380531056,0.05498938492172249,frozen_towt,0.05,2024-07-01,recovery_5
2024-08-01 00:00:00+02:00,705.8011307230786,508.6404258937329,197.16070482934566,0.2793431410734049,frozen_towt,0.05,2024-07-01,recovery_5
2024-09-01 00:00:00+02:00,463.0023051981844,409.05086514048816,53.95144005769623,0.11652520830237066,frozen_towt,0.05,2024-07-01,recovery_5
2024-10-01 00:00:00+02:00,266.5787061521109,356.11645572958605,-89.53774957747515,-0.33587735070776636,frozen_towt,0.05,2024-07-01,recovery_5
2024-11-01 00:00:00+01:00,212.64934586714293,292.72666578826625,-80.07731992112332,-0.3765697919012329,frozen_towt,0.05,2024-07-01,recovery_5
2024-12-01 00:00:00+01:00,220.9472816323743,220.72265765239197,0.22462397998233996,0.001016640613646848,frozen_towt,0.05,2024-07-01,recovery_5
total,2634.7691205738197,2510.9370808248636,123.83203974895605,0.046999199581474894,frozen_towt,0.05,2024-07-01,recovery_5
2024-07-01 00:00:00+02:00,765.7903510009289,685.5915890087981,80.19876199213081,0.10472678571531588,frozen_towt,0.1,2024-07-01,recovery_10
2024-08-01 00:00:00+02:00,705.8011307230786,481.8698771624839,223.9312535605947,0.3172724494379625,frozen_towt,0.1,2024-07-01,recovery_10
2024-09-01 00:00:00+02:00,463.0023051981844,387.5218722383572,75.48043295982717,0.16302388154961428,frozen_towt,0.1,2024-07-01,recovery_10
2024-10-01 00:00:00+02:00,266.5787061521109,337.37348437539737,-70.79477822328647,-0.26556801645998945,frozen_towt,0.1,2024-07-01,recovery_10
2024-11-01 00:00:00+01:00,212.64934586714293,277.31999916783116,-64.67065330068823,-0.30411875022222057,frozen_towt,0.1,2024-07-01,recovery_10
2024-12-01 00:00:00+01:00,220.9472816323743,209.10567567068713,11.84160596168718,0.05359471216029701,frozen_towt,0.1,2024-07-01,recovery_10
total,2634.7691205738197,2378.7824976235547,255.98662295026497,0.09715713644560792,frozen_towt,0.1,2024-07-01,recovery_10
2024-07-01 00:00:00+02:00,765.7903510009289,647.5031673971981,118.2871836037308,0.15446418650890956,frozen_towt,0.15,2024-07-01,recovery_15
2024-08-01 00:00:00+02:00,705.8011307230786,455.09932843123477,250.70180229184382,0.35520175780252017,frozen_towt,0.15,2024-07-01,recovery_15
2024-09-01 00:00:00+02:00,463.0023051981844,365.9928793362262,97.00942586195816,0.209522554796858,frozen_towt,0.15,2024-07-01,recovery_15
2024-10-01 00:00:00+02:00,266.5787061521109,318.6305130212086,-52.05180686909773,-0.19525868221221224,frozen_towt,0.15,2024-07-01,recovery_15
2024-11-01 00:00:00+01:00,212.64934586714293,261.91333254739607,-49.26398668025314,-0.2316677085432082,frozen_towt,0.15,2024-07-01,recovery_15
2024-12-01 00:00:00+01:00,220.9472816323743,197.4886936889823,23.45858794339202,0.10617278370694716,frozen_towt,0.15,2024-07-01,recovery_15
total,2634.7691205738197,2246.6279144222462,388.14120615157344,0.14731507330974075,frozen_towt,0.15,2024-07-01,recovery_15
2024-07-01 00:00:00+02:00,765.7903510009289,647.5031673971981,118.2871836037308,0.15446418650890956,frozen_towt,0.15,2024-07-01,trap_frozen_towt
2024-08-01 00:00:00+02:00,705.8011307230786,455.09932843123477,250.70180229184382,0.35520175780252017,frozen_towt,0.15,2024-07-01,trap_frozen_towt
2024-09-01 00:00:00+02:00,463.0023051981844,365.9928793362262,97.00942586195816,0.209522554796858,frozen_towt,0.15,2024-07-01,trap_frozen_towt
2024-10-01 00:00:00+02:00,266.5787061521109,318.6305130212086,-52.05180686909773,-0.19525868221221224,frozen_towt,0.15,2024-07-01,trap_frozen_towt
2024-11-01 00:00:00+01:00,212.64934586714293,261.91333254739607,-49.26398668025314,-0.2316677085432082,frozen_towt,0.15,2024-07-01,trap_frozen_towt
2024-12-01 00:00:00+01:00,220.9472816323743,197.4886936889823,23.45858794339202,0.10617278370694716,frozen_towt,0.15,2024-07-01,trap_frozen_towt
total,2634.7691205738197,2246.6279144222462,388.14120615157344,0.14731507330974075,frozen_towt,0.15,2024-07-01,trap_frozen_towt
2024-07-01 00:00:00+02:00,765.7903510009289,761.7684322319978,4.021918768931073,0.005251984128128815,frozen_towt,0.0,2024-07-01,trap_frozen_towt_placebo
2024-08-01 00:00:00+02:00,705.8011307230786,535.4109746249821,170.39015609809644,0.24141383270884714,frozen_towt,0.0,2024-07-01,trap_frozen_towt_placebo
2024-09-01 00:00:00+02:00,463.0023051981844,430.57985804261915,32.42244715556524,0.07002653505512693,frozen_towt,0.0,2024-07-01,trap_frozen_towt_placebo
2024-10-01 00:00:00+02:00,266.5787061521109,374.8594270837749,-108.280720931664,-0.406186684955544,frozen_towt,0.0,2024-07-01,trap_frozen_towt_placebo
2024-11-01 00:00:00+01:00,212.64934586714293,308.1333324087013,-95.48398654155835,-0.449020833580245,frozen_towt,0.0,2024-07-01,trap_frozen_towt_placebo
2024-12-01 00:00:00+01:00,220.9472816323743,232.3396396340968,-11.3923580017225,-0.05156143093300331,frozen_towt,0.0,2024-07-01,trap_frozen_towt_placebo
total,2634.7691205738197,2643.091664026172,-8.32254345235242,-0.0031587372826579487,frozen_towt,0.0,2024-07-01,trap_frozen_towt_placebo
2024-07-01 00:00:00+02:00,667.9930566669747,647.5031673971981,20.48988926977654,0.030673805760816006,lag_lgbm,0.15,2024-07-01,trap_lag_lgbm
2024-08-01 00:00:00+02:00,473.1444261343308,455.09932843123477,18.04509770309602,0.03813866698278048,lag_lgbm,0.15,2024-07-01,trap_lag_lgbm
2024-09-01 00:00:00+02:00,371.9463619825294,365.9928793362262,5.9534826463032005,0.01600629352729854,lag_lgbm,0.15,2024-07-01,trap_lag_lgbm
2024-10-01 00:00:00+02:00,316.49702288536895,318.6305130212086,-2.133490135839679,-0.006740948513163112,lag_lgbm,0.15,2024-07-01,trap_lag_lgbm
2024-11-01 00:00:00+01:00,263.6715862500728,261.91333254739607,1.7582537026767113,0.006668347271249543,lag_lgbm,0.15,2024-07-01,trap_lag_lgbm
2024-12-01 00:00:00+01:00,203.39077508017988,197.4886936889823,5.902081391197584,0.02901843207427126,lag_lgbm,0.15,2024-07-01,trap_lag_lgbm
total,2296.6432289994564,2246.6279144222462,50.01531457721012,0.021777572565765704,lag_lgbm,0.15,2024-07-01,trap_lag_lgbm
2024-07-01 00:00:00+02:00,763.5986624877113,761.7684322319978,1.8302302557134453,0.0023968484304972173,lag_lgbm,0.0,2024-07-01,trap_lag_lgbm_placebo
2024-08-01 00:00:00+02:00,550.4013860900676,535.4109746249821,14.990411465085458,0.02723541735890983,lag_lgbm,0.0,2024-07-01,trap_lag_lgbm_placebo
2024-09-01 00:00:00+02:00,434.86312762224395,430.57985804261915,4.2832695796248,0.009849695933166315,lag_lgbm,0.0,2024-07-01,trap_lag_lgbm_placebo
2024-10-01 00:00:00+02:00,367.0134263757569,374.8594270837749,-7.846000708017982,-0.021377966428904056,lag_lgbm,0.0,2024-07-01,trap_lag_lgbm_placebo
2024-11-01 00:00:00+01:00,304.51343143536246,308.1333324087013,-3.619900973338815,-0.01188749197786106,lag_lgbm,0.0,2024-07-01,trap_lag_lgbm_placebo
2024-12-01 00:00:00+01:00,234.11286955827032,232.3396396340968,1.7732299241735063,0.007574252229359617,lag_lgbm,0.0,2024-07-01,trap_lag_lgbm_placebo
total,2654.5029035694124,2643.091664026172,11.411239543240299,0.0042988235303476315,lag_lgbm,0.0,2024-07-01,trap_lag_lgbm_placebo
2024-07-01 00:00:00+02:00,765.7903510009289,647.5031673971981,118.2871836037308,0.15446418650890956,rolling_towt,0.15,2024-07-01,trap_rolling_towt
2024-08-01 00:00:00+02:00,645.4982801256141,455.09932843123477,190.39895169437932,0.29496430518347416,rolling_towt,0.15,2024-07-01,trap_rolling_towt
2024-09-01 00:00:00+02:00,417.25373897556125,365.9928793362262,51.260859639335024,0.122852966555052,rolling_towt,0.15,2024-07-01,trap_rolling_towt
2024-10-01 00:00:00+02:00,272.17937342841736,318.6305130212086,-46.451139592791264,-0.17066370242419499,rolling_towt,0.15,2024-07-01,trap_rolling_towt
2024-11-01 00:00:00+01:00,302.00358157898773,261.91333254739607,40.09024903159167,0.13274759465429134,rolling_towt,0.15,2024-07-01,trap_rolling_towt
2024-12-01 00:00:00+01:00,260.2674227308712,197.4886936889823,62.77872904188891,0.2412085553511823,rolling_towt,0.15,2024-07-01,trap_rolling_towt
total,2662.9927478403806,2246.6279144222462,416.36483341813437,0.15635222204634078,rolling_towt,0.15,2024-07-01,trap_rolling_towt
2024-07-01 00:00:00+02:00,765.7903510009289,761.7684322319978,4.021918768931073,0.005251984128128815,rolling_towt,0.0,2024-07-01,trap_rolling_towt_placebo
2024-08-01 00:00:00+02:00,702.4419973104821,535.4109746249821,167.03102268549992,0.23778621341695144,rolling_towt,0.0,2024-07-01,trap_rolling_towt_placebo
2024-09-01 00:00:00+02:00,441.6793670846412,430.57985804261915,11.099509042022078,0.025130241231972748,rolling_towt,0.0,2024-07-01,trap_rolling_towt_placebo
2024-10-01 00:00:00+02:00,281.5003283097262,374.8594270837749,-93.35909877404868,-0.3316482766987345,rolling_towt,0.0,2024-07-01,trap_rolling_towt_placebo
2024-11-01 00:00:00+01:00,351.5556476885199,308.1333324087013,43.42231527981863,0.12351477089138112,rolling_towt,0.0,2024-07-01,trap_rolling_towt_placebo
2024-12-01 00:00:00+01:00,307.15873445246956,232.3396396340968,74.81909481837275,0.2435844611475648,rolling_towt,0.0,2024-07-01,trap_rolling_towt_placebo
total,2850.1264258467677,2643.091664026172,207.03476182059558,0.07264055374634334,rolling_towt,0.0,2024-07-01,trap_rolling_towt_placebo
